init_type,alpha,task,layer,layer_dim,seed,gain_g,srank,erank,entropy,nu_1,gamma,k_5,k_6,k_7,k_8,k_9,k_10,k_11,k_12,k_13,k_14,k_15,k_16,k_17,k_18,k_19,k_20,k_21,k_22,k_23,k_24,k_25,k_26,k_27,k_28,k_29,k_30,k_31,k_32,k_33,k_34,k_35,k_36,k_37,k_38,k_39,k_40,k_41,k_42,k_43,k_44,k_45,k_46,k_47,k_48,k_49,k_50,k_51,k_52,k_53,k_54,k_55,k_56,k_57,k_58,k_59,k_60,k_61,k_62,k_63,k_64,k_65,k_66,k_67,k_68,k_69,k_70,k_71,k_72,k_73,k_74,k_75,k_76,k_77,k_78,k_79,k_80,k_81,k_82,k_83,k_84,k_85,k_85_2,k_85_4,k_85_6,k_85_8,k_86,k_86_2,k_86_4,k_86_6,k_86_8,k_87,k_87_2,k_87_4,k_87_6,k_87_8,k_88,k_88_2,k_88_4,k_88_6,k_88_8,k_89,k_89_2,k_89_4,k_89_6,k_89_8,k_90,k_90_2,k_90_4,k_90_6,k_90_8,k_91,k_91_2,k_91_4,k_91_6,k_91_8,k_92,k_92_2,k_92_4,k_92_6,k_92_8,k_93,k_93_2,k_93_4,k_93_6,k_93_8,k_94,k_94_2,k_94_4,k_94_6,k_94_8,k_95,k_95_2,k_95_4,k_95_6,k_95_8,k_96,k_96_2,k_96_4,k_96_6,k_96_8,k_97,k_97_2,k_97_4,k_97_6,k_97_8,k_98,k_98_02,k_98_04,k_98_06,k_98_08,k_98_1,k_98_12,k_98_14,k_98_16,k_98_18,k_98_2,k_98_22,k_98_24,k_98_26,k_98_28,k_98_3,k_98_32,k_98_34,k_98_36,k_98_38,k_98_4,k_98_42,k_98_44,k_98_46,k_98_48,k_98_5,k_98_52,k_98_54,k_98_56,k_98_58,k_98_6,k_98_62,k_98_64,k_98_66,k_98_68,k_98_7,k_98_72,k_98_74,k_98_76,k_98_78,k_98_8,k_98_82,k_98_84,k_98_86,k_98_88,k_98_9,k_98_92,k_98_94,k_98_96,k_98_98,k_99,k_99_02,k_99_04,k_99_06,k_99_08,k_99_1,k_99_12,k_99_14,k_99_16,k_99_18,k_99_2,k_99_22,k_99_24,k_99_26,k_99_28,k_99_3,k_99_32,k_99_34,k_99_36,k_99_38,k_99_4,k_99_42,k_99_44,k_99_46,k_99_48,k_99_5,k_99_52,k_99_54,k_99_56,k_99_58,k_99_6,k_99_62,k_99_64,k_99_66,k_99_68,k_99_7,k_99_72,k_99_74,k_99_76,k_99_78,k_99_8,k_99_82,k_99_84,k_99_86,k_99_88,k_99_9
Gaussian,2.0,0,0,784,0,1.0,2.308365691592414,246.07513167869237,3.065542001700235,0.4332069236872756,,1,1,1,1,1,1,1,1,1,1,1,1,1,1,1,1,1,1,1,1,1,1,1,1,1,1,1,1,1,1,1,1,1,1,1,1,1,1,1,2,2,2,2,2,3,3,3,3,4,4,4,4,5,5,5,6,6,6,7,7,8,8,9,9,10,11,12,12,13,14,15,16,17,19,20,22,23,25,27,29,32,32,33,33,34,34,35,35,36,37,37,38,39,39,40,41,42,42,43,44,45,46,46,47,48,49,50,51,53,54,55,56,57,59,60,61,63,64,66,67,69,71,73,75,77,79,81,84,86,89,92,95,98,101,105,109,113,117,122,127,133,139,146,153,161,170,171,172,173,174,175,176,177,178,179,180,181,182,183,184,185,187,188,189,190,191,192,194,195,196,197,199,200,201,202,204,205,207,208,209,211,212,214,215,217,218,220,221,223,225,226,228,230,232,233,235,237,239,241,243,245,247,249,251,253,255,257,260,262,264,267,269,272,274,277,280,283,286,289,292,295,298,302,305,309,313,316,321,325,329,334,339,344,350,356,362,369,376,384,393,404
Gaussian,2.0,1,0,784,0,1.0,2.3060101127744597,246.28302373139704,3.0719040079938282,0.43364944258499244,,1,1,1,1,1,1,1,1,1,1,1,1,1,1,1,1,1,1,1,1,1,1,1,1,1,1,1,1,1,1,1,1,1,1,1,1,1,1,1,2,2,2,2,2,3,3,3,3,4,4,4,4,5,5,5,6,6,6,7,7,8,8,9,10,10,11,12,13,13,14,15,16,18,19,20,22,23,25,27,30,32,33,33,34,34,35,35,36,37,37,38,39,39,40,41,41,42,43,44,45,45,46,47,48,49,50,51,52,53,54,56,57,58,59,61,62,64,65,67,68,70,72,74,75,78,80,82,84,87,90,92,95,98,102,105,109,113,118,123,128,133,139,146,153,161,170,171,172,173,174,175,176,177,178,179,180,181,182,183,184,186,187,188,189,190,191,192,194,195,196,197,198,200,201,202,204,205,206,208,209,211,212,214,215,217,218,220,221,223,224,226,228,230,231,233,235,237,239,241,242,244,246,249,251,253,255,257,259,262,264,267,269,272,274,277,280,283,286,289,292,295,298,302,306,309,313,317,321,325,330,335,340,345,350,356,363,370,377,385,394,404
Gaussian,2.0,2,0,784,0,1.0,2.313630666087643,243.46533546511222,3.072091741906424,0.43222110367814376,,1,1,1,1,1,1,1,1,1,1,1,1,1,1,1,1,1,1,1,1,1,1,1,1,1,1,1,1,1,1,1,1,1,1,1,1,1,1,1,2,2,2,2,2,3,3,3,3,4,4,4,4,5,5,5,6,6,6,7,7,8,8,9,10,10,11,12,12,13,14,15,17,18,19,20,22,24,25,27,30,32,33,33,34,34,35,35,36,36,37,38,38,39,40,41,41,42,43,44,44,45,46,47,48,49,50,51,52,53,54,55,56,58,59,60,62,63,65,66,68,70,71,73,75,77,79,82,84,86,89,92,95,98,101,105,109,113,117,122,127,132,139,145,152,160,169,170,171,172,173,174,175,176,177,178,179,180,181,182,183,184,185,186,188,189,190,191,192,193,195,196,197,198,200,201,202,204,205,206,208,209,210,212,213,215,216,218,220,221,223,225,226,228,230,231,233,235,237,239,241,243,245,247,249,251,253,255,258,260,262,265,267,270,272,275,278,281,283,286,289,292,296,299,303,306,310,314,318,322,326,331,336,341,346,352,358,365,372,380,389,399
Gaussian,2.0,3,0,784,0,1.0,2.285960951517686,242.2335182466862,3.0482475623736636,0.43745279171811047,,1,1,1,1,1,1,1,1,1,1,1,1,1,1,1,1,1,1,1,1,1,1,1,1,1,1,1,1,1,1,1,1,1,1,1,1,1,1,1,2,2,2,2,2,3,3,3,3,4,4,4,4,5,5,5,5,6,6,7,7,8,8,9,9,10,11,11,12,13,14,15,16,17,19,20,22,23,25,27,29,32,32,33,33,34,34,35,35,36,37,37,38,39,39,40,41,42,42,43,44,45,46,46,47,48,49,50,51,52,53,54,56,57,58,59,61,62,64,65,67,69,70,72,74,76,78,80,83,85,88,91,94,97,100,104,108,112,116,121,126,131,137,144,151,159,167,168,169,170,171,172,173,174,175,176,177,178,179,180,181,183,184,185,186,187,188,189,191,192,193,194,195,197,198,199,201,202,203,205,206,208,209,211,212,214,215,217,218,220,221,223,225,226,228,230,232,234,235,237,239,241,243,245,247,249,252,254,256,258,261,263,266,268,271,273,276,279,282,285,288,291,294,297,301,304,308,312,316,320,325,329,334,339,345,350,356,363,370,378,387,397
Gaussian,2.0,4,0,784,0,1.0,2.3249554272843347,245.70793199016043,3.093236852344325,0.43011577265722056,,1,1,1,1,1,1,1,1,1,1,1,1,1,1,1,1,1,1,1,1,1,1,1,1,1,1,1,1,1,1,1,1,1,1,1,1,1,1,1,2,2,2,2,2,3,3,3,3,4,4,4,5,5,5,5,6,6,7,7,8,8,9,9,10,11,11,12,13,14,15,16,17,18,20,21,23,24,26,28,30,33,33,34,35,35,36,36,37,38,38,39,39,40,41,42,42,43,44,45,45,46,47,48,49,50,51,52,53,54,55,56,58,59,60,61,63,64,66,67,69,71,72,74,76,78,80,83,85,88,90,93,96,99,102,106,110,114,118,123,128,134,140,146,153,161,170,171,172,173,174,175,176,177,178,179,180,181,182,183,184,185,186,187,188,190,191,192,193,194,196,197,198,199,201,202,203,205,206,207,209,210,212,213,214,216,218,219,221,222,224,225,227,229,231,232,234,236,238,240,242,244,246,248,250,252,254,256,258,261,263,266,268,271,273,276,279,282,284,287,291,294,297,300,304,308,311,315,320,324,328,333,338,343,349,355,361,368,375,383,392,402
Gaussian,2.0,5,0,784,0,1.0,2.277767830765879,244.24512767675589,3.049611744362897,0.4390263074633725,,1,1,1,1,1,1,1,1,1,1,1,1,1,1,1,1,1,1,1,1,1,1,1,1,1,1,1,1,1,1,1,1,1,1,1,1,1,1,1,2,2,2,2,2,3,3,3,3,4,4,4,4,5,5,5,6,6,6,7,7,8,8,9,9,10,11,11,12,13,14,15,16,18,19,20,22,23,25,27,29,32,32,33,33,34,34,35,35,36,37,37,38,39,39,40,41,42,42,43,44,45,46,47,48,49,50,51,52,53,54,55,56,57,59,60,61,63,64,66,67,69,71,73,75,77,79,81,83,86,89,91,94,97,101,104,108,112,117,121,127,132,138,145,152,160,169,170,171,172,173,174,175,176,177,178,179,180,181,182,183,184,185,186,188,189,190,191,192,194,195,196,197,199,200,201,202,204,205,207,208,209,211,212,214,215,217,218,220,221,223,225,226,228,230,232,233,235,237,239,241,243,245,247,249,251,253,256,258,260,263,265,268,270,273,275,278,281,284,287,290,293,296,300,303,307,311,315,319,323,328,332,337,342,348,354,360,367,374,382,391,401
Gaussian,2.0,6,0,784,0,1.0,2.287301837380897,243.54762759506932,3.0404666031421006,0.43719634359453946,,1,1,1,1,1,1,1,1,1,1,1,1,1,1,1,1,1,1,1,1,1,1,1,1,1,1,1,1,1,1,1,1,1,1,1,1,1,1,1,2,2,2,2,2,2,3,3,3,3,4,4,4,4,5,5,5,6,6,7,7,7,8,9,9,10,10,11,12,13,14,15,16,17,18,20,21,23,25,26,29,31,31,32,33,33,34,34,35,35,36,37,37,38,39,39,40,41,42,42,43,44,45,46,47,48,49,50,51,52,53,54,55,57,58,59,60,62,63,65,66,68,70,72,74,76,78,80,82,85,87,90,93,96,100,103,107,111,115,120,125,131,137,143,151,159,167,168,169,170,171,172,173,174,175,176,177,178,179,181,182,183,184,185,186,187,188,190,191,192,193,195,196,197,198,200,201,202,204,205,207,208,209,211,212,214,215,217,219,220,222,223,225,227,229,230,232,234,236,238,240,242,244,246,248,250,252,254,257,259,261,264,266,269,272,274,277,280,283,286,289,292,295,299,302,306,309,313,317,322,326,331,336,341,346,352,359,365,373,381,390,400
Gaussian,2.0,7,0,784,0,1.0,2.300987457408147,245.71005363709182,3.0528290770423165,0.4345960238855057,,1,1,1,1,1,1,1,1,1,1,1,1,1,1,1,1,1,1,1,1,1,1,1,1,1,1,1,1,1,1,1,1,1,1,1,1,1,1,1,2,2,2,2,2,3,3,3,3,4,4,4,4,5,5,5,6,6,6,7,7,8,8,9,9,10,10,11,12,13,14,15,16,17,18,20,21,23,25,27,29,31,32,32,33,33,34,34,35,36,36,37,38,38,39,40,40,41,42,43,43,44,45,46,47,48,49,50,51,52,53,55,56,57,58,60,61,62,64,65,67,69,71,72,74,76,79,81,83,86,89,91,94,98,101,105,108,113,117,122,127,132,139,145,153,161,169,170,171,172,173,174,175,176,177,178,179,180,181,182,184,185,186,187,188,189,190,192,193,194,195,196,198,199,200,202,203,204,206,207,208,210,211,213,214,216,217,219,220,222,224,225,227,229,231,232,234,236,238,240,242,244,246,248,250,252,254,257,259,261,264,266,269,271,274,277,279,282,285,288,291,295,298,301,305,309,313,317,321,325,330,334,339,345,350,356,362,369,377,385,394,404
Gaussian,2.0,8,0,784,0,1.0,2.3234718876186524,245.67203973222823,3.083761835222784,0.43039040210850543,,1,1,1,1,1,1,1,1,1,1,1,1,1,1,1,1,1,1,1,1,1,1,1,1,1,1,1,1,1,1,1,1,1,1,1,1,1,1,1,2,2,2,2,3,3,3,3,3,4,4,4,5,5,5,5,6,6,7,7,7,8,9,9,10,10,11,12,13,14,15,16,17,18,19,21,22,24,26,27,30,32,33,33,34,34,35,35,36,37,37,38,38,39,40,41,41,42,43,44,44,45,46,47,48,49,50,51,52,53,54,55,57,58,59,60,62,63,65,66,68,69,71,73,75,77,79,81,84,86,89,92,95,98,101,105,109,113,117,122,127,133,139,145,153,161,170,171,172,173,173,174,175,176,177,179,180,181,182,183,184,185,186,187,188,190,191,192,193,194,196,197,198,200,201,202,204,205,206,208,209,211,212,214,215,217,218,220,221,223,225,226,228,230,231,233,235,237,239,241,243,245,247,249,251,253,255,257,260,262,264,267,269,272,275,277,280,283,286,289,292,295,299,302,306,309,313,317,321,326,330,335,340,345,350,356,363,370,377,385,394,404
Gaussian,2.0,9,0,784,0,1.0,2.3514896466792523,245.85251030987604,3.105284505395328,0.42526234440886823,,1,1,1,1,1,1,1,1,1,1,1,1,1,1,1,1,1,1,1,1,1,1,1,1,1,1,1,1,1,1,1,1,1,1,1,1,1,1,2,2,2,2,2,3,3,3,3,3,4,4,4,5,5,5,6,6,6,7,7,8,8,9,9,10,11,11,12,13,14,15,16,17,18,20,21,23,24,26,28,30,33,33,34,34,35,35,36,37,37,38,39,39,40,41,41,42,43,44,44,45,46,47,48,49,50,51,52,53,54,55,56,57,59,60,61,63,64,66,67,69,70,72,74,76,78,80,83,85,88,90,93,96,99,103,106,110,114,119,123,129,134,140,147,154,162,171,172,173,174,175,176,177,178,179,180,181,182,183,184,185,186,187,188,189,190,192,193,194,195,196,198,199,200,201,203,204,205,207,208,209,211,212,214,215,217,218,220,221,223,225,226,228,230,231,233,235,237,239,241,242,244,246,249,251,253,255,257,259,262,264,266,269,272,274,277,280,282,285,288,291,295,298,301,305,309,312,316,320,325,329,334,339,344,350,355,362,368,376,384,392,403
Gaussian,2.0,10,0,784,0,1.0,2.3022805145641434,244.00917132425062,3.0585918474729503,0.43435193655770277,,1,1,1,1,1,1,1,1,1,1,1,1,1,1,1,1,1,1,1,1,1,1,1,1,1,1,1,1,1,1,1,1,1,1,1,1,1,1,1,2,2,2,2,2,3,3,3,3,4,4,4,4,5,5,5,6,6,6,7,7,8,8,9,9,10,11,11,12,13,14,15,16,17,19,20,21,23,25,27,29,32,32,33,33,34,34,35,36,36,37,37,38,39,39,40,41,42,42,43,44,45,46,47,47,48,49,50,51,53,54,55,56,57,58,60,61,63,64,66,67,69,71,72,74,76,79,81,83,86,88,91,94,97,101,104,108,112,117,121,126,132,138,144,152,160,169,169,170,171,172,173,174,175,176,177,178,180,181,182,183,184,185,186,187,188,190,191,192,193,194,196,197,198,200,201,202,204,205,206,208,209,211,212,214,215,217,218,220,221,223,225,226,228,230,231,233,235,237,239,241,243,245,247,249,251,253,255,258,260,262,265,267,270,273,275,278,281,284,287,290,293,296,300,303,307,311,314,319,323,327,332,337,342,347,353,359,366,373,381,390,400
Gaussian,2.0,11,0,784,0,1.0,2.3156055344943978,245.90590032064642,3.076187142206603,0.43185248312094127,,1,1,1,1,1,1,1,1,1,1,1,1,1,1,1,1,1,1,1,1,1,1,1,1,1,1,1,1,1,1,1,1,1,1,1,1,1,1,1,2,2,2,2,2,3,3,3,3,4,4,4,4,5,5,5,6,6,6,7,7,8,8,9,10,10,11,12,13,14,15,16,17,18,19,21,22,24,26,28,30,32,33,33,34,34,35,36,36,37,37,38,39,39,40,41,42,42,43,44,45,45,46,47,48,49,50,51,52,53,54,55,57,58,59,60,62,63,65,66,68,70,71,73,75,77,79,82,84,87,89,92,95,98,102,105,109,113,118,122,127,133,139,146,153,161,170,171,172,173,174,175,176,177,178,179,180,181,182,183,184,185,186,187,189,190,191,192,193,194,196,197,198,199,201,202,203,205,206,207,209,210,212,213,215,216,218,219,221,223,224,226,227,229,231,233,234,236,238,240,242,244,246,248,250,252,254,257,259,261,264,266,269,271,274,276,279,282,285,288,291,294,298,301,304,308,312,316,320,324,329,333,338,344,349,355,361,368,375,383,392,402
Gaussian,2.0,12,0,784,0,1.0,2.2956913684306817,244.47246759904425,3.0517231920279038,0.43559862346984074,,1,1,1,1,1,1,1,1,1,1,1,1,1,1,1,1,1,1,1,1,1,1,1,1,1,1,1,1,1,1,1,1,1,1,1,1,1,1,1,2,2,2,2,2,3,3,3,3,3,4,4,4,5,5,5,5,6,6,7,7,8,8,9,9,10,11,11,12,13,14,15,16,17,19,20,21,23,25,27,29,31,32,32,33,33,34,35,35,36,36,37,38,38,39,40,40,41,42,43,44,44,45,46,47,48,49,50,51,52,53,54,56,57,58,59,61,62,64,65,67,69,70,72,74,76,78,81,83,86,88,91,94,97,100,104,108,112,116,121,126,132,138,145,152,160,169,169,170,171,172,173,174,175,176,177,178,179,180,182,183,184,185,186,187,188,189,191,192,193,194,195,197,198,199,201,202,203,205,206,207,209,210,212,213,215,216,218,219,221,223,224,226,228,229,231,233,235,237,239,241,243,245,247,249,251,253,255,258,260,262,265,267,270,272,275,278,281,284,287,290,293,296,299,303,307,310,314,318,323,327,332,337,342,348,354,360,367,374,382,391,401
Gaussian,2.0,13,0,784,0,1.0,2.293249225728982,245.76554834376677,3.063314511989443,0.4360625041450164,,1,1,1,1,1,1,1,1,1,1,1,1,1,1,1,1,1,1,1,1,1,1,1,1,1,1,1,1,1,1,1,1,1,1,1,1,1,1,1,2,2,2,2,2,3,3,3,3,4,4,4,4,5,5,5,6,6,6,7,7,8,8,9,9,10,11,12,13,13,14,15,16,18,19,20,22,24,25,27,30,32,32,33,33,34,35,35,36,36,37,38,38,39,40,41,41,42,43,44,44,45,46,47,48,49,50,51,52,53,54,55,56,58,59,60,62,63,65,66,68,69,71,73,75,77,79,81,84,86,89,92,95,98,102,105,109,113,118,123,128,133,140,146,153,162,170,171,172,173,174,175,176,177,178,179,180,181,182,183,185,186,187,188,189,190,191,192,194,195,196,197,199,200,201,202,204,205,206,208,209,211,212,213,215,216,218,220,221,223,224,226,228,229,231,233,235,236,238,240,242,244,246,248,250,252,255,257,259,261,264,266,269,271,274,277,279,282,285,288,291,294,298,301,304,308,312,316,320,324,329,333,338,344,349,355,361,368,375,383,392,402
Gaussian,2.0,14,0,784,0,1.0,2.303391396825884,243.9933461221051,3.062849857678313,0.43414245680435315,,1,1,1,1,1,1,1,1,1,1,1,1,1,1,1,1,1,1,1,1,1,1,1,1,1,1,1,1,1,1,1,1,1,1,1,1,1,1,1,2,2,2,2,2,3,3,3,3,4,4,4,4,5,5,5,6,6,6,7,7,8,8,9,9,10,11,12,12,13,14,15,16,18,19,20,22,23,25,27,29,32,32,33,33,34,34,35,36,36,37,38,38,39,40,40,41,42,43,43,44,45,46,47,48,48,49,50,51,52,54,55,56,57,58,60,61,62,64,66,67,69,71,72,74,76,78,81,83,86,88,91,94,97,100,104,108,112,116,121,126,132,138,145,152,160,169,170,171,172,173,174,175,176,177,178,179,180,181,182,183,184,185,186,187,189,190,191,192,193,195,196,197,198,200,201,202,204,205,206,208,209,211,212,214,215,217,218,220,221,223,225,226,228,230,232,233,235,237,239,241,243,245,247,249,251,253,255,258,260,262,265,267,270,272,275,278,281,284,287,290,293,296,299,303,307,310,314,318,323,327,332,336,342,347,353,359,366,373,381,390,400
Gaussian,2.0,15,0,784,0,1.0,2.297263345832221,243.78973317861184,3.0516056912498772,0.43530055089863184,,1,1,1,1,1,1,1,1,1,1,1,1,1,1,1,1,1,1,1,1,1,1,1,1,1,1,1,1,1,1,1,1,1,1,1,1,1,1,1,2,2,2,2,2,3,3,3,3,3,4,4,4,5,5,5,5,6,6,7,7,8,8,9,9,10,11,11,12,13,14,15,16,17,19,20,21,23,25,27,29,31,32,32,33,33,34,35,35,36,36,37,38,38,39,40,40,41,42,43,43,44,45,46,47,48,49,50,51,52,53,54,56,57,58,59,61,62,63,65,67,68,70,72,74,76,78,81,83,85,88,91,94,97,100,104,108,112,116,121,126,131,137,144,151,159,168,169,170,171,172,173,174,175,176,177,178,179,180,181,182,183,184,185,186,188,189,190,191,192,194,195,196,197,199,200,201,203,204,205,207,208,210,211,213,214,216,217,219,220,222,224,225,227,229,231,232,234,236,238,240,242,244,246,248,250,253,255,257,259,262,264,267,269,272,275,278,280,283,286,289,293,296,299,303,307,310,314,318,323,327,332,337,342,348,353,360,367,374,382,391,401
Gaussian,2.0,16,0,784,0,1.0,2.32266877654443,244.4872220942176,3.081243609934866,0.4305392185483108,,1,1,1,1,1,1,1,1,1,1,1,1,1,1,1,1,1,1,1,1,1,1,1,1,1,1,1,1,1,1,1,1,1,1,1,1,1,1,1,2,2,2,2,2,3,3,3,3,4,4,4,4,5,5,5,6,6,6,7,7,8,8,9,10,10,11,12,13,14,15,16,17,18,19,21,22,24,26,28,30,32,33,33,34,34,35,35,36,37,37,38,39,39,40,41,41,42,43,44,44,45,46,47,48,49,50,51,52,53,54,55,57,58,59,61,62,63,65,66,68,70,71,73,75,77,79,82,84,87,89,92,95,98,101,105,109,113,117,122,127,133,139,145,153,161,169,170,171,172,173,174,175,176,177,178,179,180,181,182,184,185,186,187,188,189,190,192,193,194,195,196,198,199,200,202,203,204,206,207,208,210,211,213,214,216,217,219,220,222,224,225,227,229,230,232,234,236,238,239,241,243,245,247,250,252,254,256,258,261,263,266,268,271,273,276,279,282,285,287,291,294,297,300,304,308,311,315,319,324,328,333,337,343,348,354,360,367,374,382,391,401
Gaussian,2.0,17,0,784,0,1.0,2.2839172509948313,245.07773597350553,3.0435961789619013,0.43784423431471464,,1,1,1,1,1,1,1,1,1,1,1,1,1,1,1,1,1,1,1,1,1,1,1,1,1,1,1,1,1,1,1,1,1,1,1,1,1,1,1,2,2,2,2,2,3,3,3,3,3,4,4,4,5,5,5,5,6,6,7,7,7,8,9,9,10,10,11,12,13,14,15,16,17,18,20,21,23,25,27,29,31,32,32,33,33,34,34,35,36,36,37,38,38,39,40,40,41,42,43,43,44,45,46,47,48,49,50,51,52,53,54,55,57,58,59,61,62,64,65,67,69,70,72,74,76,78,81,83,86,88,91,94,97,100,104,108,112,116,121,126,132,138,144,152,160,169,170,171,172,173,174,175,176,177,178,179,180,181,182,183,184,185,186,187,189,190,191,192,193,195,196,197,198,200,201,202,204,205,206,208,209,211,212,214,215,217,218,220,222,223,225,227,228,230,232,234,236,237,239,241,243,245,247,250,252,254,256,259,261,263,266,268,271,273,276,279,282,285,288,291,294,297,301,304,308,312,316,320,324,328,333,338,343,349,355,361,368,375,383,392,403
Gaussian,2.0,18,0,784,0,1.0,2.309100020920409,246.80975160679657,3.084334013263767,0.43306915722143524,,1,1,1,1,1,1,1,1,1,1,1,1,1,1,1,1,1,1,1,1,1,1,1,1,1,1,1,1,1,1,1,1,1,1,1,1,1,1,1,2,2,2,2,3,3,3,3,3,4,4,4,5,5,5,5,6,6,7,7,7,8,9,9,10,11,11,12,13,14,15,16,17,18,20,21,22,24,26,28,30,33,33,34,34,35,35,36,37,37,38,39,39,40,41,41,42,43,44,44,45,46,47,48,49,50,51,52,53,54,55,56,58,59,60,61,63,64,66,67,69,71,72,74,76,78,80,83,85,87,90,93,96,99,102,106,110,114,118,123,128,134,140,147,154,162,171,172,173,174,175,176,177,178,179,180,181,182,183,184,185,186,187,188,189,191,192,193,194,195,197,198,199,200,202,203,204,206,207,208,210,211,213,214,216,217,219,220,222,223,225,227,228,230,232,234,235,237,239,241,243,245,247,249,251,253,255,257,260,262,264,267,269,272,275,277,280,283,286,289,292,295,298,302,305,309,312,316,320,325,329,334,339,344,349,355,362,368,376,384,393,403
Gaussian,2.0,19,0,784,0,1.0,2.3117990992266675,242.2098678122499,3.06054431887164,0.4325635390785105,,1,1,1,1,1,1,1,1,1,1,1,1,1,1,1,1,1,1,1,1,1,1,1,1,1,1,1,1,1,1,1,1,1,1,1,1,1,1,1,2,2,2,2,2,3,3,3,3,4,4,4,4,5,5,5,6,6,6,7,7,8,8,9,9,10,11,11,12,13,14,15,16,17,19,20,22,23,25,27,29,31,32,33,33,34,34,35,35,36,37,37,38,38,39,40,41,41,42,43,44,44,45,46,47,48,49,50,51,52,53,54,55,56,58,59,60,62,63,65,66,68,70,72,73,75,78,80,82,85,87,90,93,96,99,103,107,111,115,120,125,130,136,143,150,158,167,168,169,170,171,172,173,174,175,176,177,178,179,180,181,182,183,184,185,187,188,189,190,191,193,194,195,196,198,199,200,202,203,204,206,207,209,210,211,213,215,216,218,219,221,223,224,226,228,230,231,233,235,237,239,241,243,245,247,249,251,253,256,258,260,263,265,268,270,273,276,279,282,285,288,291,294,297,301,304,308,312,316,320,325,329,334,339,345,351,357,364,371,379,388,398
Gaussian,2.0,20,0,784,0,1.0,2.2996954327484733,244.58965963352028,3.064725490515632,0.4348401904702891,,1,1,1,1,1,1,1,1,1,1,1,1,1,1,1,1,1,1,1,1,1,1,1,1,1,1,1,1,1,1,1,1,1,1,1,1,1,1,1,2,2,2,2,2,3,3,3,3,4,4,4,4,5,5,5,6,6,6,7,7,8,8,9,9,10,11,12,12,13,14,15,16,18,19,20,22,23,25,27,29,32,32,33,33,34,35,35,36,36,37,38,38,39,40,40,41,42,43,43,44,45,46,47,48,49,50,51,52,53,54,55,56,58,59,60,62,63,65,66,68,70,71,73,75,77,79,82,84,87,89,92,95,98,102,105,109,113,118,123,128,133,139,146,153,161,170,171,172,173,174,175,176,177,178,179,180,181,182,183,184,185,186,188,189,190,191,192,193,195,196,197,198,200,201,202,203,205,206,208,209,210,212,213,215,216,218,219,221,223,224,226,228,229,231,233,235,236,238,240,242,244,246,248,250,252,254,257,259,261,264,266,269,271,274,276,279,282,285,288,291,294,297,301,304,308,311,315,319,324,328,333,338,343,348,354,360,367,374,382,391,401
Gaussian,2.0,0,1,784,0,1.0,2.4506878640046534,256.2124968386321,3.132812463960624,0.40804870121889225,1.675157734626301,1,1,1,1,1,1,1,1,1,1,1,1,1,1,1,1,1,1,1,1,1,1,1,1,1,1,1,1,1,1,1,1,1,1,1,1,2,2,2,2,2,2,3,3,3,3,4,4,4,4,5,5,5,5,6,6,7,7,7,8,8,9,9,10,11,11,12,13,14,15,16,17,18,19,21,22,24,26,27,30,32,32,33,33,34,34,35,35,36,37,37,38,38,39,40,40,41,42,43,43,44,45,46,47,47,48,49,50,51,52,53,55,56,57,58,59,61,62,64,65,67,68,70,72,74,76,78,80,82,85,87,90,92,95,99,102,106,109,114,118,123,128,134,140,147,155,156,157,158,158,159,160,161,162,163,164,165,166,167,168,169,170,171,172,173,174,175,176,177,178,179,180,181,182,184,185,186,187,189,190,191,192,194,195,196,198,199,201,202,204,205,207,208,210,212,213,215,217,219,221,222,224,226,228,230,232,235,237,239,242,244,246,249,252,254,257,260,263,266,269,273,276,280,283,287,292,296,300,305,310,316,322,328,335,342,350,359,369,380,393,408
Gaussian,2.0,1,1,784,0,1.0,2.610443062115706,256.8698373736087,3.2168786293181,0.3830767330314886,1.6722912516764545,1,1,1,1,1,1,1,1,1,1,1,1,1,1,1,1,1,1,1,1,1,1,1,1,1,1,1,1,1,1,1,1,1,1,2,2,2,2,2,3,3,3,3,3,4,4,4,4,5,5,5,5,6,6,6,7,7,8,8,8,9,10,10,11,11,12,13,14,15,16,17,18,19,20,22,23,25,26,28,31,33,33,34,34,35,35,36,37,37,38,38,39,40,40,41,42,42,43,44,45,45,46,47,48,49,50,51,52,53,54,55,56,57,58,60,61,62,64,65,67,68,70,72,73,75,77,79,81,84,86,89,91,94,97,100,104,107,111,115,119,124,130,135,142,149,156,157,158,159,160,161,161,162,163,164,165,166,167,168,169,170,171,172,173,174,175,176,177,178,179,180,181,182,184,185,186,187,188,190,191,192,194,195,196,198,199,200,202,203,205,207,208,210,211,213,215,216,218,220,222,224,226,228,230,232,234,236,238,241,243,245,248,250,253,256,259,261,264,268,271,274,278,281,285,289,293,298,302,307,312,318,324,330,337,344,352,361,371,382,395,411
Gaussian,2.0,2,1,784,0,1.0,2.482345275263091,255.48083052859025,3.1508022274403134,0.40284484594674896,1.679203146604081,1,1,1,1,1,1,1,1,1,1,1,1,1,1,1,1,1,1,1,1,1,1,1,1,1,1,1,1,1,1,1,1,1,1,1,1,2,2,2,2,2,3,3,3,3,3,4,4,4,4,5,5,5,6,6,6,7,7,7,8,9,9,10,10,11,12,12,13,14,15,16,17,18,20,21,22,24,26,28,30,32,33,33,34,34,35,35,36,36,37,38,38,39,40,40,41,42,42,43,44,45,46,46,47,48,49,50,51,52,53,54,55,56,58,59,60,61,63,64,66,67,69,70,72,74,76,78,80,82,85,87,90,93,96,99,102,106,109,113,118,123,128,134,140,147,154,155,156,157,158,159,159,160,161,162,163,164,165,166,167,168,169,170,171,172,173,174,175,176,177,178,179,180,181,183,184,185,186,188,189,190,191,193,194,195,197,198,200,201,203,204,206,207,209,211,212,214,216,218,220,221,223,225,227,229,231,234,236,238,240,243,245,248,251,253,256,259,262,265,268,272,275,279,282,286,290,295,299,304,309,314,320,326,333,340,348,357,367,378,392,407
Gaussian,2.0,3,1,784,0,1.0,2.378405915088859,252.87027162301308,3.067992229103907,0.42044967751547124,1.6688948150802516,1,1,1,1,1,1,1,1,1,1,1,1,1,1,1,1,1,1,1,1,1,1,1,1,1,1,1,1,1,1,1,1,1,1,1,1,1,1,2,2,2,2,2,3,3,3,3,3,4,4,4,4,5,5,5,6,6,6,7,7,8,8,9,9,10,11,11,12,13,14,15,16,17,18,19,21,22,24,26,28,30,31,31,32,33,33,34,34,35,35,36,36,37,38,38,39,40,40,41,42,43,43,44,45,46,47,48,49,49,51,52,53,54,55,56,57,59,60,61,63,64,66,67,69,71,73,75,77,79,82,84,87,89,92,95,99,102,106,110,114,119,124,130,136,143,151,151,152,153,154,155,156,157,157,158,159,160,161,162,163,164,165,166,167,168,169,170,171,172,173,174,175,177,178,179,180,181,183,184,185,186,188,189,190,192,193,195,196,198,199,201,202,204,205,207,209,210,212,214,216,218,220,221,224,226,228,230,232,234,237,239,242,244,247,249,252,255,258,261,264,268,271,275,279,283,287,291,296,301,306,311,317,323,330,337,345,354,364,375,388,404
Gaussian,2.0,4,1,784,0,1.0,2.4984489825775533,257.0391954502627,3.171802160673471,0.40024831684509266,1.6738057133644066,1,1,1,1,1,1,1,1,1,1,1,1,1,1,1,1,1,1,1,1,1,1,1,1,1,1,1,1,1,1,1,1,1,1,1,1,2,2,2,2,2,3,3,3,3,3,4,4,4,4,5,5,5,6,6,6,7,7,8,8,9,9,10,11,11,12,13,14,15,16,17,18,19,20,22,23,25,27,29,31,33,34,34,35,35,36,36,37,37,38,39,39,40,41,41,42,43,43,44,45,46,47,47,48,49,50,51,52,53,54,55,56,57,59,60,61,62,64,65,67,68,70,72,73,75,77,79,81,83,86,88,91,94,97,100,103,107,110,115,119,124,129,135,141,148,156,156,157,158,159,160,161,161,162,163,164,165,166,167,168,169,170,171,172,173,174,175,176,177,178,179,180,181,182,184,185,186,187,188,190,191,192,194,195,196,198,199,201,202,204,205,207,208,210,212,213,215,217,218,220,222,224,226,228,230,232,234,237,239,241,244,246,249,252,254,257,260,263,266,269,273,276,280,283,287,292,296,300,305,310,316,322,328,335,342,350,359,369,380,393,409
Gaussian,2.0,5,1,784,0,1.0,2.378838368061189,254.90570535422924,3.0835177782813616,0.4203732432712628,1.6596634582614387,1,1,1,1,1,1,1,1,1,1,1,1,1,1,1,1,1,1,1,1,1,1,1,1,1,1,1,1,1,1,1,1,1,1,1,1,1,1,2,2,2,2,2,3,3,3,3,4,4,4,4,5,5,5,5,6,6,6,7,7,8,8,9,10,10,11,12,12,13,14,15,16,17,19,20,22,23,25,27,29,31,31,32,32,33,34,34,35,35,36,36,37,38,38,39,40,40,41,42,42,43,44,45,45,46,47,48,49,50,51,52,53,55,56,57,58,60,61,62,64,65,67,69,70,72,74,76,78,80,83,85,88,90,93,96,100,103,107,111,115,120,125,131,137,144,152,152,153,154,155,156,157,158,158,159,160,161,162,163,164,165,166,167,168,169,170,171,172,173,174,176,177,178,179,180,181,183,184,185,186,188,189,190,192,193,195,196,197,199,200,202,204,205,207,209,210,212,214,216,217,219,221,223,225,227,230,232,234,236,239,241,244,246,249,252,254,257,260,263,267,270,274,277,281,285,289,294,298,303,308,314,320,326,333,340,348,357,367,379,392,408
Gaussian,2.0,6,1,784,0,1.0,2.434759478572812,254.4081154312479,3.098281432349893,0.41071818748444594,1.6657572314367226,1,1,1,1,1,1,1,1,1,1,1,1,1,1,1,1,1,1,1,1,1,1,1,1,1,1,1,1,1,1,1,1,1,1,1,1,1,2,2,2,2,2,2,3,3,3,3,4,4,4,4,5,5,5,5,6,6,6,7,7,8,8,9,9,10,11,12,12,13,14,15,16,17,18,20,21,23,24,26,28,31,31,32,32,33,33,34,34,35,36,36,37,37,38,39,39,40,41,41,42,43,44,45,45,46,47,48,49,50,51,52,53,55,56,57,58,59,61,62,64,65,67,68,70,72,74,76,78,80,83,85,88,91,94,97,100,104,107,112,116,121,126,131,138,144,152,153,154,155,155,156,157,158,159,160,161,162,163,164,164,165,166,167,168,170,171,172,173,174,175,176,177,178,180,181,182,183,184,186,187,188,190,191,192,194,195,197,198,200,201,203,204,206,208,209,211,213,215,216,218,220,222,224,226,228,230,232,235,237,239,242,244,247,249,252,255,258,261,264,267,271,274,278,281,285,290,294,299,303,309,314,320,326,333,340,348,357,367,379,392,407
Gaussian,2.0,7,1,784,0,1.0,2.3184393367272444,254.12983375459274,3.027343170452346,0.4313246347051807,1.6571576252733893,1,1,1,1,1,1,1,1,1,1,1,1,1,1,1,1,1,1,1,1,1,1,1,1,1,1,1,1,1,1,1,1,1,1,1,1,1,1,1,2,2,2,2,2,3,3,3,3,4,4,4,4,5,5,5,5,6,6,6,7,7,8,8,9,9,10,11,12,12,13,14,15,16,18,19,21,22,24,26,28,30,30,31,31,32,32,33,33,34,34,35,36,36,37,38,38,39,40,40,41,42,43,43,44,45,46,47,48,49,50,51,52,53,54,55,57,58,59,61,62,64,65,67,69,70,72,74,76,79,81,83,86,89,92,95,98,102,106,110,114,119,124,130,136,143,151,152,152,153,154,155,156,157,158,158,159,160,161,162,163,164,165,166,167,168,169,170,171,172,174,175,176,177,178,179,181,182,183,184,186,187,188,190,191,192,194,195,197,198,200,201,203,204,206,208,209,211,213,215,216,218,220,222,224,227,229,231,233,236,238,240,243,246,248,251,254,257,260,263,266,270,273,277,281,285,289,293,298,303,308,313,319,325,332,340,348,357,367,378,391,407
Gaussian,2.0,8,1,784,0,1.0,2.3377615487290564,255.0172046419067,3.06003646966393,0.42775962353545355,1.653933122420387,1,1,1,1,1,1,1,1,1,1,1,1,1,1,1,1,1,1,1,1,1,1,1,1,1,1,1,1,1,1,1,1,1,1,1,1,1,1,2,2,2,2,2,3,3,3,3,3,4,4,4,4,5,5,5,6,6,7,7,7,8,8,9,10,10,11,12,12,13,14,15,16,17,18,20,21,23,24,26,28,30,31,31,32,32,33,33,34,35,35,36,36,37,38,38,39,40,40,41,42,43,43,44,45,46,47,48,49,50,51,52,53,54,55,56,57,59,60,62,63,64,66,68,70,71,73,75,77,79,82,84,87,89,92,95,99,102,106,110,115,120,125,131,137,144,151,152,153,154,155,155,156,157,158,159,160,161,162,163,164,165,166,167,168,169,170,171,172,173,174,175,176,177,178,180,181,182,183,185,186,187,189,190,191,193,194,196,197,199,200,202,203,205,206,208,210,212,213,215,217,219,221,223,225,227,229,232,234,236,239,241,243,246,249,252,254,257,260,263,267,270,274,277,281,285,289,294,299,303,309,314,320,327,333,341,349,358,368,380,394,409
Gaussian,2.0,9,1,784,0,1.0,2.3964043276394262,256.01542376781134,3.103517489607661,0.41729185199104035,1.669890978249365,1,1,1,1,1,1,1,1,1,1,1,1,1,1,1,1,1,1,1,1,1,1,1,1,1,1,1,1,1,1,1,1,1,1,1,1,1,2,2,2,2,2,2,3,3,3,3,4,4,4,4,5,5,5,6,6,6,7,7,8,8,9,9,10,11,11,12,13,14,15,16,17,18,19,20,22,24,25,27,29,32,32,33,33,34,34,35,35,36,37,37,38,38,39,40,40,41,42,43,43,44,45,46,47,47,48,49,50,51,52,53,54,56,57,58,59,61,62,64,65,67,68,70,72,73,75,77,80,82,84,87,89,92,95,98,101,105,109,113,117,122,127,133,140,146,154,155,156,156,157,158,159,160,161,162,163,163,164,165,166,167,168,169,170,171,172,173,174,175,177,178,179,180,181,182,183,185,186,187,188,190,191,192,194,195,196,198,199,201,202,204,205,207,208,210,212,214,215,217,219,221,223,225,227,229,231,233,235,237,240,242,245,247,250,252,255,258,261,264,267,271,274,278,282,286,290,294,299,304,309,314,320,327,333,341,349,358,368,379,393,408
Gaussian,2.0,10,1,784,0,1.0,2.2456632188955035,252.3148320953498,2.977581546882523,0.4453027469060277,1.6552011371486508,1,1,1,1,1,1,1,1,1,1,1,1,1,1,1,1,1,1,1,1,1,1,1,1,1,1,1,1,1,1,1,1,1,1,1,1,1,1,1,1,2,2,2,2,2,3,3,3,3,3,4,4,4,5,5,5,6,6,6,7,7,7,8,9,9,10,11,11,12,13,14,15,16,17,18,19,21,23,25,27,29,29,30,30,31,31,32,32,33,34,34,35,35,36,37,37,38,39,39,40,41,42,42,43,44,45,46,47,48,49,50,51,52,53,54,56,57,58,60,61,63,64,66,68,69,71,73,75,77,80,82,84,87,90,93,96,100,104,108,112,117,122,127,134,140,148,149,150,150,151,152,153,154,155,156,156,157,158,159,160,161,162,163,164,165,166,167,168,169,170,172,173,174,175,176,177,179,180,181,182,184,185,186,188,189,190,192,193,195,196,198,200,201,203,204,206,208,210,211,213,215,217,219,221,223,225,228,230,232,234,237,239,242,245,247,250,253,256,259,263,266,269,273,277,281,285,290,294,299,304,310,316,322,329,337,345,354,364,376,389,404
Gaussian,2.0,11,1,784,0,1.0,2.267973148551303,254.99666667120317,3.013797259220188,0.44092232777921686,1.6590612479752962,1,1,1,1,1,1,1,1,1,1,1,1,1,1,1,1,1,1,1,1,1,1,1,1,1,1,1,1,1,1,1,1,1,1,1,1,1,1,1,1,2,2,2,2,2,3,3,3,3,4,4,4,4,5,5,5,6,6,6,7,7,8,8,9,10,10,11,12,13,14,15,16,17,18,19,21,22,24,26,28,30,31,31,32,32,33,33,34,35,35,36,36,37,38,38,39,40,40,41,42,43,43,44,45,46,47,48,49,50,51,52,53,54,55,56,58,59,60,62,63,65,66,68,70,71,73,75,77,79,82,84,87,89,92,95,99,102,106,110,115,119,125,130,137,144,151,152,153,154,154,155,156,157,158,159,160,161,162,163,164,165,165,166,167,169,170,171,172,173,174,175,176,177,178,179,181,182,183,184,186,187,188,189,191,192,194,195,196,198,199,201,202,204,206,207,209,211,212,214,216,218,220,222,224,226,228,230,232,235,237,240,242,245,247,250,253,256,259,262,265,269,272,276,280,284,288,292,297,302,307,313,318,325,332,339,347,356,366,378,391,407
Gaussian,2.0,12,1,784,0,1.0,2.342624997244416,254.271454283399,3.05401865173341,0.4268715655199959,1.6680144568279769,1,1,1,1,1,1,1,1,1,1,1,1,1,1,1,1,1,1,1,1,1,1,1,1,1,1,1,1,1,1,1,1,1,1,1,1,1,1,2,2,2,2,2,3,3,3,3,3,4,4,4,4,5,5,5,6,6,6,7,7,8,8,9,9,10,11,11,12,13,14,15,16,17,18,20,21,23,24,26,28,30,31,31,32,33,33,34,34,35,35,36,37,37,38,38,39,40,41,41,42,43,44,44,45,46,47,48,49,50,51,52,53,54,55,57,58,59,61,62,63,65,66,68,70,72,73,75,77,80,82,85,87,90,93,96,99,103,107,111,115,120,125,131,137,144,152,153,154,155,155,156,157,158,159,160,161,162,163,163,164,165,166,167,168,169,170,171,173,174,175,176,177,178,179,180,181,183,184,185,186,188,189,190,192,193,194,196,197,199,200,202,203,205,206,208,210,211,213,215,217,219,221,223,225,227,229,231,233,235,238,240,242,245,248,250,253,256,259,262,265,269,272,276,279,283,288,292,296,301,306,312,318,324,331,338,346,355,365,377,390,405
Gaussian,2.0,13,1,784,0,1.0,2.3678773820778574,256.1789379215538,3.090024139019087,0.4223191654977003,1.6677213725315725,1,1,1,1,1,1,1,1,1,1,1,1,1,1,1,1,1,1,1,1,1,1,1,1,1,1,1,1,1,1,1,1,1,1,1,1,1,1,2,2,2,2,2,3,3,3,3,4,4,4,4,5,5,5,6,6,6,7,7,8,8,9,9,10,10,11,12,13,13,14,15,16,18,19,20,22,23,25,27,29,32,32,32,33,34,34,35,35,36,36,37,38,38,39,40,40,41,42,42,43,44,45,46,46,47,48,49,50,51,52,53,54,55,56,58,59,60,62,63,65,66,68,69,71,73,75,77,79,81,84,86,89,92,95,98,101,105,109,113,117,122,128,133,140,147,154,155,156,157,158,159,159,160,161,162,163,164,165,166,167,168,169,170,171,172,173,174,175,176,177,178,179,180,181,183,184,185,186,187,189,190,191,193,194,195,197,198,200,201,203,204,206,208,209,211,213,214,216,218,220,222,223,225,227,229,231,234,236,238,240,243,245,248,250,253,256,259,262,265,268,271,275,278,282,286,290,294,299,304,309,314,320,326,333,340,349,358,368,379,392,408
Gaussian,2.0,14,1,784,0,1.0,2.3738997662162458,255.45049029353748,3.088860196242953,0.42124777727827073,1.6705741661752607,1,1,1,1,1,1,1,1,1,1,1,1,1,1,1,1,1,1,1,1,1,1,1,1,1,1,1,1,1,1,1,1,1,1,1,1,1,1,2,2,2,2,2,3,3,3,3,4,4,4,4,5,5,5,6,6,6,7,7,8,8,9,9,10,10,11,12,13,14,14,15,17,18,19,20,22,23,25,27,29,31,32,32,33,33,34,35,35,36,36,37,37,38,39,39,40,41,41,42,43,44,44,45,46,47,48,49,50,51,52,53,54,55,56,58,59,60,62,63,64,66,68,69,71,73,75,77,79,81,84,86,89,91,94,98,101,104,108,112,117,122,127,133,139,146,154,154,155,156,157,158,159,159,160,161,162,163,164,165,166,167,168,169,170,171,172,173,174,175,176,177,178,180,181,182,183,184,186,187,188,189,191,192,193,195,196,198,199,200,202,204,205,207,208,210,212,213,215,217,219,221,222,224,226,229,231,233,235,237,240,242,244,247,250,252,255,258,261,264,267,271,274,278,281,285,290,294,298,303,308,314,320,326,333,340,348,357,367,378,391,406
Gaussian,2.0,15,1,784,0,1.0,2.4144226836619795,254.97393255488583,3.1028514534080687,0.41417768593993237,1.6623421894903798,1,1,1,1,1,1,1,1,1,1,1,1,1,1,1,1,1,1,1,1,1,1,1,1,1,1,1,1,1,1,1,1,1,1,1,1,1,2,2,2,2,2,3,3,3,3,3,4,4,4,4,5,5,5,6,6,6,7,7,7,8,9,9,10,10,11,12,13,14,14,15,16,18,19,20,22,23,25,27,29,31,32,32,33,33,34,34,35,35,36,36,37,38,38,39,40,40,41,42,43,43,44,45,46,47,48,49,50,51,52,53,54,55,56,57,59,60,61,63,64,66,67,69,71,72,74,76,78,81,83,85,88,91,94,97,100,104,107,112,116,121,126,132,138,145,152,153,154,155,156,157,157,158,159,160,161,162,163,164,165,166,167,168,169,170,171,172,173,174,175,176,177,179,180,181,182,183,185,186,187,189,190,191,193,194,195,197,198,200,201,203,204,206,208,209,211,213,215,216,218,220,222,224,226,228,230,233,235,237,239,242,244,247,250,252,255,258,261,264,267,271,274,278,282,286,290,294,299,304,309,314,320,327,333,341,349,357,367,379,392,407
Gaussian,2.0,16,1,784,0,1.0,2.285360581993323,254.1614707559522,3.016036747162043,0.43756771158089464,1.6492025173390403,1,1,1,1,1,1,1,1,1,1,1,1,1,1,1,1,1,1,1,1,1,1,1,1,1,1,1,1,1,1,1,1,1,1,1,1,1,1,1,2,2,2,2,2,3,3,3,3,3,4,4,4,4,5,5,5,6,6,6,7,7,8,8,9,10,10,11,12,13,14,15,16,17,18,19,21,22,24,26,28,30,30,31,31,32,32,33,33,34,35,35,36,36,37,38,38,39,40,40,41,42,43,43,44,45,46,47,48,49,50,51,52,53,54,55,57,58,59,61,62,63,65,67,68,70,72,74,76,78,80,83,85,88,91,94,97,101,104,108,113,118,123,129,135,142,150,150,151,152,153,154,155,156,156,157,158,159,160,161,162,163,164,165,166,167,168,169,170,171,172,173,175,176,177,178,179,180,182,183,184,186,187,188,190,191,192,194,195,197,198,200,202,203,205,206,208,210,212,213,215,217,219,221,223,226,228,230,232,235,237,240,242,245,247,250,253,256,259,262,265,269,272,276,280,284,288,293,297,302,307,313,319,325,332,340,348,357,367,379,392,408
Gaussian,2.0,17,1,784,0,1.0,2.3680426341232113,254.49191496276615,3.0622795618702265,0.4222896942775099,1.6600016119790866,1,1,1,1,1,1,1,1,1,1,1,1,1,1,1,1,1,1,1,1,1,1,1,1,1,1,1,1,1,1,1,1,1,1,1,1,1,1,2,2,2,2,2,3,3,3,3,3,4,4,4,4,5,5,5,6,6,6,7,7,8,8,9,9,10,10,11,12,13,14,15,16,17,18,20,21,23,24,26,28,30,31,31,32,32,33,33,34,35,35,36,36,37,38,38,39,40,40,41,42,42,43,44,45,46,47,48,48,49,50,51,53,54,55,56,57,59,60,61,63,64,66,68,69,71,73,75,77,80,82,84,87,90,93,96,99,103,106,111,115,120,125,131,137,144,152,152,153,154,155,156,157,157,158,159,160,161,162,163,164,165,166,167,168,169,170,171,172,173,174,176,177,178,179,180,181,183,184,185,187,188,189,191,192,193,195,196,198,199,201,202,204,205,207,209,210,212,214,216,217,219,221,223,225,227,230,232,234,236,239,241,244,246,249,252,254,257,260,263,267,270,273,277,281,285,289,293,298,303,308,313,319,326,333,340,348,357,367,379,392,408
Gaussian,2.0,18,1,784,0,1.0,2.386609620448477,256.44640133273566,3.09468566223531,0.4190044284712496,1.657695080041154,1,1,1,1,1,1,1,1,1,1,1,1,1,1,1,1,1,1,1,1,1,1,1,1,1,1,1,1,1,1,1,1,1,1,1,1,1,2,2,2,2,2,2,3,3,3,3,4,4,4,4,5,5,5,6,6,6,7,7,8,8,9,9,10,10,11,12,13,14,14,15,17,18,19,20,22,23,25,27,29,31,32,32,33,33,34,35,35,36,36,37,37,38,39,39,40,41,42,42,43,44,45,45,46,47,48,49,50,51,52,53,54,55,57,58,59,61,62,63,65,66,68,70,72,73,75,77,79,82,84,86,89,91,94,97,101,104,108,112,117,122,127,133,139,146,153,154,155,156,157,158,159,159,160,161,162,163,164,165,166,167,168,169,170,171,172,173,174,175,176,177,178,180,181,182,183,184,186,187,188,189,191,192,193,195,196,198,199,201,202,204,205,207,209,210,212,214,215,217,219,221,223,225,227,229,231,233,235,238,240,242,245,248,250,253,256,259,262,265,268,271,275,279,283,287,291,295,300,305,310,316,321,328,335,342,350,359,369,381,394,410
Gaussian,2.0,19,1,784,0,1.0,2.333469463335604,253.2148392005808,3.047265046883476,0.42854642656027675,1.6665155103950724,1,1,1,1,1,1,1,1,1,1,1,1,1,1,1,1,1,1,1,1,1,1,1,1,1,1,1,1,1,1,1,1,1,1,1,1,1,1,2,2,2,2,2,2,3,3,3,3,4,4,4,4,5,5,5,6,6,6,7,7,8,8,9,9,10,11,11,12,13,14,15,16,17,18,19,21,22,24,26,28,30,31,31,32,32,33,33,34,34,35,36,36,37,38,38,39,40,40,41,42,43,43,44,45,46,47,47,48,49,50,51,52,53,55,56,57,58,60,61,62,64,65,67,69,71,72,74,76,79,81,83,86,89,92,95,98,101,105,109,114,119,124,129,136,143,150,151,152,153,154,154,155,156,157,158,159,160,161,162,163,164,165,166,167,168,169,170,171,172,173,174,175,176,178,179,180,181,182,184,185,186,187,189,190,192,193,194,196,197,199,200,202,204,205,207,208,210,212,214,216,218,219,221,223,226,228,230,232,234,237,239,242,244,247,250,252,255,258,261,265,268,272,275,279,283,287,292,296,301,306,312,318,324,331,338,346,355,365,376,389,405
Gaussian,2.0,20,1,784,0,1.0,2.2875857665220156,255.36023906776347,3.0303163664418,0.4371420799318809,1.6622041643769443,1,1,1,1,1,1,1,1,1,1,1,1,1,1,1,1,1,1,1,1,1,1,1,1,1,1,1,1,1,1,1,1,1,1,1,1,1,1,1,2,2,2,2,2,3,3,3,3,4,4,4,4,5,5,5,6,6,6,7,7,8,8,9,9,10,11,11,12,13,14,15,16,17,18,20,21,22,24,26,28,30,31,31,32,32,33,33,34,35,35,36,36,37,38,38,39,40,40,41,42,42,43,44,45,46,47,48,49,50,51,52,53,54,55,56,58,59,60,62,63,65,66,68,70,72,73,76,78,80,82,85,87,90,93,96,100,103,107,111,116,120,126,131,138,144,152,153,154,155,155,156,157,158,159,160,161,162,162,163,164,165,166,167,168,169,170,171,173,174,175,176,177,178,179,180,182,183,184,185,187,188,189,191,192,193,195,196,198,199,201,202,204,205,207,209,210,212,214,216,218,219,221,223,225,227,229,232,234,236,239,241,244,246,249,252,254,257,260,264,267,270,274,277,281,285,289,294,298,303,308,314,320,326,333,340,348,357,367,379,392,408
Gaussian,2.0,0,2,784,0,1.0,2.4241517778909696,241.41213690541943,3.0970921276381986,0.41251542461999124,1.6992256397292167,1,1,1,1,1,1,1,1,1,1,1,1,1,1,1,1,1,1,1,1,1,1,1,1,1,1,1,1,1,1,1,1,1,1,1,1,1,2,2,2,2,2,3,3,3,3,4,4,4,4,5,5,5,6,6,6,7,7,7,8,8,9,9,10,11,11,12,13,14,15,15,17,18,19,20,21,23,25,26,28,31,31,31,32,32,33,33,34,34,35,36,36,37,37,38,39,39,40,41,41,42,43,44,44,45,46,47,48,49,49,50,51,52,54,55,56,57,58,60,61,62,64,65,67,69,70,72,74,76,78,80,83,85,88,90,93,96,100,104,107,112,116,121,127,133,140,140,141,142,143,143,144,145,146,146,147,148,149,150,151,151,152,153,154,155,156,157,158,159,160,161,162,163,164,165,166,167,168,169,170,172,173,174,175,176,178,179,180,182,183,184,186,187,189,190,192,193,195,197,198,200,202,204,206,208,210,212,214,216,218,220,223,225,227,230,233,235,238,241,244,248,251,254,258,262,266,270,274,279,284,290,295,302,309,316,325,334,344,356,370,386
Gaussian,2.0,1,2,784,0,1.0,2.884697449898937,242.42679884452573,3.289165895552329,0.3466568045238277,1.6899013859686836,1,1,1,1,1,1,1,1,1,1,1,1,1,1,1,1,1,1,1,1,1,1,1,1,1,1,1,1,1,1,2,2,2,2,2,2,3,3,3,3,3,3,4,4,4,4,5,5,5,5,6,6,6,6,7,7,8,8,8,9,9,10,10,11,12,13,13,14,15,16,17,18,19,20,21,23,24,26,28,30,32,33,33,34,34,35,35,36,36,37,37,38,39,39,40,40,41,42,42,43,44,45,45,46,47,48,49,50,50,51,52,53,54,56,57,58,59,60,62,63,65,66,68,69,71,72,74,76,78,80,83,85,88,90,93,96,99,103,106,110,114,119,124,130,136,142,143,144,145,145,146,147,148,148,149,150,151,152,152,153,154,155,156,157,158,159,160,160,161,162,163,164,165,167,168,169,170,171,172,173,174,176,177,178,179,181,182,183,185,186,187,189,190,192,193,195,196,198,200,201,203,205,207,209,211,213,215,217,219,221,223,226,228,230,233,236,239,241,244,248,251,254,258,261,265,269,274,278,283,289,294,300,307,313,321,329,339,349,361,375,392
Gaussian,2.0,2,2,784,0,1.0,2.6703229394812964,240.7419824568607,3.182706600454897,0.37448654064075393,1.6895735713066051,1,1,1,1,1,1,1,1,1,1,1,1,1,1,1,1,1,1,1,1,1,1,1,1,1,1,1,1,1,1,1,1,1,2,2,2,2,2,2,2,3,3,3,3,3,4,4,4,4,4,5,5,5,6,6,6,7,7,7,8,8,9,10,10,11,11,12,13,14,15,16,17,18,19,20,22,23,25,26,28,31,31,32,32,33,33,34,34,35,35,36,36,37,38,38,39,39,40,41,42,42,43,44,45,45,46,47,48,49,50,51,52,53,54,55,56,58,59,60,61,63,64,66,67,69,71,72,74,76,78,81,83,85,88,91,94,97,100,104,108,112,117,121,127,133,140,140,141,142,143,143,144,145,146,147,147,148,149,150,151,152,152,153,154,155,156,157,158,159,160,161,162,163,164,165,166,167,168,169,170,172,173,174,175,176,178,179,180,182,183,185,186,187,189,190,192,194,195,197,199,200,202,204,206,208,210,212,214,216,218,220,223,225,228,230,233,236,239,242,245,248,251,255,258,262,266,271,275,280,285,291,297,303,310,318,326,335,346,358,372,388
Gaussian,2.0,3,2,784,0,1.0,2.5034780847722757,238.29930204773635,3.0868235135420288,0.399444279573537,1.678726387827287,1,1,1,1,1,1,1,1,1,1,1,1,1,1,1,1,1,1,1,1,1,1,1,1,1,1,1,1,1,1,1,1,1,1,1,2,2,2,2,2,2,2,3,3,3,3,3,4,4,4,4,5,5,5,5,6,6,6,7,7,8,8,9,9,10,10,11,12,12,13,14,15,16,17,19,20,22,23,25,27,29,29,30,30,31,31,32,32,33,33,34,34,35,36,36,37,37,38,39,39,40,41,42,42,43,44,45,46,46,47,48,49,50,51,52,54,55,56,57,59,60,61,63,64,66,68,69,71,73,75,77,80,82,85,88,90,94,97,100,104,108,113,118,123,129,136,137,137,138,139,140,140,141,142,143,144,144,145,146,147,148,149,149,150,151,152,153,154,155,156,157,158,159,160,161,162,163,164,166,167,168,169,170,171,173,174,175,176,178,179,181,182,183,185,186,188,189,191,193,194,196,198,200,202,204,206,208,210,212,214,216,219,221,224,226,229,232,235,238,241,244,248,251,255,259,263,267,272,277,282,287,293,300,307,314,323,332,343,355,369,386
Gaussian,2.0,4,2,784,0,1.0,2.6243430791473963,242.20924799851775,3.190775800787677,0.38104774026911253,1.6867603589635656,1,1,1,1,1,1,1,1,1,1,1,1,1,1,1,1,1,1,1,1,1,1,1,1,1,1,1,1,1,1,1,1,1,1,2,2,2,2,2,2,3,3,3,3,3,4,4,4,4,5,5,5,6,6,6,7,7,7,8,8,9,9,10,11,11,12,13,14,14,15,16,17,19,20,21,22,24,26,28,30,32,32,33,33,34,34,35,35,36,36,37,37,38,39,39,40,40,41,42,43,43,44,45,46,47,48,48,49,50,51,52,53,54,55,56,57,59,60,61,62,64,65,67,68,70,72,73,75,77,79,82,84,86,89,92,95,98,101,105,108,113,117,122,128,134,140,141,142,143,143,144,145,146,146,147,148,149,150,150,151,152,153,154,155,156,157,157,158,159,160,161,162,163,164,165,167,168,169,170,171,172,173,174,176,177,178,179,181,182,183,185,186,188,189,191,192,194,195,197,199,200,202,204,206,208,210,212,214,216,218,220,223,225,228,230,233,236,239,242,245,248,251,255,259,263,267,271,276,281,286,291,297,304,311,318,327,336,347,359,373,390
Gaussian,2.0,5,2,784,0,1.0,2.4640075829525414,240.51500338132627,3.086037624151452,0.40584290686383845,1.6735594975114774,1,1,1,1,1,1,1,1,1,1,1,1,1,1,1,1,1,1,1,1,1,1,1,1,1,1,1,1,1,1,1,1,1,1,1,1,2,2,2,2,2,2,3,3,3,3,3,4,4,4,4,5,5,5,5,6,6,6,7,7,8,8,9,9,10,11,11,12,13,14,15,16,17,18,19,21,22,24,25,27,29,30,30,31,31,32,32,33,33,34,34,35,35,36,37,37,38,38,39,40,40,41,42,43,44,44,45,46,47,48,49,50,51,52,53,55,56,57,58,60,61,63,64,66,67,69,71,73,74,77,79,81,84,86,89,92,95,98,102,105,110,114,119,125,131,138,138,139,140,141,141,142,143,144,144,145,146,147,148,149,149,150,151,152,153,154,155,156,157,158,159,160,161,162,163,164,165,166,167,168,170,171,172,173,174,176,177,178,180,181,182,184,185,187,188,190,191,193,195,196,198,200,202,204,206,208,210,212,214,216,218,221,223,226,228,231,234,237,240,243,246,249,253,257,261,265,269,274,279,284,290,296,302,309,317,326,335,346,358,373,390
Gaussian,2.0,6,2,784,0,1.0,2.419558524262171,238.59099823887018,3.037958441783859,0.41329853771772007,1.6778486503416437,1,1,1,1,1,1,1,1,1,1,1,1,1,1,1,1,1,1,1,1,1,1,1,1,1,1,1,1,1,1,1,1,1,1,1,1,1,2,2,2,2,2,2,3,3,3,3,3,4,4,4,4,4,5,5,5,6,6,6,7,7,8,8,9,9,10,11,11,12,13,14,15,16,17,18,20,21,23,24,26,28,29,29,30,30,31,31,32,32,33,34,34,35,35,36,36,37,38,38,39,40,40,41,42,43,44,44,45,46,47,48,49,50,51,52,53,54,56,57,58,59,61,62,64,65,67,69,71,73,75,77,79,82,84,87,90,93,96,100,104,108,112,117,123,128,135,136,137,137,138,139,140,140,141,142,143,144,144,145,146,147,148,149,150,151,152,152,153,154,155,156,157,158,159,160,162,163,164,165,166,167,168,170,171,172,173,175,176,177,179,180,181,183,184,186,187,189,191,192,194,196,198,200,202,203,206,208,210,212,214,216,219,221,224,226,229,232,235,238,241,244,248,251,255,259,263,267,272,277,282,288,294,301,308,315,324,333,344,356,370,387
Gaussian,2.0,7,2,784,0,1.0,2.2237033371073522,237.08392741125652,2.900007647504631,0.44970027400364676,1.6663149080123985,1,1,1,1,1,1,1,1,1,1,1,1,1,1,1,1,1,1,1,1,1,1,1,1,1,1,1,1,1,1,1,1,1,1,1,1,1,1,1,1,2,2,2,2,2,2,2,3,3,3,3,4,4,4,4,5,5,5,5,6,6,7,7,7,8,8,9,10,11,11,12,13,14,15,17,18,19,21,23,24,26,27,27,28,28,29,29,30,30,31,31,32,32,33,33,34,35,35,36,37,37,38,39,39,40,41,42,43,43,44,45,46,47,48,49,50,51,53,54,55,56,58,59,61,62,64,66,68,70,72,74,76,79,81,84,87,90,93,96,100,104,109,114,119,125,132,133,133,134,135,136,137,137,138,139,140,140,141,142,143,144,145,146,146,147,148,149,150,151,152,153,154,155,156,157,158,159,161,162,163,164,165,166,168,169,170,172,173,174,176,177,179,180,182,183,185,186,188,190,191,193,195,197,199,201,203,205,207,209,211,214,216,218,221,224,226,229,232,235,238,241,245,249,252,256,261,265,270,275,280,285,291,298,305,313,321,331,341,354,368,385
Gaussian,2.0,8,2,784,0,1.0,2.4440315772321277,240.19122174563006,3.08039484031365,0.40916001630899657,1.6733117960529758,1,1,1,1,1,1,1,1,1,1,1,1,1,1,1,1,1,1,1,1,1,1,1,1,1,1,1,1,1,1,1,1,1,1,1,1,2,2,2,2,2,2,3,3,3,3,3,4,4,4,4,5,5,5,6,6,6,7,7,7,8,8,9,9,10,11,11,12,13,14,15,16,17,18,19,21,22,24,25,27,29,30,30,31,31,32,32,33,33,34,34,35,35,36,37,37,38,38,39,40,41,41,42,43,44,44,45,46,47,48,49,50,51,52,53,54,55,56,58,59,60,62,63,65,66,68,70,72,74,76,78,80,82,85,88,91,94,97,101,105,109,114,119,124,130,137,138,138,139,140,141,141,142,143,144,145,145,146,147,148,149,150,150,151,152,153,154,155,156,157,158,159,160,161,162,163,164,165,167,168,169,170,171,173,174,175,176,178,179,180,182,183,185,186,188,189,191,193,194,196,198,200,202,203,205,207,210,212,214,216,218,221,223,226,228,231,234,237,240,243,246,250,253,257,261,265,269,274,279,284,290,296,303,310,317,326,335,346,358,373,390
Gaussian,2.0,9,2,784,0,1.0,2.469123460272812,241.21804999445033,3.102554963103705,0.40500202443887134,1.6852574998007943,1,1,1,1,1,1,1,1,1,1,1,1,1,1,1,1,1,1,1,1,1,1,1,1,1,1,1,1,1,1,1,1,1,1,1,1,2,2,2,2,2,2,3,3,3,3,3,4,4,4,4,5,5,5,6,6,6,7,7,8,8,9,9,10,10,11,12,12,13,14,15,16,17,18,20,21,23,24,26,28,30,31,31,32,32,33,33,34,34,35,35,36,37,37,38,38,39,40,40,41,42,43,43,44,45,46,47,47,48,49,50,51,52,53,54,56,57,58,59,61,62,64,65,67,68,70,72,74,76,78,80,82,85,87,90,93,96,99,103,107,111,116,121,126,132,139,140,140,141,142,143,143,144,145,146,147,147,148,149,150,151,152,153,153,154,155,156,157,158,159,160,161,162,163,164,165,166,167,168,170,171,172,173,174,176,177,178,180,181,182,184,185,187,188,190,191,193,194,196,198,199,201,203,205,207,209,211,213,215,217,219,221,224,226,229,231,234,237,240,243,246,250,253,257,261,265,269,274,279,284,290,295,302,309,317,325,335,345,357,371,388
Gaussian,2.0,10,2,784,0,1.0,2.273103694248531,238.26606720210557,2.964270399996013,0.4399271368614759,1.6738250318779324,1,1,1,1,1,1,1,1,1,1,1,1,1,1,1,1,1,1,1,1,1,1,1,1,1,1,1,1,1,1,1,1,1,1,1,1,1,1,1,2,2,2,2,2,2,3,3,3,3,3,4,4,4,5,5,5,6,6,6,7,7,7,8,8,9,10,10,11,12,13,13,14,15,16,18,19,20,22,24,26,28,28,29,29,30,30,31,31,32,32,33,33,34,34,35,36,36,37,38,38,39,40,40,41,42,43,44,44,45,46,47,48,49,50,51,52,54,55,56,57,59,60,62,63,65,66,68,70,72,74,76,78,81,83,86,89,92,95,99,103,107,111,116,121,127,134,135,135,136,137,138,138,139,140,141,141,142,143,144,145,146,146,147,148,149,150,151,152,153,154,155,156,157,158,159,160,161,162,163,164,165,167,168,169,170,172,173,174,176,177,178,180,181,183,184,186,187,189,191,192,194,196,198,200,202,204,206,208,210,212,214,217,219,222,224,227,230,233,236,239,242,246,249,253,257,261,266,270,275,280,286,292,298,305,313,322,331,342,354,368,385
Gaussian,2.0,11,2,784,0,1.0,2.269005475706595,239.74715701847995,2.971159548823809,0.4407217217880835,1.666820469444525,1,1,1,1,1,1,1,1,1,1,1,1,1,1,1,1,1,1,1,1,1,1,1,1,1,1,1,1,1,1,1,1,1,1,1,1,1,1,1,1,2,2,2,2,2,3,3,3,3,4,4,4,4,5,5,5,6,6,6,7,7,7,8,8,9,10,10,11,12,13,14,15,16,17,18,19,21,22,24,26,28,29,29,30,30,31,31,32,32,33,33,34,34,35,36,36,37,37,38,39,40,40,41,42,43,43,44,45,46,47,48,49,50,51,52,53,54,55,56,58,59,60,62,63,65,67,69,70,72,74,76,79,81,84,86,89,92,96,99,103,107,112,117,122,128,135,136,137,137,138,139,140,140,141,142,143,144,144,145,146,147,148,149,150,150,151,152,153,154,155,156,157,158,159,160,161,162,164,165,166,167,168,169,171,172,173,174,176,177,178,180,181,183,184,186,187,189,191,192,194,196,198,199,201,203,205,207,209,211,214,216,218,221,223,226,229,231,234,237,241,244,247,251,254,258,263,267,272,277,282,287,293,300,307,315,323,333,344,356,370,387
Gaussian,2.0,12,2,784,0,1.0,2.3309628891776706,238.82300318099755,3.001459265312801,0.42900725903567916,1.6770514982801066,1,1,1,1,1,1,1,1,1,1,1,1,1,1,1,1,1,1,1,1,1,1,1,1,1,1,1,1,1,1,1,1,1,1,1,1,1,1,2,2,2,2,2,2,3,3,3,3,3,4,4,4,4,5,5,5,6,6,6,7,7,8,8,9,9,10,11,11,12,13,14,15,16,17,18,20,21,23,24,26,28,29,29,30,30,31,31,32,32,33,33,34,34,35,36,36,37,38,38,39,40,40,41,42,43,44,44,45,46,47,48,49,50,51,52,53,54,55,57,58,59,61,62,64,65,67,69,70,72,74,76,79,81,83,86,89,92,95,99,103,107,112,117,122,128,135,136,137,137,138,139,140,140,141,142,143,143,144,145,146,147,148,149,150,150,151,152,153,154,155,156,157,158,159,160,161,162,164,165,166,167,168,169,171,172,173,175,176,177,179,180,181,183,184,186,187,189,191,192,194,196,197,199,201,203,205,207,209,211,214,216,218,221,223,226,228,231,234,237,240,243,247,250,254,258,262,266,271,276,281,287,293,299,306,314,322,332,343,355,369,386
Gaussian,2.0,13,2,784,0,1.0,2.4579026437288145,242.48899800758906,3.115749786546413,0.4068509395811253,1.6812488513599608,1,1,1,1,1,1,1,1,1,1,1,1,1,1,1,1,1,1,1,1,1,1,1,1,1,1,1,1,1,1,1,1,1,1,1,1,2,2,2,2,2,2,3,3,3,3,4,4,4,4,5,5,5,6,6,6,7,7,8,8,9,9,10,10,11,12,12,13,14,15,15,17,18,19,20,22,23,25,27,29,31,31,32,32,33,33,34,34,35,35,36,36,37,38,38,39,40,40,41,42,42,43,44,45,46,46,47,48,49,50,51,52,53,54,55,56,58,59,60,61,63,64,66,67,69,70,72,74,76,78,80,83,85,88,91,93,97,100,103,107,112,116,121,127,133,140,140,141,142,143,143,144,145,146,147,147,148,149,150,151,152,152,153,154,155,156,157,158,159,160,161,162,163,164,165,166,167,168,169,170,172,173,174,175,176,178,179,180,182,183,184,186,187,189,190,192,193,195,197,198,200,202,204,206,207,209,211,214,216,218,220,223,225,228,230,233,236,238,241,245,248,251,255,258,262,267,271,276,280,286,291,297,304,311,319,327,337,348,360,374,391
Gaussian,2.0,14,2,784,0,1.0,2.4750986822833907,240.91746946057577,3.104086383262176,0.40402429493334574,1.6830950948100887,1,1,1,1,1,1,1,1,1,1,1,1,1,1,1,1,1,1,1,1,1,1,1,1,1,1,1,1,1,1,1,1,1,1,1,1,2,2,2,2,2,2,3,3,3,3,3,4,4,4,4,5,5,5,6,6,6,7,7,8,8,9,9,10,10,11,12,13,13,14,15,16,17,19,20,21,23,24,26,28,30,31,31,32,32,33,33,34,34,35,35,36,36,37,37,38,39,39,40,41,42,42,43,44,45,46,46,47,48,49,50,51,52,53,54,56,57,58,59,60,62,63,65,66,68,69,71,73,75,77,79,82,84,87,90,92,96,99,103,106,111,115,120,126,132,139,139,140,141,141,142,143,144,144,145,146,147,148,149,149,150,151,152,153,154,155,156,157,157,158,159,160,161,162,163,165,166,167,168,169,170,171,173,174,175,176,178,179,180,182,183,184,186,187,189,190,192,194,195,197,199,201,202,204,206,208,210,212,214,217,219,221,224,226,229,231,234,237,240,243,246,250,253,257,261,265,269,274,279,284,290,296,302,309,317,325,334,345,357,371,388
Gaussian,2.0,15,2,784,0,1.0,2.535701914106467,240.976507823135,3.1321445168556976,0.39436812128304954,1.6726835293902733,1,1,1,1,1,1,1,1,1,1,1,1,1,1,1,1,1,1,1,1,1,1,1,1,1,1,1,1,1,1,1,1,1,1,1,2,2,2,2,2,2,3,3,3,3,3,4,4,4,4,5,5,5,6,6,6,7,7,7,8,8,9,9,10,11,11,12,13,13,14,15,16,17,19,20,21,23,24,26,28,30,31,31,32,32,33,33,34,34,35,35,36,36,37,38,38,39,39,40,41,42,42,43,44,45,46,46,47,48,49,50,51,52,53,54,55,57,58,59,60,62,63,65,66,68,70,71,73,75,77,79,81,84,86,89,92,95,99,102,106,110,115,120,125,131,138,139,139,140,141,142,142,143,144,145,146,146,147,148,149,150,151,152,152,153,154,155,156,157,158,159,160,161,162,163,164,165,166,168,169,170,171,172,174,175,176,178,179,180,182,183,185,186,187,189,191,192,194,195,197,199,201,203,204,206,208,210,212,215,217,219,221,224,226,229,232,235,238,241,244,247,250,254,258,261,266,270,275,280,285,291,297,303,310,318,327,336,347,359,374,391
Gaussian,2.0,16,2,784,0,1.0,2.1509312225212835,238.06391396314368,2.8781412319598227,0.4649149119830144,1.653955284587896,1,1,1,1,1,1,1,1,1,1,1,1,1,1,1,1,1,1,1,1,1,1,1,1,1,1,1,1,1,1,1,1,1,1,1,1,1,1,1,1,1,1,2,2,2,2,2,3,3,3,3,4,4,4,4,5,5,5,6,6,6,7,7,8,8,9,10,10,11,12,13,14,15,16,17,18,20,21,23,25,27,27,28,28,29,29,30,30,31,31,32,32,33,33,34,34,35,36,36,37,38,38,39,40,40,41,42,43,44,44,45,46,47,48,49,50,52,53,54,55,57,58,60,61,63,64,66,68,70,72,74,76,78,81,83,86,89,92,96,99,104,108,113,118,124,131,132,132,133,134,135,135,136,137,138,139,139,140,141,142,143,144,145,146,146,147,148,149,150,151,152,153,154,155,156,157,158,160,161,162,163,164,165,167,168,169,170,172,173,175,176,177,179,180,182,183,185,187,188,190,192,194,196,198,200,202,204,206,208,210,213,215,218,220,223,225,228,231,234,238,241,244,248,252,256,260,265,269,274,280,285,291,298,305,313,322,332,343,355,370,387
Gaussian,2.0,17,2,784,0,1.0,2.3756178255860245,239.99855377042675,3.0295902361176266,0.42094312865888567,1.6718412459282819,1,1,1,1,1,1,1,1,1,1,1,1,1,1,1,1,1,1,1,1,1,1,1,1,1,1,1,1,1,1,1,1,1,1,1,1,1,1,2,2,2,2,2,3,3,3,3,3,4,4,4,4,5,5,5,5,6,6,6,7,7,8,8,9,9,10,11,11,12,13,14,15,16,17,19,20,21,23,25,27,29,29,30,30,31,31,32,32,33,33,34,34,35,35,36,37,37,38,39,39,40,41,41,42,43,44,45,45,46,47,48,49,50,51,52,53,54,56,57,58,60,61,63,64,66,68,69,71,73,75,77,80,82,85,88,90,94,97,101,104,109,113,118,123,129,136,137,137,138,139,140,140,141,142,143,144,144,145,146,147,148,149,150,150,151,152,153,154,155,156,157,158,159,160,161,162,163,165,166,167,168,169,170,172,173,174,175,177,178,179,181,182,184,185,187,188,190,192,193,195,197,199,201,203,205,207,209,211,213,215,217,220,222,225,227,230,233,236,239,242,245,249,252,256,260,264,268,273,278,283,289,295,302,309,317,325,335,346,358,372,389
Gaussian,2.0,18,2,784,0,1.0,2.438768361202974,240.45948865381214,3.0687751415881164,0.4100430430000859,1.6656108489891832,1,1,1,1,1,1,1,1,1,1,1,1,1,1,1,1,1,1,1,1,1,1,1,1,1,1,1,1,1,1,1,1,1,1,1,1,1,2,2,2,2,2,3,3,3,3,3,4,4,4,4,4,5,5,5,6,6,6,7,7,8,8,9,9,10,11,11,12,13,14,15,16,17,18,19,20,22,23,25,27,29,30,30,31,31,32,32,33,33,34,34,35,35,36,36,37,38,38,39,40,40,41,42,43,43,44,45,46,47,48,49,50,51,52,53,54,55,57,58,59,61,62,63,65,67,68,70,72,74,76,78,80,83,85,88,91,94,97,101,105,109,113,118,124,130,137,138,138,139,140,141,141,142,143,144,144,145,146,147,148,149,149,150,151,152,153,154,155,156,157,158,159,160,161,162,163,164,165,166,168,169,170,171,172,174,175,176,178,179,180,182,183,185,186,188,189,191,192,194,196,198,199,201,203,205,207,209,211,213,216,218,220,223,225,228,230,233,236,239,242,246,249,253,256,260,265,269,274,279,284,290,296,302,310,317,326,336,347,359,373,390
Gaussian,2.0,19,2,784,0,1.0,2.2672730295194246,238.00209938766247,2.952872775062066,0.44105848170035433,1.6658457144475647,1,1,1,1,1,1,1,1,1,1,1,1,1,1,1,1,1,1,1,1,1,1,1,1,1,1,1,1,1,1,1,1,1,1,1,1,1,1,1,1,2,2,2,2,2,3,3,3,3,3,4,4,4,4,5,5,5,6,6,6,7,7,8,8,9,9,10,11,12,12,13,14,15,16,17,19,20,22,24,25,27,28,28,29,29,30,30,31,31,32,32,33,33,34,35,35,36,37,37,38,39,39,40,41,41,42,43,44,45,46,47,47,48,49,51,52,53,54,55,56,58,59,60,62,64,65,67,69,71,73,75,77,80,82,85,88,91,94,98,101,106,110,115,120,126,133,134,135,135,136,137,138,138,139,140,141,142,142,143,144,145,146,147,147,148,149,150,151,152,153,154,155,156,157,158,159,160,161,163,164,165,166,167,169,170,171,172,174,175,176,178,179,181,182,184,185,187,189,190,192,194,196,197,199,201,203,205,207,210,212,214,217,219,222,224,227,230,233,236,239,242,246,249,253,257,261,266,270,276,281,287,293,299,306,314,323,332,343,355,369,386
Gaussian,2.0,20,2,784,0,1.0,2.1979759089681625,238.78574981441113,2.9153029298272495,0.45496404028807075,1.6588868999429451,1,1,1,1,1,1,1,1,1,1,1,1,1,1,1,1,1,1,1,1,1,1,1,1,1,1,1,1,1,1,1,1,1,1,1,1,1,1,1,1,1,2,2,2,2,2,3,3,3,3,4,4,4,4,5,5,5,6,6,6,7,7,8,8,9,9,10,11,11,12,13,14,15,16,17,19,20,21,23,25,27,27,28,28,29,29,30,30,31,31,32,32,33,33,34,35,35,36,37,37,38,39,39,40,41,42,42,43,44,45,46,47,48,49,50,51,52,53,55,56,57,59,60,62,64,65,67,69,71,73,75,77,79,82,85,88,91,94,98,101,105,110,115,120,126,133,134,135,135,136,137,138,138,139,140,141,142,142,143,144,145,146,147,148,149,149,150,151,152,153,154,155,156,157,158,159,160,162,163,164,165,166,167,169,170,171,172,174,175,176,178,179,181,182,184,185,187,188,190,192,194,195,197,199,201,203,205,207,210,212,214,217,219,222,224,227,230,233,236,239,242,246,250,253,257,262,266,271,276,281,287,293,299,307,315,323,333,344,356,371,388
Gaussian,2.0,0,3,784,0,1.0,2.4853896529905866,226.64662289185966,3.1084293714820617,0.4023513974143786,1.7475715171212418,1,1,1,1,1,1,1,1,1,1,1,1,1,1,1,1,1,1,1,1,1,1,1,1,1,1,1,1,1,1,1,1,1,1,1,1,2,2,2,2,2,3,3,3,3,4,4,4,4,5,5,5,5,6,6,6,7,7,8,8,9,9,10,10,11,11,12,13,14,15,16,17,18,19,20,21,23,24,26,28,30,30,31,31,32,32,33,33,34,34,35,35,36,36,37,37,38,39,39,40,40,41,42,43,43,44,45,46,47,47,48,49,50,51,52,53,54,55,57,58,59,60,62,63,65,66,68,69,71,73,75,77,79,82,84,87,90,93,96,99,103,107,111,116,121,127,128,129,129,130,131,131,132,133,133,134,135,136,136,137,138,139,140,140,141,142,143,144,145,146,146,147,148,149,150,151,152,153,154,155,156,157,158,159,161,162,163,164,165,167,168,169,170,172,173,175,176,178,179,181,182,184,185,187,189,191,193,194,196,198,200,203,205,207,209,212,214,217,220,223,226,229,232,236,239,243,247,251,256,261,266,272,278,285,292,300,309,319,331,345,361
Gaussian,2.0,1,3,784,0,1.0,3.486104860968233,227.27153103326293,3.403165352021214,0.28685310393166413,1.7350341732955887,1,1,1,1,1,1,1,1,1,1,1,1,1,1,1,1,1,1,1,1,1,1,1,1,2,2,2,2,2,2,2,3,3,3,3,3,3,3,4,4,4,4,4,4,5,5,5,5,6,6,6,6,7,7,7,8,8,9,9,9,10,10,11,12,12,13,14,15,15,16,17,18,19,20,22,23,24,26,28,30,32,32,33,33,34,34,34,35,35,36,36,37,38,38,39,39,40,40,41,42,42,43,44,45,45,46,47,48,49,49,50,51,52,53,54,55,56,58,59,60,61,63,64,66,67,69,70,72,74,76,78,80,82,85,87,90,93,96,99,102,106,110,115,119,125,131,131,132,133,133,134,135,136,136,137,138,138,139,140,141,141,142,143,144,145,146,146,147,148,149,150,151,152,153,154,155,156,157,158,159,160,161,162,163,164,165,167,168,169,170,171,173,174,175,177,178,180,181,183,184,186,188,189,191,193,195,196,198,200,202,204,207,209,211,214,216,219,221,224,227,230,233,237,240,244,248,252,257,261,266,272,277,284,290,298,306,315,326,338,352,369
Gaussian,2.0,2,3,784,0,1.0,2.9332502672666254,224.64503851697395,3.214808607919294,0.34091874503836955,1.722866656829158,1,1,1,1,1,1,1,1,1,1,1,1,1,1,1,1,1,1,1,1,1,1,1,1,1,1,1,1,1,1,2,2,2,2,2,2,2,3,3,3,3,3,3,3,4,4,4,4,4,5,5,5,6,6,6,6,7,7,7,8,8,9,9,10,11,11,12,13,13,14,15,16,17,18,19,20,22,23,25,27,29,29,29,30,30,31,31,32,32,33,33,34,34,35,36,36,37,37,38,39,39,40,41,41,42,43,44,45,45,46,47,48,49,50,51,52,53,54,55,57,58,59,61,62,64,65,67,68,70,72,74,76,78,80,83,85,88,91,94,98,102,106,110,115,120,127,127,128,128,129,130,131,131,132,133,133,134,135,136,136,137,138,139,140,140,141,142,143,144,145,146,147,147,148,149,150,151,152,153,154,155,157,158,159,160,161,162,163,165,166,167,168,170,171,172,174,175,177,178,180,182,183,185,187,188,190,192,194,196,198,200,202,205,207,209,212,214,217,220,223,226,229,232,236,240,244,248,252,257,262,267,273,280,287,294,302,312,322,334,348,365
Gaussian,2.0,3,3,784,0,1.0,2.6626301320372394,222.9173378578335,3.100911785200551,0.3755684982182925,1.7160171960429933,1,1,1,1,1,1,1,1,1,1,1,1,1,1,1,1,1,1,1,1,1,1,1,1,1,1,1,1,1,1,1,1,1,2,2,2,2,2,2,2,2,3,3,3,3,3,4,4,4,4,4,5,5,5,5,6,6,6,7,7,8,8,8,9,9,10,11,11,12,13,14,15,16,17,18,19,21,22,24,25,27,28,28,29,29,30,30,30,31,31,32,32,33,34,34,35,35,36,36,37,38,38,39,40,40,41,42,43,43,44,45,46,47,48,49,50,51,52,53,54,56,57,58,60,61,63,64,66,68,69,71,73,75,78,80,83,85,88,92,95,99,103,107,112,118,124,124,125,126,126,127,128,128,129,130,130,131,132,133,133,134,135,136,136,137,138,139,140,141,141,142,143,144,145,146,147,148,149,150,151,152,153,154,155,157,158,159,160,161,162,164,165,166,168,169,171,172,173,175,177,178,180,181,183,185,187,189,191,193,195,197,199,201,204,206,209,211,214,217,220,223,226,230,233,237,241,245,249,254,259,264,270,277,284,291,299,309,319,332,346,363
Gaussian,2.0,4,3,784,0,1.0,2.8163922044302554,226.41148298696584,3.213022002266309,0.35506418403906065,1.7280128032842732,1,1,1,1,1,1,1,1,1,1,1,1,1,1,1,1,1,1,1,1,1,1,1,1,1,1,1,1,1,1,1,2,2,2,2,2,2,2,3,3,3,3,3,3,4,4,4,4,5,5,5,5,6,6,6,7,7,7,8,8,9,9,10,10,11,12,12,13,14,15,16,17,18,19,20,21,23,25,26,28,30,31,31,32,32,33,33,34,34,35,35,36,36,37,37,38,38,39,40,40,41,42,42,43,44,45,46,46,47,48,49,50,51,52,53,54,55,56,57,58,60,61,62,63,65,66,68,70,71,73,75,77,80,82,84,87,90,93,96,99,103,107,111,116,122,128,128,129,130,130,131,132,132,133,134,134,135,136,137,137,138,139,140,141,141,142,143,144,145,146,147,147,148,149,150,151,152,153,154,155,156,157,158,159,161,162,163,164,165,166,168,169,170,172,173,174,176,177,179,180,182,183,185,187,189,190,192,194,196,198,200,202,205,207,209,212,215,217,220,223,226,229,233,236,240,244,248,252,257,262,267,273,280,287,294,302,312,322,334,349,366
Gaussian,2.0,5,3,784,0,1.0,2.5817488282419756,224.2187088921215,3.0783435703248556,0.3873343483536868,1.7078174550094731,1,1,1,1,1,1,1,1,1,1,1,1,1,1,1,1,1,1,1,1,1,1,1,1,1,1,1,1,1,1,1,1,1,1,2,2,2,2,2,2,2,3,3,3,3,3,3,4,4,4,4,4,5,5,5,6,6,6,7,7,7,8,8,9,10,10,11,11,12,13,14,15,16,17,18,19,21,22,24,26,27,28,28,29,29,29,30,30,31,31,32,32,33,33,34,35,35,36,36,37,38,38,39,40,40,41,42,43,43,44,45,46,47,48,49,50,51,52,53,55,56,57,59,60,62,63,65,66,68,70,72,74,76,78,81,83,86,89,92,95,99,103,108,112,118,124,125,125,126,127,127,128,129,129,130,131,132,132,133,134,135,135,136,137,138,139,139,140,141,142,143,144,145,146,147,148,149,150,151,152,153,154,155,156,157,158,159,161,162,163,164,166,167,168,170,171,173,174,176,177,179,180,182,184,186,187,189,191,193,195,197,200,202,204,207,209,212,215,218,221,224,227,230,234,237,241,245,250,255,260,265,271,277,284,292,300,310,320,333,347,364
Gaussian,2.0,6,3,784,0,1.0,2.4165798378257377,222.4394183351102,2.9797668973794407,0.41380797122752094,1.7097751288264853,1,1,1,1,1,1,1,1,1,1,1,1,1,1,1,1,1,1,1,1,1,1,1,1,1,1,1,1,1,1,1,1,1,1,1,1,1,2,2,2,2,2,2,2,3,3,3,3,3,4,4,4,4,4,5,5,5,6,6,6,7,7,7,8,8,9,10,10,11,12,13,14,15,16,17,18,19,21,22,24,26,26,27,27,28,28,29,29,30,30,31,31,32,32,33,33,34,35,35,36,36,37,38,38,39,40,41,42,42,43,44,45,46,47,48,49,50,51,52,53,54,56,57,58,60,61,63,65,66,68,70,72,74,76,79,81,84,87,90,93,97,101,105,110,115,121,122,123,123,124,125,125,126,127,127,128,129,129,130,131,132,132,133,134,135,136,136,137,138,139,140,141,142,143,144,145,146,147,148,149,150,151,152,153,154,155,156,157,159,160,161,162,164,165,166,168,169,171,172,174,175,177,179,180,182,184,186,188,190,192,194,196,199,201,203,206,209,211,214,217,220,223,227,230,234,238,242,247,252,257,262,268,275,282,289,298,307,318,330,344,362
Gaussian,2.0,7,3,784,0,1.0,2.283358958852832,220.9993809643031,2.87982761433863,0.4379512893156333,1.6994665217990361,1,1,1,1,1,1,1,1,1,1,1,1,1,1,1,1,1,1,1,1,1,1,1,1,1,1,1,1,1,1,1,1,1,1,1,1,1,1,1,2,2,2,2,2,2,2,3,3,3,3,3,4,4,4,4,4,5,5,5,6,6,6,7,7,8,8,8,9,10,11,11,12,13,14,15,16,18,19,21,22,24,25,25,26,26,26,27,27,28,28,29,29,30,30,31,31,32,32,33,34,34,35,36,36,37,38,38,39,40,41,42,43,43,44,45,46,47,48,49,51,52,53,54,56,57,59,60,62,64,65,67,69,72,74,76,79,82,84,88,91,95,99,103,108,113,119,120,120,121,122,122,123,124,124,125,126,126,127,128,129,130,130,131,132,133,133,134,135,136,137,138,139,140,141,142,142,143,144,145,146,147,149,150,151,152,153,154,155,156,158,159,160,162,163,164,166,167,169,170,172,173,175,177,179,180,182,184,186,188,190,192,194,197,199,202,204,207,210,212,215,219,222,225,229,233,237,241,245,250,255,261,267,273,280,288,296,305,316,329,343,360
Gaussian,2.0,8,3,784,0,1.0,2.487297260864152,222.75193188655626,3.0249320893806075,0.4020428180154767,1.7027771347348188,1,1,1,1,1,1,1,1,1,1,1,1,1,1,1,1,1,1,1,1,1,1,1,1,1,1,1,1,1,1,1,1,1,1,1,1,2,2,2,2,2,2,3,3,3,3,3,3,4,4,4,4,5,5,5,5,6,6,6,7,7,7,8,8,9,10,10,11,12,12,13,14,15,16,17,18,20,21,23,25,27,27,28,28,28,29,29,30,30,31,31,32,32,33,33,34,34,35,36,36,37,37,38,39,40,40,41,42,43,43,44,45,46,47,48,49,50,51,52,53,55,56,57,58,60,61,63,65,66,68,70,72,74,76,79,81,84,87,90,93,97,101,105,110,116,122,122,123,123,124,125,125,126,127,128,128,129,130,130,131,132,133,133,134,135,136,137,138,138,139,140,141,142,143,144,145,146,147,148,149,150,151,152,153,154,155,157,158,159,160,161,163,164,165,167,168,170,171,173,174,176,178,179,181,183,185,187,189,191,193,195,197,199,202,204,207,210,212,215,218,221,225,228,232,236,240,244,248,253,258,264,270,276,283,291,299,309,320,332,346,364
Gaussian,2.0,9,3,784,0,1.0,2.4987996354262183,224.87160484248267,3.0597853202833196,0.4001921505921105,1.7191584422114852,1,1,1,1,1,1,1,1,1,1,1,1,1,1,1,1,1,1,1,1,1,1,1,1,1,1,1,1,1,1,1,1,1,1,1,1,2,2,2,2,2,2,3,3,3,3,3,3,4,4,4,5,5,5,5,6,6,6,7,7,8,8,8,9,10,10,11,11,12,13,14,15,16,17,18,19,21,22,24,26,28,28,29,29,30,30,31,31,32,32,33,33,34,34,35,36,36,37,37,38,39,39,40,41,42,42,43,44,45,46,46,47,48,49,50,51,52,53,54,56,57,58,60,61,62,64,65,67,69,71,73,75,77,79,82,84,87,90,93,96,100,104,108,113,119,125,126,126,127,128,128,129,130,130,131,132,132,133,134,135,135,136,137,138,139,139,140,141,142,143,144,144,145,146,147,148,149,150,151,152,153,154,155,156,157,159,160,161,162,163,165,166,167,169,170,171,173,174,176,177,179,181,182,184,186,188,189,191,193,195,197,199,202,204,206,209,212,214,217,220,223,226,229,233,237,241,245,249,254,259,264,270,276,283,291,299,309,319,331,346,363
Gaussian,2.0,10,3,784,0,1.0,2.368709415415605,222.0886308127656,2.955732548650815,0.42217082158410035,1.7059986612764446,1,1,1,1,1,1,1,1,1,1,1,1,1,1,1,1,1,1,1,1,1,1,1,1,1,1,1,1,1,1,1,1,1,1,1,1,1,1,2,2,2,2,2,2,3,3,3,3,3,3,4,4,4,4,5,5,5,6,6,6,7,7,7,8,8,9,10,10,11,12,12,13,14,15,16,18,19,20,22,24,26,26,26,27,27,28,28,29,29,30,30,31,31,32,32,33,33,34,35,35,36,37,37,38,39,39,40,41,42,43,43,44,45,46,47,48,49,50,51,53,54,55,56,58,59,61,62,64,66,68,69,71,73,76,78,81,83,86,89,93,96,100,104,109,114,120,121,122,122,123,124,124,125,126,126,127,128,129,129,130,131,132,132,133,134,135,136,137,137,138,139,140,141,142,143,144,145,146,147,148,149,150,151,152,153,154,156,157,158,159,160,162,163,164,166,167,169,170,172,173,175,176,178,180,182,183,185,187,189,191,193,196,198,200,203,205,208,211,213,216,220,223,226,230,234,238,242,246,251,256,262,268,274,281,289,297,307,318,330,345,362
Gaussian,2.0,11,3,784,0,1.0,2.293978226558111,222.23703998569192,2.9200859211246732,0.4359239283192333,1.6904026779703663,1,1,1,1,1,1,1,1,1,1,1,1,1,1,1,1,1,1,1,1,1,1,1,1,1,1,1,1,1,1,1,1,1,1,1,1,1,1,1,2,2,2,2,2,2,3,3,3,3,4,4,4,4,4,5,5,5,5,6,6,6,7,7,8,8,9,9,10,11,12,12,13,14,15,16,17,19,20,22,23,25,26,26,27,27,27,28,28,29,29,30,30,31,31,32,32,33,34,34,35,36,36,37,38,38,39,40,41,41,42,43,44,45,46,47,48,49,50,51,52,53,54,56,57,58,60,61,63,65,66,68,70,72,74,77,79,82,85,88,91,95,99,104,108,114,120,120,121,122,122,123,124,124,125,126,126,127,128,129,129,130,131,132,132,133,134,135,136,137,137,138,139,140,141,142,143,144,145,146,147,148,149,150,151,152,154,155,156,157,158,160,161,162,164,165,166,168,169,171,172,174,176,177,179,181,183,185,187,189,191,193,195,197,200,202,205,207,210,213,216,219,223,226,230,233,237,242,246,251,256,262,268,274,281,289,297,307,318,330,345,362
Gaussian,2.0,12,3,784,0,1.0,2.4157504542912482,222.5520140083025,2.992409118334905,0.41395004116573286,1.7078700510948877,1,1,1,1,1,1,1,1,1,1,1,1,1,1,1,1,1,1,1,1,1,1,1,1,1,1,1,1,1,1,1,1,1,1,1,1,1,2,2,2,2,2,2,2,3,3,3,3,3,4,4,4,4,5,5,5,5,6,6,7,7,7,8,8,9,9,10,11,11,12,13,14,15,16,17,19,20,21,23,25,27,27,28,28,28,29,29,30,30,31,31,32,32,33,33,34,34,35,36,36,37,37,38,39,40,40,41,42,43,44,44,45,46,47,48,49,50,51,52,53,55,56,57,58,60,61,63,64,66,68,70,72,74,76,78,81,83,86,89,93,96,100,105,110,115,121,122,122,123,124,124,125,126,126,127,128,129,129,130,131,132,132,133,134,135,136,136,137,138,139,140,141,142,143,144,145,146,147,148,149,150,151,152,153,154,155,156,158,159,160,161,163,164,165,167,168,170,171,173,174,176,177,179,181,183,184,186,188,190,192,194,196,199,201,204,206,209,211,214,217,220,224,227,231,234,238,242,247,252,257,262,268,274,281,289,297,307,318,330,344,362
Gaussian,2.0,13,3,784,0,1.0,2.4866434012710816,225.27568205288551,3.0596663889990876,0.4021485346426578,1.7103069100818646,1,1,1,1,1,1,1,1,1,1,1,1,1,1,1,1,1,1,1,1,1,1,1,1,1,1,1,1,1,1,1,1,1,1,1,1,2,2,2,2,2,2,3,3,3,3,3,3,4,4,4,5,5,5,5,6,6,7,7,7,8,8,9,9,10,11,11,12,13,13,14,15,16,17,18,20,21,22,24,26,28,28,29,29,30,30,31,31,32,32,33,33,34,34,35,35,36,36,37,38,38,39,40,40,41,42,43,43,44,45,46,47,48,49,50,51,52,53,54,55,56,58,59,60,62,63,65,67,68,70,72,74,76,79,81,84,86,89,93,96,100,104,108,113,118,124,125,125,126,127,127,128,129,130,130,131,132,132,133,134,135,136,136,137,138,139,140,140,141,142,143,144,145,146,147,148,149,150,151,152,153,154,155,156,157,158,160,161,162,163,165,166,167,168,170,171,173,174,176,177,179,181,182,184,186,188,189,191,193,195,198,200,202,204,207,209,212,215,217,220,223,227,230,234,237,241,246,250,255,260,265,271,278,285,292,301,311,322,334,348,366
Gaussian,2.0,14,3,784,0,1.0,2.327358048513293,222.20224117296428,2.94140798577225,0.42967174760187665,1.6963539787491921,1,1,1,1,1,1,1,1,1,1,1,1,1,1,1,1,1,1,1,1,1,1,1,1,1,1,1,1,1,1,1,1,1,1,1,1,1,1,2,2,2,2,2,2,2,3,3,3,3,3,4,4,4,4,5,5,5,6,6,6,7,7,7,8,9,9,10,10,11,12,13,14,15,16,17,18,19,21,22,24,26,26,27,27,28,28,28,29,29,30,30,31,31,32,32,33,33,34,35,35,36,37,37,38,39,39,40,41,42,42,43,44,45,46,47,48,49,50,51,52,53,55,56,57,59,60,62,64,65,67,69,71,73,75,77,80,83,86,89,92,96,100,104,109,114,120,121,121,122,123,123,124,125,125,126,127,127,128,129,130,130,131,132,133,134,134,135,136,137,138,139,140,140,141,142,143,144,145,146,147,148,149,150,152,153,154,155,156,157,159,160,161,162,164,165,167,168,169,171,173,174,176,177,179,181,183,185,187,189,191,193,195,197,200,202,205,207,210,213,216,219,222,226,229,233,237,241,246,250,256,261,267,273,280,288,297,306,317,329,344,361
Gaussian,2.0,15,3,784,0,1.0,2.563407701097906,223.4512946574502,3.070218817911583,0.39010571731203764,1.6932083320535687,1,1,1,1,1,1,1,1,1,1,1,1,1,1,1,1,1,1,1,1,1,1,1,1,1,1,1,1,1,1,1,1,1,1,1,2,2,2,2,2,2,3,3,3,3,3,3,4,4,4,4,5,5,5,5,6,6,6,7,7,7,8,8,9,10,10,11,11,12,13,14,15,16,17,18,19,20,22,24,25,27,28,28,29,29,30,30,30,31,31,32,32,33,33,34,35,35,36,36,37,38,38,39,40,40,41,42,43,43,44,45,46,47,48,49,50,51,52,53,54,55,57,58,59,61,62,64,65,67,69,71,73,75,77,79,82,84,87,90,94,97,101,106,111,116,122,122,123,124,124,125,126,126,127,128,128,129,130,131,131,132,133,134,134,135,136,137,138,139,139,140,141,142,143,144,145,146,147,148,149,150,151,152,153,154,156,157,158,159,160,162,163,164,166,167,169,170,172,173,175,176,178,180,182,183,185,187,189,191,193,195,198,200,202,205,207,210,213,216,219,222,225,229,232,236,240,244,249,254,259,264,270,277,284,292,300,310,321,334,348,366
Gaussian,2.0,16,3,784,0,1.0,2.0922030648459935,219.66731119359605,2.760913869042102,0.47796507748334155,1.6717326202747032,1,1,1,1,1,1,1,1,1,1,1,1,1,1,1,1,1,1,1,1,1,1,1,1,1,1,1,1,1,1,1,1,1,1,1,1,1,1,1,1,1,1,1,2,2,2,2,2,2,3,3,3,3,3,4,4,4,4,5,5,5,6,6,7,7,8,8,9,10,10,11,12,13,14,15,16,17,18,20,22,23,24,24,25,25,25,26,26,27,27,28,28,28,29,29,30,31,31,32,32,33,34,34,35,35,36,37,37,38,39,40,41,41,42,43,44,45,46,47,48,49,51,52,53,55,56,57,59,61,62,64,66,68,70,73,75,78,80,83,87,90,94,98,103,108,114,115,115,116,117,117,118,119,119,120,121,121,122,123,124,124,125,126,127,127,128,129,130,131,132,132,133,134,135,136,137,138,139,140,141,142,143,144,145,147,148,149,150,151,153,154,155,156,158,159,161,162,164,165,167,168,170,172,173,175,177,179,181,183,185,187,190,192,194,197,200,202,205,208,211,214,218,221,225,229,233,237,242,247,252,257,263,270,277,285,294,304,315,328,342,360
Gaussian,2.0,17,3,784,0,1.0,2.394235065629422,222.58585207525192,2.9680423740234922,0.41766993323068274,1.693103521984661,1,1,1,1,1,1,1,1,1,1,1,1,1,1,1,1,1,1,1,1,1,1,1,1,1,1,1,1,1,1,1,1,1,1,1,1,1,2,2,2,2,2,2,2,3,3,3,3,3,4,4,4,4,4,5,5,5,6,6,6,7,7,8,8,9,9,10,10,11,12,13,14,15,16,17,18,19,21,22,24,26,26,27,27,28,28,28,29,29,30,30,31,31,32,32,33,33,34,35,35,36,36,37,38,38,39,40,41,41,42,43,44,45,46,47,48,49,50,51,52,53,55,56,57,59,60,62,64,65,67,69,71,73,75,78,80,83,86,89,92,96,100,104,109,114,120,121,122,122,123,123,124,125,125,126,127,128,128,129,130,131,131,132,133,134,135,135,136,137,138,139,140,141,142,143,144,145,145,146,148,149,150,151,152,153,154,155,156,158,159,160,161,163,164,165,167,168,170,172,173,175,176,178,180,182,184,186,187,190,192,194,196,198,201,203,206,208,211,214,217,220,223,227,231,234,238,243,247,252,257,263,269,275,282,290,299,309,320,332,347,364
Gaussian,2.0,18,3,784,0,1.0,2.467657172072183,224.52538126375262,3.026989116872505,0.4052426776772492,1.6908328229158753,1,1,1,1,1,1,1,1,1,1,1,1,1,1,1,1,1,1,1,1,1,1,1,1,1,1,1,1,1,1,1,1,1,1,1,1,2,2,2,2,2,2,3,3,3,3,3,3,4,4,4,4,4,5,5,5,6,6,6,7,7,8,8,9,9,10,11,11,12,13,14,15,15,16,18,19,20,22,23,25,27,27,28,28,29,29,30,30,30,31,31,32,33,33,34,34,35,35,36,37,37,38,39,39,40,41,42,42,43,44,45,46,47,48,49,50,51,52,53,54,55,56,58,59,61,62,64,65,67,69,71,73,75,77,79,82,84,87,90,94,97,101,106,111,116,122,123,124,124,125,126,126,127,128,128,129,130,131,131,132,133,134,134,135,136,137,138,139,140,140,141,142,143,144,145,146,147,148,149,150,151,152,153,155,156,157,158,159,160,162,163,164,166,167,168,170,171,173,174,176,178,179,181,183,184,186,188,190,192,194,196,199,201,203,206,208,211,214,216,220,223,226,229,233,237,241,245,250,255,260,266,272,278,285,293,302,311,322,335,350,367
Gaussian,2.0,19,3,784,0,1.0,2.2896548869437,220.50217415476286,2.8928014727335487,0.43674704240464385,1.6804891834065407,1,1,1,1,1,1,1,1,1,1,1,1,1,1,1,1,1,1,1,1,1,1,1,1,1,1,1,1,1,1,1,1,1,1,1,1,1,1,1,2,2,2,2,2,2,2,3,3,3,3,3,4,4,4,4,5,5,5,6,6,6,7,7,8,8,9,9,10,10,11,12,13,14,14,16,17,18,19,21,23,24,25,25,26,26,26,27,27,28,28,29,29,30,30,31,31,32,32,33,34,34,35,36,36,37,38,38,39,40,41,41,42,43,44,45,46,47,48,49,50,51,52,54,55,56,58,59,61,63,64,66,68,70,72,75,77,80,83,86,89,93,97,101,106,111,117,118,118,119,119,120,121,121,122,123,124,124,125,126,127,127,128,129,130,130,131,132,133,134,135,135,136,137,138,139,140,141,142,143,144,145,146,147,149,150,151,152,153,154,156,157,158,160,161,162,164,165,167,169,170,172,173,175,177,179,181,182,184,186,189,191,193,195,198,200,203,205,208,211,214,217,221,224,228,232,236,240,245,250,255,261,267,273,281,288,297,307,318,330,345,363
Gaussian,2.0,20,3,784,0,1.0,2.1663261894112265,221.9270273066973,2.826050796969863,0.46161100063688215,1.68548231299548,1,1,1,1,1,1,1,1,1,1,1,1,1,1,1,1,1,1,1,1,1,1,1,1,1,1,1,1,1,1,1,1,1,1,1,1,1,1,1,1,1,1,2,2,2,2,2,3,3,3,3,3,4,4,4,4,5,5,5,6,6,6,7,7,8,8,9,9,10,11,12,12,13,14,16,17,18,19,21,22,24,25,25,25,26,26,27,27,28,28,29,29,30,30,31,31,32,32,33,33,34,35,35,36,37,37,38,39,40,40,41,42,43,44,45,46,47,48,49,50,51,52,54,55,57,58,60,61,63,65,67,69,71,73,75,78,80,83,86,90,93,97,102,106,112,118,118,119,120,120,121,122,122,123,124,124,125,126,127,127,128,129,130,131,131,132,133,134,135,136,137,138,138,139,140,141,142,143,144,145,146,147,148,150,151,152,153,154,155,157,158,159,161,162,163,165,166,168,169,171,172,174,176,178,179,181,183,185,187,189,192,194,196,199,201,204,206,209,212,215,218,222,225,229,233,237,241,246,251,256,261,267,274,281,289,297,307,318,331,345,363
Gaussian,2.0,0,4,784,0,1.0,2.468982469605795,212.60993245194152,3.070592540996026,0.40502515198484296,1.7915225106252735,1,1,1,1,1,1,1,1,1,1,1,1,1,1,1,1,1,1,1,1,1,1,1,1,1,1,1,1,1,1,1,1,1,1,1,1,2,2,2,2,2,3,3,3,3,3,4,4,4,4,5,5,5,6,6,6,7,7,8,8,8,9,9,10,10,11,12,12,13,14,15,16,17,18,19,20,22,23,25,26,28,29,29,30,30,30,31,31,32,32,33,33,34,34,35,35,36,36,37,38,38,39,39,40,41,41,42,43,44,44,45,46,47,48,49,50,51,52,53,54,55,56,58,59,60,62,63,64,66,68,70,71,73,76,78,80,83,85,88,91,95,98,102,107,112,117,118,118,119,119,120,121,121,122,122,123,124,124,125,126,126,127,128,129,129,130,131,132,132,133,134,135,136,136,137,138,139,140,141,142,143,144,145,146,147,148,149,150,151,152,153,154,156,157,158,159,161,162,163,165,166,168,169,171,172,174,176,178,179,181,183,185,187,189,191,194,196,198,201,204,206,209,212,215,219,222,226,230,235,239,244,249,255,262,269,276,285,295,306,320,336
Gaussian,2.0,1,4,784,0,1.0,4.247119368528889,212.4460290756374,3.441688113905154,0.2354537071432439,1.7649781256323955,1,1,1,1,1,1,1,1,1,1,1,1,1,1,1,1,1,1,1,2,2,2,2,2,2,2,2,2,3,3,3,3,3,3,3,4,4,4,4,4,4,4,5,5,5,5,5,6,6,6,6,7,7,7,7,8,8,8,9,9,10,10,11,11,12,13,13,14,15,16,16,17,18,19,20,22,23,25,26,28,30,30,31,31,32,32,32,33,33,34,34,35,35,36,36,37,37,38,39,39,40,40,41,42,42,43,44,44,45,46,47,48,48,49,50,51,52,53,54,56,57,58,59,60,62,63,65,66,68,70,72,73,75,78,80,82,85,88,90,94,97,101,105,109,114,120,120,121,122,122,123,123,124,125,125,126,127,127,128,129,129,130,131,131,132,133,134,134,135,136,137,138,139,139,140,141,142,143,144,145,146,147,148,149,150,151,152,153,154,155,157,158,159,160,162,163,164,166,167,168,170,171,173,174,176,178,180,181,183,185,187,189,191,193,196,198,200,203,205,208,211,214,217,221,224,228,232,236,240,245,250,256,262,268,275,284,293,303,315,329,346
Gaussian,2.0,2,4,784,0,1.0,3.279049238677909,209.58932527247566,3.226628861307113,0.3049664482632757,1.7503977275571976,1,1,1,1,1,1,1,1,1,1,1,1,1,1,1,1,1,1,1,1,1,1,1,1,1,1,2,2,2,2,2,2,2,2,2,3,3,3,3,3,3,3,3,4,4,4,4,4,4,5,5,5,5,6,6,6,6,7,7,8,8,9,9,9,10,11,11,12,13,13,14,15,16,17,18,19,20,22,23,25,27,27,27,28,28,29,29,29,30,30,31,31,32,32,33,33,34,35,35,36,36,37,38,38,39,40,40,41,42,43,44,44,45,46,47,48,49,50,51,52,53,54,55,57,58,60,61,63,64,66,68,70,71,73,76,78,81,83,86,89,93,96,100,105,110,115,116,116,117,117,118,119,119,120,121,121,122,123,123,124,125,125,126,127,127,128,129,130,131,131,132,133,134,135,136,136,137,138,139,140,141,142,143,144,145,146,147,148,149,150,152,153,154,155,156,158,159,160,162,163,165,166,168,169,171,173,175,176,178,180,182,184,186,188,191,193,195,198,201,203,206,209,212,216,219,223,227,231,236,240,246,251,257,264,271,279,288,299,311,325,342
Gaussian,2.0,3,4,784,0,1.0,3.011174092812685,208.51271364804742,3.1522954351430323,0.33209637476188486,1.7507609059698557,1,1,1,1,1,1,1,1,1,1,1,1,1,1,1,1,1,1,1,1,1,1,1,1,1,1,1,1,1,2,2,2,2,2,2,2,2,2,3,3,3,3,3,3,3,4,4,4,4,4,5,5,5,5,6,6,6,7,7,7,8,8,8,9,9,10,10,11,12,12,13,14,15,16,17,18,20,21,22,24,26,27,27,27,28,28,29,29,29,30,30,31,31,32,32,33,34,34,35,35,36,36,37,38,38,39,40,40,41,42,43,43,44,45,46,47,48,49,50,51,52,53,55,56,57,59,60,62,63,65,67,68,70,72,74,77,79,82,85,88,91,95,99,103,108,113,114,114,115,116,116,117,118,118,119,119,120,121,121,122,123,124,124,125,126,127,127,128,129,130,130,131,132,133,134,135,135,136,137,138,139,140,141,142,143,144,145,146,147,148,150,151,152,153,154,156,157,158,160,161,163,164,166,167,169,171,172,174,176,178,180,182,184,186,188,191,193,196,198,201,204,207,210,213,217,221,225,229,233,238,243,249,255,261,269,277,286,296,308,323,340
Gaussian,2.0,4,4,784,0,1.0,3.2290516653242873,211.61115212584303,3.2545350871575858,0.3096884483883202,1.7601709128851988,1,1,1,1,1,1,1,1,1,1,1,1,1,1,1,1,1,1,1,1,1,1,1,1,1,1,2,2,2,2,2,2,2,2,2,3,3,3,3,3,3,3,4,4,4,4,4,4,5,5,5,5,6,6,6,7,7,7,8,8,8,9,9,10,10,11,12,12,13,14,15,16,17,18,19,20,21,23,25,26,28,29,29,30,30,30,31,31,32,32,33,33,34,34,35,35,36,36,37,38,38,39,40,40,41,42,42,43,44,45,46,46,47,48,49,50,51,52,53,54,55,57,58,59,61,62,63,65,66,68,70,72,74,76,78,80,83,85,88,91,94,98,102,106,111,117,117,118,119,119,120,121,121,122,122,123,124,124,125,126,126,127,128,129,129,130,131,132,133,133,134,135,136,137,138,138,139,140,141,142,143,144,145,146,147,148,149,150,151,152,154,155,156,157,159,160,161,163,164,165,167,168,170,172,173,175,177,178,180,182,184,186,188,190,192,195,197,199,202,205,208,211,214,217,220,224,228,232,236,241,246,252,258,264,272,280,289,299,311,325,342
Gaussian,2.0,5,4,784,0,1.0,2.9372334860976683,209.85402000102073,3.119599441203762,0.34045642089167855,1.7405171212200417,1,1,1,1,1,1,1,1,1,1,1,1,1,1,1,1,1,1,1,1,1,1,1,1,1,1,1,1,1,1,2,2,2,2,2,2,2,2,3,3,3,3,3,3,3,3,4,4,4,4,4,4,5,5,5,5,6,6,6,7,7,7,8,8,9,10,10,11,12,12,13,14,15,16,17,18,20,21,23,24,26,26,27,27,27,28,28,29,29,30,30,31,31,32,32,33,33,34,34,35,35,36,37,37,38,39,39,40,41,41,42,43,44,45,46,47,48,49,50,51,52,53,54,56,57,58,60,61,63,65,66,68,70,72,75,77,80,82,85,88,91,95,99,103,108,114,114,115,116,116,117,117,118,119,119,120,121,121,122,123,123,124,125,126,126,127,128,129,129,130,131,132,133,133,134,135,136,137,138,139,140,141,142,143,144,145,146,147,148,149,150,151,153,154,155,156,158,159,161,162,163,165,167,168,170,172,173,175,177,179,181,183,185,187,189,192,194,197,200,202,205,208,212,215,219,222,226,230,235,240,245,250,256,263,270,279,288,298,310,324,342
Gaussian,2.0,6,4,784,0,1.0,2.605148102966277,207.87605169231261,3.0013623471311814,0.38385533584880593,1.7429407564601904,1,1,1,1,1,1,1,1,1,1,1,1,1,1,1,1,1,1,1,1,1,1,1,1,1,1,1,1,1,1,1,1,1,1,2,2,2,2,2,2,2,2,3,3,3,3,3,3,4,4,4,4,4,4,5,5,5,6,6,6,6,7,7,8,8,9,9,10,11,11,12,13,14,15,16,17,18,19,21,23,24,25,25,26,26,26,27,27,28,28,29,29,30,30,31,31,32,32,33,33,34,35,35,36,37,37,38,39,39,40,41,42,43,43,44,45,46,47,48,49,50,52,53,54,55,57,58,60,61,63,65,66,68,70,72,75,77,80,83,86,89,92,96,100,105,111,111,112,112,113,113,114,115,115,116,117,117,118,119,119,120,121,121,122,123,124,124,125,126,127,127,128,129,130,131,132,132,133,134,135,136,137,138,139,140,141,142,144,145,146,147,148,149,151,152,153,155,156,157,159,160,162,163,165,167,168,170,172,174,176,178,179,182,184,186,188,191,193,196,199,202,205,208,211,215,219,223,227,231,236,241,247,253,260,267,276,285,295,307,322,339
Gaussian,2.0,7,4,784,0,1.0,2.2850652909249467,203.70969984987144,2.78414019204422,0.4376242569398185,1.719163932229379,1,1,1,1,1,1,1,1,1,1,1,1,1,1,1,1,1,1,1,1,1,1,1,1,1,1,1,1,1,1,1,1,1,1,1,1,1,1,1,2,2,2,2,2,2,2,2,3,3,3,3,3,3,4,4,4,4,4,5,5,5,5,6,6,6,7,7,8,8,9,9,10,11,12,13,14,15,16,18,19,21,21,22,22,22,23,23,24,24,24,25,25,26,26,27,27,28,28,29,29,30,30,31,31,32,33,33,34,35,36,36,37,38,39,40,40,41,42,43,44,45,46,48,49,50,51,53,54,56,58,59,61,63,65,67,69,72,74,77,80,83,87,91,95,99,105,105,106,107,107,108,108,109,110,110,111,111,112,113,113,114,115,115,116,117,118,118,119,120,121,121,122,123,124,125,126,126,127,128,129,130,131,132,133,134,135,136,137,138,139,141,142,143,144,145,147,148,149,151,152,154,155,157,158,160,162,163,165,167,169,171,173,175,177,180,182,184,187,190,193,195,199,202,205,209,213,217,221,226,230,236,242,248,255,262,270,280,290,302,316,334
Gaussian,2.0,8,4,784,0,1.0,2.5254219205523674,206.43835344929317,2.9449507208827037,0.39597343788846073,1.7245970037662113,1,1,1,1,1,1,1,1,1,1,1,1,1,1,1,1,1,1,1,1,1,1,1,1,1,1,1,1,1,1,1,1,1,1,1,2,2,2,2,2,2,2,2,3,3,3,3,3,3,3,4,4,4,4,4,5,5,5,5,6,6,6,7,7,8,8,9,9,10,11,11,12,13,14,15,16,17,19,20,22,23,24,24,25,25,25,26,26,27,27,28,28,28,29,29,30,30,31,31,32,33,33,34,34,35,36,36,37,38,39,39,40,41,42,42,43,44,45,46,47,48,49,51,52,53,54,56,57,59,60,62,64,66,68,70,72,75,77,80,83,86,90,94,98,103,108,108,109,110,110,111,111,112,113,113,114,114,115,116,117,117,118,119,119,120,121,121,122,123,124,125,125,126,127,128,129,130,131,132,133,134,135,136,137,138,139,140,141,142,143,144,146,147,148,149,151,152,153,155,156,158,159,161,162,164,166,167,169,171,173,175,177,179,181,184,186,189,191,194,197,200,203,206,209,213,217,221,225,230,235,240,246,252,259,267,275,284,295,307,322,339
Gaussian,2.0,9,4,784,0,1.0,2.555846607762516,208.47810920705814,2.99618540717818,0.3912597872512535,1.7390038629387576,1,1,1,1,1,1,1,1,1,1,1,1,1,1,1,1,1,1,1,1,1,1,1,1,1,1,1,1,1,1,1,1,1,1,1,2,2,2,2,2,2,2,3,3,3,3,3,3,3,4,4,4,4,4,5,5,5,6,6,6,7,7,8,8,9,9,10,10,11,12,12,13,14,15,16,17,18,20,21,23,25,25,26,26,27,27,27,28,28,29,29,30,30,31,31,32,32,33,33,34,35,35,36,36,37,38,38,39,40,41,41,42,43,44,45,46,47,48,49,50,51,52,53,54,56,57,58,60,61,63,65,66,68,70,73,75,77,80,83,86,89,93,97,101,106,111,112,112,113,113,114,115,115,116,116,117,118,118,119,120,120,121,122,123,123,124,125,126,126,127,128,129,130,130,131,132,133,134,135,136,137,138,139,140,141,142,143,144,145,146,147,148,150,151,152,153,155,156,157,159,160,162,163,165,167,168,170,172,174,175,177,179,182,184,186,188,191,193,196,199,201,205,208,211,215,218,222,226,231,236,241,246,252,259,267,275,284,295,307,321,338
Gaussian,2.0,10,4,784,0,1.0,2.4713780613512304,206.13911093003787,2.9171366868940822,0.4046325471762293,1.7279841699630891,1,1,1,1,1,1,1,1,1,1,1,1,1,1,1,1,1,1,1,1,1,1,1,1,1,1,1,1,1,1,1,1,1,1,1,1,2,2,2,2,2,2,2,2,3,3,3,3,3,3,4,4,4,4,4,4,5,5,5,6,6,6,7,7,7,8,8,9,10,10,11,12,13,14,15,16,17,18,20,21,23,23,24,24,24,25,25,26,26,27,27,27,28,28,29,29,30,30,31,31,32,33,33,34,34,35,36,37,37,38,39,40,41,41,42,43,44,45,46,47,48,50,51,52,53,55,56,58,59,61,62,64,66,68,70,72,75,77,80,83,87,90,94,98,103,108,109,109,110,110,111,112,112,113,114,114,115,115,116,117,117,118,119,120,120,121,122,123,123,124,125,126,127,127,128,129,130,131,132,133,134,135,136,137,138,139,140,141,142,143,144,146,147,148,149,151,152,153,155,156,158,159,161,162,164,166,167,169,171,173,175,177,179,181,183,186,188,191,193,196,199,202,205,209,212,216,220,224,229,234,239,244,251,257,265,273,282,293,305,319,337
Gaussian,2.0,11,4,784,0,1.0,2.3002464602475103,204.87878819659124,2.8207973053243545,0.43473602384867854,1.7083138626929857,1,1,1,1,1,1,1,1,1,1,1,1,1,1,1,1,1,1,1,1,1,1,1,1,1,1,1,1,1,1,1,1,1,1,1,1,1,1,1,2,2,2,2,2,2,2,3,3,3,3,3,4,4,4,4,4,4,5,5,5,5,6,6,6,7,7,8,8,9,10,10,11,12,13,14,15,16,17,19,20,22,22,22,23,23,23,24,24,25,25,26,26,26,27,27,28,29,29,30,30,31,31,32,32,33,34,34,35,36,36,37,38,39,39,40,41,42,43,44,45,46,47,48,49,51,52,53,55,56,58,59,61,63,65,67,69,71,74,77,80,83,87,91,95,100,105,106,106,107,108,108,109,109,110,111,111,112,113,113,114,115,115,116,117,117,118,119,120,120,121,122,123,124,124,125,126,127,128,129,130,131,132,133,134,135,136,137,138,139,140,141,142,144,145,146,147,149,150,151,153,154,156,158,159,161,163,164,166,168,170,172,174,176,178,181,183,186,188,191,194,197,200,203,206,210,214,218,222,227,232,237,243,249,256,264,272,282,292,305,319,337
Gaussian,2.0,12,4,784,0,1.0,2.434929991704655,205.37704870300522,2.8911558159002633,0.41068942573577494,1.7175123808851636,1,1,1,1,1,1,1,1,1,1,1,1,1,1,1,1,1,1,1,1,1,1,1,1,1,1,1,1,1,1,1,1,1,1,1,1,1,2,2,2,2,2,2,2,2,3,3,3,3,3,3,3,4,4,4,4,4,5,5,5,6,6,7,7,7,8,8,9,10,10,11,12,13,14,15,16,17,18,20,21,23,23,23,24,24,25,25,25,26,26,27,27,28,28,29,29,30,30,31,31,32,32,33,34,34,35,36,36,37,38,38,39,40,41,42,42,43,44,45,46,47,49,50,51,52,53,55,56,58,59,61,63,65,67,69,71,73,76,78,81,85,88,92,96,101,106,107,107,108,109,109,110,111,111,112,112,113,114,114,115,116,117,117,118,119,119,120,121,122,122,123,124,125,126,127,128,128,129,130,131,132,133,134,135,136,137,138,139,140,141,143,144,145,146,148,149,150,151,153,154,156,157,159,160,162,164,165,167,169,171,173,175,177,179,182,184,186,189,192,194,197,200,204,207,211,214,218,223,227,232,238,243,250,257,264,273,282,293,305,319,337
Gaussian,2.0,13,4,784,0,1.0,2.5176669775626035,208.6568150340777,2.968115981731472,0.39719311922981854,1.7202083277433116,1,1,1,1,1,1,1,1,1,1,1,1,1,1,1,1,1,1,1,1,1,1,1,1,1,1,1,1,1,1,1,1,1,1,1,2,2,2,2,2,2,2,2,3,3,3,3,3,3,3,4,4,4,4,5,5,5,5,6,6,7,7,7,8,8,9,10,10,11,12,12,13,14,15,16,17,18,19,21,22,24,25,25,25,26,26,27,27,27,28,28,29,29,30,30,31,31,32,32,33,33,34,35,35,36,37,37,38,39,39,40,41,42,43,44,45,45,46,47,48,50,51,52,53,54,56,57,58,60,62,63,65,67,69,71,74,76,79,81,85,88,91,95,100,104,110,110,111,111,112,112,113,114,114,115,116,116,117,118,118,119,120,120,121,122,123,123,124,125,126,127,127,128,129,130,131,132,133,133,134,135,136,137,138,139,140,142,143,144,145,146,147,148,150,151,152,154,155,156,158,159,161,163,164,166,167,169,171,173,175,177,179,181,183,186,188,191,193,196,199,202,205,208,211,215,219,223,227,232,237,242,248,254,261,269,277,286,297,310,324,342
Gaussian,2.0,14,4,784,0,1.0,2.462634248014096,205.75053308520293,2.9161778716021645,0.40606923289823266,1.7067813632709403,1,1,1,1,1,1,1,1,1,1,1,1,1,1,1,1,1,1,1,1,1,1,1,1,1,1,1,1,1,1,1,1,1,1,1,1,2,2,2,2,2,2,2,3,3,3,3,3,3,3,4,4,4,4,4,5,5,5,5,6,6,6,7,7,8,8,9,9,10,10,11,12,13,14,15,16,17,18,20,21,23,23,23,24,24,25,25,25,26,26,27,27,28,28,29,29,30,30,31,31,32,32,33,34,34,35,36,36,37,38,38,39,40,41,42,42,43,44,45,46,47,48,50,51,52,53,55,56,58,59,61,63,65,67,69,71,73,76,79,82,85,88,92,97,101,107,107,108,108,109,110,110,111,111,112,113,113,114,115,115,116,117,117,118,119,120,120,121,122,123,123,124,125,126,127,128,129,129,130,131,132,133,134,135,136,137,138,139,141,142,143,144,145,147,148,149,151,152,153,155,156,158,159,161,162,164,166,168,169,171,173,175,177,180,182,184,187,189,192,195,198,201,204,208,211,215,219,224,228,233,239,244,251,258,265,274,283,294,306,321,339
Gaussian,2.0,15,4,784,0,1.0,2.6939546167553057,206.90611413173556,3.0078458685614513,0.37120150197794916,1.7004639182995247,1,1,1,1,1,1,1,1,1,1,1,1,1,1,1,1,1,1,1,1,1,1,1,1,1,1,1,1,1,1,1,1,1,2,2,2,2,2,2,2,2,3,3,3,3,3,3,3,3,4,4,4,4,4,5,5,5,5,6,6,6,7,7,8,8,9,9,10,10,11,12,13,13,14,15,17,18,19,21,22,24,24,25,25,25,26,26,27,27,28,28,28,29,29,30,30,31,31,32,32,33,34,34,35,35,36,37,37,38,39,39,40,41,42,43,44,45,46,47,48,49,50,51,52,53,55,56,57,59,60,62,64,66,68,70,72,74,77,80,83,86,89,93,98,102,108,108,109,109,110,110,111,112,112,113,114,114,115,115,116,117,118,118,119,120,120,121,122,123,123,124,125,126,127,128,129,129,130,131,132,133,134,135,136,137,138,139,141,142,143,144,145,146,148,149,150,152,153,154,156,157,159,161,162,164,166,167,169,171,173,175,177,179,182,184,186,189,191,194,197,200,203,207,210,214,218,222,226,231,236,241,247,254,261,268,277,287,298,310,325,343
Gaussian,2.0,16,4,784,0,1.0,2.0826744965237767,202.07108185541452,2.629837737898205,0.48015184402032823,1.6719511205437279,1,1,1,1,1,1,1,1,1,1,1,1,1,1,1,1,1,1,1,1,1,1,1,1,1,1,1,1,1,1,1,1,1,1,1,1,1,1,1,1,1,1,1,1,2,2,2,2,2,2,2,3,3,3,3,3,3,4,4,4,4,4,5,5,5,6,6,7,7,8,9,9,10,11,12,13,14,15,16,18,19,19,20,20,21,21,21,22,22,22,23,23,24,24,25,25,26,26,26,27,27,28,29,29,30,30,31,31,32,33,33,34,35,36,37,37,38,39,40,41,42,43,44,45,46,48,49,50,52,53,55,56,58,60,62,64,66,69,71,74,78,81,85,89,93,99,99,100,100,101,101,102,103,103,104,104,105,106,106,107,108,108,109,110,111,111,112,113,114,114,115,116,117,118,118,119,120,121,122,123,124,125,126,127,128,129,130,131,132,133,135,136,137,138,140,141,142,144,145,146,148,150,151,153,154,156,158,160,162,164,166,168,170,172,175,177,180,182,185,188,191,194,197,201,205,209,213,217,222,227,233,239,245,252,260,269,279,290,303,318,336
Gaussian,2.0,17,4,784,0,1.0,2.482069258514189,205.87971827205456,2.8899701161923774,0.40288964402170546,1.695812804120126,1,1,1,1,1,1,1,1,1,1,1,1,1,1,1,1,1,1,1,1,1,1,1,1,1,1,1,1,1,1,1,1,1,1,1,1,2,2,2,2,2,2,2,2,2,3,3,3,3,3,3,4,4,4,4,4,4,5,5,5,6,6,6,7,7,8,8,9,9,10,11,11,12,13,14,15,16,18,19,20,22,22,23,23,24,24,24,25,25,26,26,26,27,27,28,28,29,29,30,30,31,31,32,33,33,34,35,35,36,37,37,38,39,40,40,41,42,43,44,45,46,47,49,50,51,52,54,55,57,58,60,62,64,66,68,70,72,75,78,81,84,88,92,96,101,106,107,107,108,108,109,109,110,111,111,112,113,113,114,115,115,116,117,117,118,119,120,120,121,122,123,124,124,125,126,127,128,129,130,131,132,133,134,135,136,137,138,139,140,141,142,144,145,146,147,149,150,151,153,154,156,157,159,160,162,164,166,168,169,171,173,176,178,180,182,185,187,190,193,196,199,202,205,209,212,216,220,225,229,235,240,246,252,259,267,276,285,296,309,324,342
Gaussian,2.0,18,4,784,0,1.0,2.556136086339007,207.41582400358612,2.9512864846072806,0.3912154776674027,1.6944413331166293,1,1,1,1,1,1,1,1,1,1,1,1,1,1,1,1,1,1,1,1,1,1,1,1,1,1,1,1,1,1,1,1,1,1,1,2,2,2,2,2,2,2,3,3,3,3,3,3,3,4,4,4,4,4,4,5,5,5,5,6,6,6,7,7,8,8,9,9,10,11,12,12,13,14,15,16,17,18,20,21,23,23,24,24,24,25,25,26,26,27,27,28,28,28,29,29,30,31,31,32,32,33,33,34,35,35,36,37,37,38,39,40,40,41,42,43,44,45,46,47,48,49,50,51,53,54,55,57,58,60,61,63,65,67,69,72,74,76,79,82,85,89,93,97,102,107,108,109,109,110,110,111,112,112,113,114,114,115,116,116,117,118,118,119,120,121,121,122,123,124,125,125,126,127,128,129,130,131,132,133,134,135,136,137,138,139,140,141,142,143,144,145,147,148,149,151,152,153,155,156,158,159,161,162,164,166,168,169,171,173,175,177,180,182,184,187,189,192,195,197,200,204,207,210,214,218,222,227,231,236,242,248,254,261,269,278,287,298,311,326,344
Gaussian,2.0,19,4,784,0,1.0,2.432526659265981,203.38355504887548,2.8380221124030136,0.4110951862298404,1.6776764721852264,1,1,1,1,1,1,1,1,1,1,1,1,1,1,1,1,1,1,1,1,1,1,1,1,1,1,1,1,1,1,1,1,1,1,1,1,1,2,2,2,2,2,2,2,2,2,3,3,3,3,3,3,3,4,4,4,4,5,5,5,5,6,6,6,7,7,8,8,9,9,10,10,11,12,13,14,15,16,18,19,21,21,21,22,22,23,23,23,24,24,24,25,25,26,26,27,27,28,28,29,29,30,30,31,31,32,33,33,34,35,35,36,37,38,38,39,40,41,42,43,44,45,46,47,49,50,51,53,54,56,57,59,61,63,65,67,69,72,75,78,81,84,88,92,97,102,103,104,104,105,105,106,106,107,108,108,109,110,110,111,112,112,113,114,115,115,116,117,118,118,119,120,121,122,123,123,124,125,126,127,128,129,130,131,132,133,134,135,137,138,139,140,141,143,144,145,147,148,149,151,152,154,156,157,159,161,162,164,166,168,170,172,175,177,179,182,184,187,190,193,196,199,202,206,209,213,218,222,227,232,238,244,250,257,265,274,284,295,308,323,341
Gaussian,2.0,20,4,784,0,1.0,2.1556269176581706,204.19917727059564,2.7069787671813352,0.4639021677676858,1.6862960249827534,1,1,1,1,1,1,1,1,1,1,1,1,1,1,1,1,1,1,1,1,1,1,1,1,1,1,1,1,1,1,1,1,1,1,1,1,1,1,1,1,1,1,2,2,2,2,2,2,2,3,3,3,3,3,3,4,4,4,4,4,5,5,5,6,6,6,7,7,8,9,9,10,11,12,13,14,15,16,17,19,20,21,21,21,22,22,22,23,23,23,24,24,25,25,26,26,27,27,28,28,29,29,30,30,31,31,32,33,33,34,35,35,36,37,38,38,39,40,41,42,43,44,46,47,48,49,51,52,53,55,57,58,60,62,64,67,69,72,74,77,80,84,88,92,97,102,103,103,104,105,105,106,106,107,108,108,109,110,110,111,112,112,113,114,114,115,116,117,117,118,119,120,121,121,122,123,124,125,126,127,128,129,130,131,132,133,134,135,136,137,138,140,141,142,143,145,146,147,149,150,152,153,155,157,158,160,162,164,166,168,170,172,174,176,178,181,183,186,189,192,195,198,201,205,209,213,217,221,226,231,236,242,249,256,264,272,282,293,306,321,338
Gaussian,2.0,0,5,784,0,1.0,2.4547349380432366,199.2415320308993,3.023482956286611,0.40737595921339614,1.832141885093635,1,1,1,1,1,1,1,1,1,1,1,1,1,1,1,1,1,1,1,1,1,1,1,1,1,1,1,1,1,1,1,1,1,1,1,1,2,2,2,2,2,2,3,3,3,3,3,4,4,4,4,5,5,5,6,6,6,7,7,7,8,8,9,9,10,10,11,12,13,13,14,15,16,17,18,19,20,22,23,25,27,27,27,28,28,29,29,29,30,30,31,31,32,32,33,33,34,34,35,35,36,36,37,38,38,39,40,40,41,42,42,43,44,45,46,47,48,48,49,50,52,53,54,55,56,57,59,60,62,63,65,66,68,70,72,74,76,79,81,84,87,91,94,98,102,107,108,108,109,109,110,110,111,112,112,113,113,114,115,115,116,116,117,118,118,119,120,120,121,122,123,123,124,125,126,127,127,128,129,130,131,132,133,133,134,135,136,137,138,139,140,141,142,144,145,146,147,148,149,151,152,153,155,156,158,159,161,162,164,165,167,169,171,173,175,177,179,181,183,186,188,191,194,197,200,203,207,211,215,219,224,229,234,240,247,254,262,272,283,296,312
Gaussian,2.0,1,5,784,0,1.0,4.847492764771559,197.238569281358,3.366447357700466,0.20629221094817368,1.773469537637221,1,1,1,1,1,1,1,1,1,1,1,1,1,1,1,1,2,2,2,2,2,2,2,2,2,2,3,3,3,3,3,3,3,3,3,3,4,4,4,4,4,4,4,4,5,5,5,5,5,5,6,6,6,6,7,7,7,7,8,8,8,9,9,10,10,11,12,12,13,14,14,15,16,17,18,19,20,22,23,25,26,27,27,27,28,28,29,29,29,30,30,31,31,32,32,33,33,34,34,35,35,36,36,37,38,38,39,40,40,41,42,43,43,44,45,46,47,48,49,50,51,52,53,54,55,57,58,59,61,62,64,66,67,69,71,73,76,78,81,84,87,90,93,98,102,107,107,108,109,109,110,110,111,111,112,112,113,114,114,115,116,116,117,118,118,119,120,120,121,122,123,123,124,125,126,127,127,128,129,130,131,132,133,134,135,135,136,137,138,140,141,142,143,144,145,146,148,149,150,151,153,154,156,157,158,160,162,163,165,167,168,170,172,174,176,178,181,183,186,188,191,194,197,200,203,207,210,214,219,224,229,234,240,246,253,261,270,281,292,306,323
Gaussian,2.0,2,5,784,0,1.0,3.773735382927847,195.50527382468158,3.2143085308225916,0.26498943315526047,1.7656022819018915,1,1,1,1,1,1,1,1,1,1,1,1,1,1,1,1,1,1,1,1,1,1,2,2,2,2,2,2,2,2,2,2,3,3,3,3,3,3,3,3,3,3,4,4,4,4,4,4,4,5,5,5,5,5,6,6,6,6,7,7,7,8,8,9,9,10,10,11,11,12,13,13,14,15,16,17,18,20,21,23,24,25,25,25,26,26,26,27,27,28,28,29,29,29,30,30,31,31,32,33,33,34,34,35,36,36,37,37,38,39,40,40,41,42,43,44,44,45,46,47,48,49,51,52,53,54,56,57,58,60,62,63,65,67,69,71,73,76,78,81,84,88,91,95,99,104,105,105,106,106,107,107,108,109,109,110,110,111,112,112,113,113,114,115,115,116,117,117,118,119,120,120,121,122,123,123,124,125,126,127,128,129,130,130,131,132,133,134,135,136,137,139,140,141,142,143,144,146,147,148,150,151,152,154,155,157,159,160,162,164,165,167,169,171,173,176,178,180,183,185,188,191,194,197,201,204,208,212,216,221,226,231,237,243,250,258,267,278,289,303,320
Gaussian,2.0,3,5,784,0,1.0,3.3723014302673584,193.84567689053821,3.125882477140623,0.2965333973483857,1.7646375643993517,1,1,1,1,1,1,1,1,1,1,1,1,1,1,1,1,1,1,1,1,1,1,1,1,1,2,2,2,2,2,2,2,2,2,2,2,3,3,3,3,3,3,3,3,4,4,4,4,4,4,4,5,5,5,5,5,6,6,6,6,7,7,8,8,8,9,9,10,10,11,12,12,13,14,15,16,17,19,20,22,23,24,24,24,25,25,26,26,26,27,27,28,28,29,29,29,30,30,31,32,32,33,33,34,34,35,36,36,37,38,38,39,40,41,42,42,43,44,45,46,47,48,49,51,52,53,54,56,57,59,60,62,64,65,67,69,72,74,77,79,82,86,89,93,97,102,103,103,104,104,105,105,106,106,107,107,108,109,109,110,110,111,112,112,113,114,114,115,116,117,117,118,119,120,120,121,122,123,124,125,125,126,127,128,129,130,131,132,133,134,135,136,137,138,140,141,142,143,145,146,147,149,150,151,153,155,156,158,159,161,163,165,167,169,171,173,175,178,180,183,186,188,191,195,198,201,205,209,213,218,223,228,234,240,248,255,264,275,286,300,317
Gaussian,2.0,4,5,784,0,1.0,3.3760341807471455,195.92074898020653,3.159294335593972,0.2962055318346011,1.7680095485164324,1,1,1,1,1,1,1,1,1,1,1,1,1,1,1,1,1,1,1,1,1,1,1,1,1,2,2,2,2,2,2,2,2,2,2,3,3,3,3,3,3,3,3,3,4,4,4,4,4,4,5,5,5,5,5,6,6,6,6,7,7,7,8,8,9,9,10,10,11,12,12,13,14,15,16,17,18,20,21,22,24,25,25,25,26,26,27,27,27,28,28,29,29,30,30,31,31,32,32,33,33,34,34,35,36,36,37,38,38,39,40,41,41,42,43,44,45,46,47,48,49,50,51,52,53,55,56,57,59,60,62,63,65,67,69,71,73,76,78,81,84,87,91,95,99,104,104,105,105,106,106,107,108,108,109,109,110,111,111,112,112,113,114,114,115,116,116,117,118,119,119,120,121,122,122,123,124,125,126,127,127,128,129,130,131,132,133,134,135,136,137,138,140,141,142,143,144,145,147,148,149,151,152,154,155,157,158,160,162,163,165,167,169,171,173,175,177,180,182,185,187,190,193,196,200,203,207,211,215,220,225,230,236,242,250,257,266,276,288,302,319
Gaussian,2.0,5,5,784,0,1.0,3.150451096447283,194.0267108138267,3.0472686995511267,0.31741486199474267,1.7476002146613527,1,1,1,1,1,1,1,1,1,1,1,1,1,1,1,1,1,1,1,1,1,1,1,1,1,1,1,2,2,2,2,2,2,2,2,2,2,2,3,3,3,3,3,3,3,3,3,4,4,4,4,4,4,4,4,5,5,5,6,6,6,6,7,7,7,8,9,9,10,10,11,12,13,14,15,16,17,18,20,21,23,23,23,24,24,24,25,25,26,26,26,27,27,28,28,29,29,30,30,31,31,32,32,33,33,34,35,35,36,36,37,38,39,39,40,41,42,43,44,45,46,47,48,49,50,51,53,54,56,57,59,60,62,64,66,68,70,73,75,78,81,84,88,92,96,101,101,102,103,103,104,104,105,105,106,106,107,108,108,109,109,110,111,111,112,113,113,114,115,116,116,117,118,119,119,120,121,122,123,124,124,125,126,127,128,129,130,131,132,133,134,135,136,137,139,140,141,142,144,145,146,148,149,151,152,154,155,157,159,160,162,164,166,168,170,172,175,177,179,182,185,188,191,194,197,201,205,209,213,218,223,228,234,241,248,256,265,275,287,301,318
Gaussian,2.0,6,5,784,0,1.0,2.867374004898676,193.00601354910037,2.9876728696115067,0.34875115638615023,1.7579698519354028,1,1,1,1,1,1,1,1,1,1,1,1,1,1,1,1,1,1,1,1,1,1,1,1,1,1,1,1,1,1,2,2,2,2,2,2,2,2,2,2,3,3,3,3,3,3,3,3,4,4,4,4,4,4,4,5,5,5,5,6,6,6,7,7,7,8,8,9,9,10,11,12,12,13,14,15,16,18,19,20,22,22,23,23,23,24,24,25,25,25,26,26,27,27,28,28,29,29,30,30,31,31,32,32,33,34,34,35,35,36,37,38,38,39,40,41,42,43,43,44,45,46,48,49,50,51,52,54,55,57,58,60,61,63,65,67,69,72,74,77,80,83,87,90,95,100,100,101,101,102,102,103,103,104,104,105,106,106,107,107,108,109,109,110,111,111,112,113,113,114,115,115,116,117,118,119,119,120,121,122,123,124,125,125,126,127,128,129,130,131,132,134,135,136,137,138,139,141,142,143,144,146,147,149,150,152,153,155,157,159,160,162,164,166,168,171,173,175,178,180,183,186,189,192,196,199,203,207,211,216,221,226,232,239,246,254,263,273,285,299,316
Gaussian,2.0,7,5,784,0,1.0,2.5016227990099607,189.54455348352224,2.782586265580345,0.3997405205915771,1.729889360529441,1,1,1,1,1,1,1,1,1,1,1,1,1,1,1,1,1,1,1,1,1,1,1,1,1,1,1,1,1,1,1,1,1,1,1,2,2,2,2,2,2,2,2,2,2,2,3,3,3,3,3,3,3,3,4,4,4,4,4,4,5,5,5,5,6,6,6,7,7,8,8,9,10,10,11,12,13,14,16,17,19,19,19,20,20,20,21,21,22,22,22,23,23,24,24,24,25,25,26,26,27,27,28,28,29,29,30,31,31,32,33,33,34,35,36,36,37,38,39,40,41,42,43,44,45,46,48,49,50,52,53,55,56,58,60,62,64,67,69,72,75,78,81,85,89,94,95,95,96,96,97,97,98,99,99,100,100,101,101,102,103,103,104,105,105,106,107,107,108,109,109,110,111,112,113,113,114,115,116,117,117,118,119,120,121,122,123,124,125,126,127,128,129,131,132,133,134,135,137,138,139,141,142,144,145,147,148,150,152,153,155,157,159,161,163,166,168,170,173,176,178,181,184,188,191,195,199,203,207,212,217,222,228,235,242,250,260,270,282,296,313
Gaussian,2.0,8,5,784,0,1.0,2.637874536555351,190.75335460153207,2.8578251513824,0.37909308655211577,1.726567586247619,1,1,1,1,1,1,1,1,1,1,1,1,1,1,1,1,1,1,1,1,1,1,1,1,1,1,1,1,1,1,1,1,1,2,2,2,2,2,2,2,2,2,2,3,3,3,3,3,3,3,3,3,4,4,4,4,4,4,5,5,5,5,6,6,6,7,7,7,8,8,9,10,11,11,12,13,14,15,17,18,20,20,20,21,21,21,22,22,23,23,23,24,24,25,25,25,26,26,27,27,28,28,29,30,30,31,31,32,33,33,34,35,35,36,37,38,39,39,40,41,42,43,44,45,46,48,49,50,52,53,54,56,58,60,61,63,66,68,70,73,76,79,83,86,91,95,96,96,97,98,98,99,99,100,100,101,101,102,103,103,104,105,105,106,106,107,108,109,109,110,111,111,112,113,114,114,115,116,117,118,119,120,120,121,122,123,124,125,126,127,128,129,131,132,133,134,135,137,138,139,140,142,143,145,146,148,149,151,153,155,156,158,160,162,165,167,169,172,174,177,180,182,186,189,192,196,200,204,208,213,218,224,230,237,244,252,262,272,284,299,316
Gaussian,2.0,9,5,784,0,1.0,2.6570598135943886,192.53106140724404,2.9046767099057984,0.3763558482513914,1.7320172947059675,1,1,1,1,1,1,1,1,1,1,1,1,1,1,1,1,1,1,1,1,1,1,1,1,1,1,1,1,1,1,1,1,1,2,2,2,2,2,2,2,2,2,2,3,3,3,3,3,3,3,3,4,4,4,4,4,4,5,5,5,6,6,6,7,7,7,8,8,9,9,10,11,12,12,13,14,15,17,18,19,21,21,22,22,22,23,23,24,24,24,25,25,26,26,27,27,27,28,28,29,30,30,31,31,32,32,33,34,34,35,36,36,37,38,38,39,40,41,42,43,44,45,46,47,48,49,51,52,53,55,56,58,60,61,63,65,67,70,72,75,78,81,84,88,92,97,98,98,99,99,100,100,101,102,102,103,103,104,104,105,106,106,107,108,108,109,110,110,111,112,112,113,114,115,116,116,117,118,119,120,121,121,122,123,124,125,126,127,128,129,130,131,132,133,135,136,137,138,140,141,142,144,145,146,148,150,151,153,155,156,158,160,162,164,166,168,171,173,176,178,181,184,187,190,194,197,201,205,210,214,219,225,231,238,245,253,262,273,285,300,317
Gaussian,2.0,10,5,784,0,1.0,2.5691901263124195,190.1880645401616,2.8391235714657825,0.38922771411834306,1.7335064412988554,1,1,1,1,1,1,1,1,1,1,1,1,1,1,1,1,1,1,1,1,1,1,1,1,1,1,1,1,1,1,1,1,1,1,2,2,2,2,2,2,2,2,2,2,3,3,3,3,3,3,3,3,4,4,4,4,4,4,4,5,5,5,6,6,6,7,7,8,8,9,9,10,11,11,12,13,14,15,17,18,20,20,20,21,21,21,22,22,22,23,23,24,24,25,25,25,26,26,27,27,28,28,29,29,30,31,31,32,32,33,34,34,35,36,37,37,38,39,40,41,42,43,44,45,46,47,49,50,51,53,54,56,57,59,61,63,65,68,70,73,76,79,83,86,91,95,96,96,97,97,98,99,99,100,100,101,101,102,103,103,104,104,105,106,106,107,108,108,109,110,110,111,112,113,114,114,115,116,117,118,118,119,120,121,122,123,124,125,126,127,128,129,130,131,132,134,135,136,137,139,140,142,143,145,146,148,149,151,153,154,156,158,160,162,164,166,169,171,174,176,179,182,185,188,191,195,199,203,207,212,217,222,228,235,242,250,259,270,282,296,313
Gaussian,2.0,11,5,784,0,1.0,2.4247684993020227,189.15982283811616,2.7548206226463106,0.41241050446170563,1.7015391366867292,1,1,1,1,1,1,1,1,1,1,1,1,1,1,1,1,1,1,1,1,1,1,1,1,1,1,1,1,1,1,1,1,1,1,1,1,1,2,2,2,2,2,2,2,2,3,3,3,3,3,3,3,3,4,4,4,4,4,4,4,5,5,5,5,6,6,6,7,7,8,8,9,10,10,11,12,13,14,16,17,18,18,19,19,19,20,20,20,21,21,22,22,22,23,23,24,24,25,25,26,26,27,27,28,28,29,29,30,31,31,32,33,33,34,35,35,36,37,38,39,40,41,42,43,44,45,46,47,49,50,51,53,55,56,58,60,62,64,67,70,72,76,79,83,88,92,93,93,94,95,95,96,96,97,97,98,99,99,100,100,101,102,102,103,103,104,105,105,106,107,108,108,109,110,111,111,112,113,114,115,116,117,117,118,119,120,121,122,123,124,125,126,127,129,130,131,132,133,135,136,138,139,140,142,143,145,147,148,150,152,154,155,157,160,162,164,166,169,171,174,177,180,183,186,190,193,197,201,206,211,216,222,228,235,242,250,260,270,283,297,315
Gaussian,2.0,12,5,784,0,1.0,2.7251846881691946,190.33006254232086,2.865466097851899,0.36694760701587886,1.7195849692800447,1,1,1,1,1,1,1,1,1,1,1,1,1,1,1,1,1,1,1,1,1,1,1,1,1,1,1,1,1,1,1,1,2,2,2,2,2,2,2,2,2,2,2,3,3,3,3,3,3,3,3,3,4,4,4,4,4,4,4,5,5,5,6,6,6,7,7,8,8,9,9,10,11,11,12,13,14,16,17,18,20,20,20,21,21,21,22,22,22,23,23,24,24,25,25,25,26,26,27,27,28,28,29,29,30,31,31,32,32,33,34,34,35,36,36,37,38,39,40,41,42,43,44,45,46,47,48,49,51,52,54,55,57,59,61,63,65,67,69,72,75,78,82,85,90,95,95,96,96,97,97,98,98,99,99,100,101,101,102,102,103,104,104,105,106,106,107,108,108,109,110,111,111,112,113,114,115,115,116,117,118,119,120,121,121,122,123,124,125,126,127,129,130,131,132,133,134,136,137,138,140,141,143,144,146,147,149,151,152,154,156,158,160,162,164,166,169,171,174,177,179,182,185,189,192,196,200,204,208,213,218,224,230,237,244,253,262,273,285,300,317
Gaussian,2.0,13,5,784,0,1.0,2.822402255392507,193.7248775431074,2.9351395959906275,0.3543081068934774,1.71285083490018,1,1,1,1,1,1,1,1,1,1,1,1,1,1,1,1,1,1,1,1,1,1,1,1,1,1,1,1,1,1,1,2,2,2,2,2,2,2,2,2,2,2,3,3,3,3,3,3,3,3,3,3,4,4,4,4,4,5,5,5,6,6,6,7,7,7,8,9,9,10,10,11,12,13,14,14,16,17,18,19,21,21,22,22,22,23,23,23,24,24,25,25,25,26,26,27,27,28,28,29,29,30,30,31,31,32,33,33,34,34,35,36,37,37,38,39,40,41,42,42,43,44,46,47,48,49,50,51,53,54,56,57,59,61,63,65,67,69,72,75,78,81,84,88,93,98,98,99,99,100,100,101,101,102,102,103,104,104,105,105,106,107,107,108,109,109,110,111,111,112,113,114,114,115,116,117,117,118,119,120,121,122,123,124,125,126,126,128,129,130,131,132,133,134,135,136,138,139,140,142,143,145,146,148,149,151,152,154,156,158,160,162,164,166,168,170,173,175,178,181,183,186,190,193,197,200,204,208,213,218,223,229,235,242,249,258,267,278,290,305,323
Gaussian,2.0,14,5,784,0,1.0,2.6601156122499474,190.25608645807569,2.8487467354570657,0.37592351076583164,1.6979261339463059,1,1,1,1,1,1,1,1,1,1,1,1,1,1,1,1,1,1,1,1,1,1,1,1,1,1,1,1,1,1,1,1,1,2,2,2,2,2,2,2,2,2,2,3,3,3,3,3,3,3,3,3,4,4,4,4,4,4,5,5,5,5,6,6,6,7,7,7,8,8,9,10,10,11,12,13,14,15,16,18,19,19,20,20,20,21,21,21,22,22,22,23,23,24,24,25,25,26,26,27,27,28,28,29,29,30,30,31,32,32,33,33,34,35,36,36,37,38,39,40,41,42,43,44,45,46,47,49,50,51,53,55,56,58,60,62,64,66,69,71,74,77,81,85,89,94,94,95,95,96,96,97,97,98,99,99,100,100,101,101,102,103,103,104,105,105,106,107,107,108,109,110,110,111,112,113,114,114,115,116,117,118,119,120,121,122,123,124,125,126,127,128,129,130,131,133,134,135,137,138,139,141,142,144,145,147,148,150,152,154,155,157,159,161,164,166,168,171,173,176,179,182,185,188,192,195,199,203,208,213,218,224,230,237,245,253,263,273,286,301,319
Gaussian,2.0,15,5,784,0,1.0,2.9629220468924515,191.67726098561928,2.932260631409703,0.33750466066051654,1.6890813746485167,1,1,1,1,1,1,1,1,1,1,1,1,1,1,1,1,1,1,1,1,1,1,1,1,1,1,1,1,1,2,2,2,2,2,2,2,2,2,2,2,3,3,3,3,3,3,3,3,3,3,4,4,4,4,4,4,4,5,5,5,5,6,6,6,7,7,7,8,8,9,10,10,11,12,13,13,14,16,17,18,20,20,20,21,21,22,22,22,23,23,23,24,24,25,25,26,26,27,27,27,28,28,29,30,30,31,31,32,32,33,34,34,35,36,36,37,38,39,40,41,42,43,44,45,46,47,48,50,51,52,54,55,57,59,61,63,65,67,69,72,75,78,82,85,90,95,95,96,96,97,97,98,98,99,100,100,101,101,102,103,103,104,105,105,106,107,107,108,109,109,110,111,112,112,113,114,115,116,116,117,118,119,120,121,122,123,124,125,126,127,128,129,130,132,133,134,135,137,138,139,141,142,144,145,147,148,150,152,154,156,158,160,162,164,166,168,171,173,176,179,182,185,188,191,195,198,202,207,211,216,222,228,234,241,249,257,267,278,291,307,325
Gaussian,2.0,16,5,784,0,1.0,2.0731874015928113,184.69875617052426,2.4689537618594852,0.48234906271941885,1.659156943811137,1,1,1,1,1,1,1,1,1,1,1,1,1,1,1,1,1,1,1,1,1,1,1,1,1,1,1,1,1,1,1,1,1,1,1,1,1,1,1,1,1,1,1,1,2,2,2,2,2,2,2,2,2,3,3,3,3,3,3,3,3,4,4,4,4,4,4,5,5,6,6,7,7,8,8,9,10,11,12,13,15,15,15,15,16,16,16,16,17,17,17,18,18,19,19,19,20,20,21,21,22,22,23,23,24,24,25,25,26,26,27,28,28,29,29,30,31,32,32,33,34,35,36,37,38,39,40,41,42,44,45,46,48,50,51,53,55,57,60,62,65,68,71,75,79,84,84,85,85,86,86,87,87,88,88,89,89,90,91,91,92,92,93,94,94,95,96,96,97,98,99,99,100,101,102,102,103,104,105,106,107,108,108,109,110,111,112,113,114,115,116,117,118,120,121,122,123,124,126,127,128,130,131,133,134,136,138,140,141,143,145,147,149,151,154,156,158,161,164,166,169,172,176,179,182,186,190,195,199,204,210,215,222,229,237,245,255,266,279,294,312
Gaussian,2.0,17,5,784,0,1.0,2.697432427341064,189.65680837412202,2.795399718678558,0.3707229103735987,1.6770785921480929,1,1,1,1,1,1,1,1,1,1,1,1,1,1,1,1,1,1,1,1,1,1,1,1,1,1,1,1,1,1,1,1,1,2,2,2,2,2,2,2,2,2,2,2,2,3,3,3,3,3,3,3,3,3,4,4,4,4,4,4,4,5,5,5,6,6,7,7,7,8,8,9,10,10,11,12,13,14,15,16,18,18,18,19,19,19,20,20,20,21,21,22,22,22,23,23,24,24,25,25,26,26,26,27,28,28,29,29,30,30,31,32,32,33,34,35,35,36,37,38,39,40,41,42,43,44,45,47,48,49,51,53,54,56,58,60,62,64,67,69,72,75,79,83,87,92,92,93,93,94,94,95,95,96,97,97,98,98,99,100,100,101,102,102,103,104,104,105,106,106,107,108,109,109,110,111,112,113,114,114,115,116,117,118,119,120,121,122,123,124,125,126,127,129,130,131,132,134,135,136,138,139,141,142,144,145,147,149,151,152,154,156,158,161,163,165,168,170,173,175,178,181,185,188,192,195,199,204,208,213,219,225,231,238,246,255,264,276,289,304,322
Gaussian,2.0,18,5,784,0,1.0,2.9254868227866413,191.5002117988022,2.9063734903058376,0.34182345044626133,1.6766530374250506,1,1,1,1,1,1,1,1,1,1,1,1,1,1,1,1,1,1,1,1,1,1,1,1,1,1,1,1,1,1,2,2,2,2,2,2,2,2,2,2,2,3,3,3,3,3,3,3,3,3,4,4,4,4,4,4,4,4,5,5,5,5,6,6,6,7,7,8,8,9,9,10,11,11,12,13,14,15,16,18,19,19,20,20,20,21,21,21,22,22,22,23,23,24,24,25,25,25,26,26,27,28,28,29,29,30,30,31,32,32,33,34,34,35,36,37,37,38,39,40,41,42,43,44,45,46,48,49,50,52,53,55,56,58,60,62,64,66,69,71,74,77,81,85,89,94,94,95,95,96,97,97,98,98,99,99,100,101,101,102,103,103,104,105,105,106,107,107,108,109,109,110,111,112,112,113,114,115,116,117,118,118,119,120,121,122,123,124,125,127,128,129,130,131,132,134,135,136,138,139,140,142,143,145,146,148,150,151,153,155,157,159,161,163,166,168,170,173,176,178,181,184,188,191,195,198,202,207,211,217,222,228,234,241,249,258,268,279,292,307,326
Gaussian,2.0,19,5,784,0,1.0,2.5103433066253404,186.95668218815177,2.710828994303234,0.3983518897040031,1.6539708333765482,1,1,1,1,1,1,1,1,1,1,1,1,1,1,1,1,1,1,1,1,1,1,1,1,1,1,1,1,1,1,1,1,1,1,1,2,2,2,2,2,2,2,2,2,2,2,2,2,3,3,3,3,3,3,3,3,4,4,4,4,4,4,5,5,5,6,6,6,7,7,8,8,9,9,10,11,12,13,14,15,16,17,17,17,17,18,18,18,19,19,19,20,20,21,21,21,22,22,23,23,23,24,24,25,25,26,26,27,28,28,29,29,30,31,31,32,33,34,34,35,36,37,38,39,40,41,42,43,45,46,47,49,50,52,54,56,58,60,63,65,68,71,75,79,83,88,88,89,89,90,90,91,91,92,93,93,94,94,95,96,96,97,98,98,99,100,100,101,102,102,103,104,105,105,106,107,108,109,109,110,111,112,113,114,115,116,117,118,119,120,121,122,123,124,126,127,128,129,131,132,134,135,137,138,140,141,143,145,147,149,151,153,155,157,159,162,164,167,170,172,175,178,182,185,189,193,197,201,206,211,216,222,229,236,244,253,263,274,287,303,321
Gaussian,2.0,20,5,784,0,1.0,2.1766938630218076,186.7004500111288,2.5568795605829937,0.45941233031812034,1.6617517420417542,1,1,1,1,1,1,1,1,1,1,1,1,1,1,1,1,1,1,1,1,1,1,1,1,1,1,1,1,1,1,1,1,1,1,1,1,1,1,1,1,1,2,2,2,2,2,2,2,2,2,2,3,3,3,3,3,3,3,3,4,4,4,4,4,4,5,5,5,6,6,7,7,8,8,9,10,11,12,13,14,16,16,16,16,17,17,17,18,18,18,19,19,19,20,20,20,21,21,22,22,22,23,23,24,24,25,25,26,27,27,28,28,29,30,30,31,32,33,33,34,35,36,37,38,39,40,41,42,44,45,46,48,50,51,53,55,57,59,62,65,67,70,74,78,82,87,87,88,88,89,89,90,90,91,92,92,93,93,94,94,95,96,96,97,98,98,99,100,100,101,102,103,103,104,105,106,107,107,108,109,110,111,112,113,114,115,116,117,118,119,120,121,122,123,124,126,127,128,129,131,132,134,135,136,138,140,141,143,145,147,149,151,153,155,157,159,162,164,167,170,173,176,179,182,186,190,194,198,203,208,213,219,225,232,240,249,258,270,283,298,316
Gaussian,2.0,0,6,784,0,1.0,2.3832542715182257,188.26816478823636,2.9625756506077163,0.41959433869511586,1.868169713580085,1,1,1,1,1,1,1,1,1,1,1,1,1,1,1,1,1,1,1,1,1,1,1,1,1,1,1,1,1,1,1,1,1,1,1,1,1,2,2,2,2,2,2,3,3,3,3,3,4,4,4,4,5,5,5,6,6,6,7,7,8,8,8,9,9,10,11,11,12,13,14,15,16,17,18,19,20,21,22,24,25,26,26,26,27,27,28,28,28,29,29,30,30,30,31,31,32,32,33,33,34,35,35,36,36,37,38,38,39,39,40,41,42,42,43,44,45,46,47,48,48,49,51,52,53,54,55,56,58,59,61,62,64,66,67,69,71,74,76,79,81,84,88,91,95,100,100,100,101,101,102,102,103,103,104,104,105,106,106,107,107,108,108,109,110,110,111,112,112,113,114,114,115,116,116,117,118,118,119,120,121,122,123,123,124,125,126,127,128,129,130,131,132,133,134,135,136,137,138,139,141,142,143,144,146,147,149,150,151,153,155,156,158,160,162,164,166,168,170,172,174,177,180,182,185,188,192,195,199,203,207,212,217,223,229,236,244,252,263,275,290
Gaussian,2.0,1,6,784,0,1.0,5.414097271536489,184.4220745594614,3.268258671386326,0.18470299845872656,1.7787379962549266,1,1,1,1,1,1,1,1,1,1,1,1,1,1,2,2,2,2,2,2,2,2,2,2,2,2,2,3,3,3,3,3,3,3,3,3,3,3,4,4,4,4,4,4,4,4,4,5,5,5,5,5,5,6,6,6,6,7,7,7,7,8,8,8,9,9,10,11,11,12,13,13,14,15,16,17,18,19,20,22,23,23,24,24,25,25,25,26,26,26,27,27,28,28,29,29,29,30,30,31,31,32,32,33,33,34,35,35,36,37,37,38,39,39,40,41,42,43,43,44,45,46,47,48,49,51,52,53,54,56,57,59,61,62,64,66,68,70,73,75,78,81,84,88,92,96,97,97,98,98,99,99,100,101,101,102,102,103,103,104,104,105,106,106,107,107,108,109,109,110,111,111,112,113,113,114,115,116,116,117,118,119,120,121,121,122,123,124,125,126,127,128,129,130,131,132,134,135,136,137,138,140,141,143,144,145,147,148,150,152,154,155,157,159,161,163,165,167,170,172,175,177,180,183,186,190,193,197,201,206,210,216,221,227,234,242,251,261,272,286,303
Gaussian,2.0,2,6,784,0,1.0,4.478627886708637,182.38664692997443,3.164076421642675,0.22328267167891555,1.768971000215098,1,1,1,1,1,1,1,1,1,1,1,1,1,1,1,1,1,1,2,2,2,2,2,2,2,2,2,2,2,2,3,3,3,3,3,3,3,3,3,3,3,3,4,4,4,4,4,4,4,4,4,5,5,5,5,5,6,6,6,6,7,7,7,8,8,9,9,9,10,11,11,12,13,13,14,15,16,17,19,20,21,22,22,22,23,23,23,24,24,24,25,25,26,26,26,27,27,28,28,29,29,30,30,31,31,32,33,33,34,34,35,36,37,37,38,39,40,40,41,42,43,44,45,46,47,48,50,51,52,54,55,57,58,60,62,64,66,68,71,73,76,79,82,86,90,94,95,95,96,96,97,97,98,98,99,99,100,100,101,101,102,103,103,104,104,105,106,106,107,107,108,109,110,110,111,112,112,113,114,115,116,116,117,118,119,120,121,122,123,124,125,126,127,128,129,130,131,132,133,135,136,137,139,140,141,143,144,146,147,149,151,153,154,156,158,160,163,165,167,170,172,175,178,181,184,187,191,195,199,203,208,213,219,225,232,240,249,259,270,284,301
Gaussian,2.0,3,6,784,0,1.0,3.716947043733545,180.70214641940044,3.0494481664521795,0.2690380003357633,1.7660028217477939,1,1,1,1,1,1,1,1,1,1,1,1,1,1,1,1,1,1,1,1,1,1,2,2,2,2,2,2,2,2,2,2,2,2,2,2,3,3,3,3,3,3,3,3,3,3,4,4,4,4,4,4,4,4,5,5,5,5,5,6,6,6,7,7,7,8,8,8,9,9,10,11,11,12,13,14,15,16,17,19,20,20,21,21,21,22,22,23,23,23,24,24,24,25,25,26,26,27,27,28,28,29,29,30,30,31,31,32,33,33,34,35,35,36,37,37,38,39,40,41,42,43,44,45,46,47,48,49,51,52,54,55,57,58,60,62,64,66,68,71,74,76,80,83,87,92,92,93,93,94,94,95,95,96,96,97,97,98,98,99,100,100,101,101,102,103,103,104,104,105,106,106,107,108,109,109,110,111,111,112,113,114,115,116,116,117,118,119,120,121,122,123,124,125,126,127,128,130,131,132,133,135,136,137,139,140,142,143,145,147,148,150,152,154,156,158,160,162,165,167,170,172,175,178,181,185,188,192,196,201,205,211,216,222,229,237,245,255,267,281,298
Gaussian,2.0,4,6,784,0,1.0,3.6028460609862396,182.64713109916144,3.07118741953452,0.2775583477819369,1.7657929236055632,1,1,1,1,1,1,1,1,1,1,1,1,1,1,1,1,1,1,1,1,1,1,1,2,2,2,2,2,2,2,2,2,2,2,3,3,3,3,3,3,3,3,3,3,3,4,4,4,4,4,4,4,4,5,5,5,5,5,6,6,6,6,7,7,7,8,8,9,9,10,10,11,12,13,14,15,16,17,18,20,21,21,22,22,22,23,23,24,24,24,25,25,26,26,26,27,27,28,28,29,29,30,30,31,31,32,33,33,34,34,35,36,37,37,38,39,40,40,41,42,43,44,45,46,47,48,50,51,52,53,55,56,58,60,61,63,65,67,70,72,75,78,81,85,89,93,94,94,94,95,95,96,96,97,98,98,99,99,100,100,101,101,102,103,103,104,104,105,106,106,107,108,109,109,110,111,111,112,113,114,114,115,116,117,118,119,119,120,121,122,123,124,125,126,127,129,130,131,132,133,135,136,137,139,140,142,143,145,146,148,150,151,153,155,157,159,161,163,166,168,171,173,176,179,182,186,189,193,197,202,207,212,218,224,231,239,248,258,270,284,301
Gaussian,2.0,5,6,784,0,1.0,3.472463047200336,180.5576976550042,2.973413272430677,0.2879800263983363,1.747320405975685,1,1,1,1,1,1,1,1,1,1,1,1,1,1,1,1,1,1,1,1,1,1,1,1,2,2,2,2,2,2,2,2,2,2,2,2,2,3,3,3,3,3,3,3,3,3,3,3,4,4,4,4,4,4,4,4,4,5,5,5,5,6,6,6,6,7,7,8,8,9,9,10,11,12,12,13,14,16,17,18,20,20,20,20,21,21,21,22,22,23,23,23,24,24,25,25,25,26,26,27,27,28,28,29,29,30,30,31,31,32,33,33,34,35,35,36,37,38,39,39,40,41,42,43,44,45,47,48,49,51,52,53,55,57,58,60,62,64,67,69,72,75,78,82,86,90,90,91,91,92,92,93,93,94,95,95,96,96,97,97,98,98,99,100,100,101,101,102,103,103,104,105,105,106,107,108,108,109,110,111,111,112,113,114,115,116,117,118,119,119,120,121,123,124,125,126,127,128,129,131,132,133,134,136,137,139,140,142,143,145,147,149,151,152,154,157,159,161,163,166,168,171,174,177,180,184,188,191,196,200,205,210,216,222,229,237,246,256,268,282,299
Gaussian,2.0,6,6,784,0,1.0,3.337593859176392,180.4220729481202,2.963558182092985,0.2996170421546638,1.7609775386754483,1,1,1,1,1,1,1,1,1,1,1,1,1,1,1,1,1,1,1,1,1,1,1,1,1,2,2,2,2,2,2,2,2,2,2,2,2,2,3,3,3,3,3,3,3,3,3,3,4,4,4,4,4,4,4,4,4,5,5,5,5,6,6,6,7,7,7,8,8,9,9,10,11,11,12,13,14,15,17,18,19,20,20,20,21,21,21,22,22,22,23,23,24,24,24,25,25,26,26,27,27,28,28,29,29,30,30,31,32,32,33,34,34,35,36,37,37,38,39,40,41,42,43,44,45,46,47,48,50,51,52,54,55,57,59,61,63,65,67,70,72,75,78,82,86,90,91,91,92,92,93,93,94,94,95,95,96,96,97,97,98,99,99,100,100,101,102,102,103,103,104,105,106,106,107,108,108,109,110,111,111,112,113,114,115,116,117,118,119,119,120,121,122,124,125,126,127,128,129,130,132,133,134,136,137,139,140,142,143,145,147,149,150,152,154,156,159,161,163,166,168,171,174,177,180,184,187,191,196,200,205,210,216,222,229,237,245,255,267,281,298
Gaussian,2.0,7,6,784,0,1.0,2.593221704963341,175.04751926697045,2.67827283721973,0.38562071190675024,1.7312238704488465,1,1,1,1,1,1,1,1,1,1,1,1,1,1,1,1,1,1,1,1,1,1,1,1,1,1,1,1,1,1,1,1,1,1,2,2,2,2,2,2,2,2,2,2,2,2,3,3,3,3,3,3,3,3,3,3,4,4,4,4,4,4,4,5,5,5,5,6,6,6,7,7,8,8,9,10,11,12,13,14,15,15,16,16,16,17,17,17,18,18,18,19,19,19,20,20,21,21,22,22,23,23,23,24,24,25,26,26,27,27,28,28,29,30,30,31,32,33,33,34,35,36,37,38,39,40,41,42,44,45,46,48,49,51,52,54,56,58,60,63,65,68,71,75,79,83,84,84,85,85,86,86,87,87,88,88,89,89,90,90,91,91,92,93,93,94,94,95,96,96,97,98,98,99,100,101,101,102,103,104,104,105,106,107,108,108,109,110,111,112,113,114,115,116,117,118,119,121,122,123,124,125,127,128,130,131,132,134,136,137,139,141,143,144,146,149,151,153,155,158,160,163,166,169,172,176,179,183,188,192,197,202,208,215,222,230,238,248,260,274,291
Gaussian,2.0,8,6,784,0,1.0,2.8394439931106255,177.04168246093025,2.7779826038801265,0.35218162514432794,1.7217022956247543,1,1,1,1,1,1,1,1,1,1,1,1,1,1,1,1,1,1,1,1,1,1,1,1,1,1,1,1,1,1,1,2,2,2,2,2,2,2,2,2,2,2,2,3,3,3,3,3,3,3,3,3,3,4,4,4,4,4,4,4,4,5,5,5,5,6,6,6,6,7,7,8,8,9,10,11,12,13,14,15,17,17,17,17,18,18,18,19,19,19,20,20,20,21,21,22,22,22,23,23,24,24,25,25,26,26,27,27,28,28,29,30,30,31,32,32,33,34,35,36,36,37,38,39,40,41,42,44,45,46,47,49,50,52,54,55,57,59,62,64,67,70,73,76,80,85,85,86,86,86,87,87,88,89,89,90,90,91,91,92,92,93,94,94,95,95,96,97,97,98,99,99,100,101,101,102,103,104,104,105,106,107,108,108,109,110,111,112,113,114,115,116,117,118,119,120,121,122,124,125,126,127,129,130,132,133,135,136,138,139,141,143,145,147,149,151,154,156,158,161,163,166,169,172,176,179,183,187,191,195,200,206,212,218,225,234,243,253,265,280,298
Gaussian,2.0,9,6,784,0,1.0,3.0069329718745315,180.23785884660668,2.8789367773797085,0.33256477924634176,1.7293149510628922,1,1,1,1,1,1,1,1,1,1,1,1,1,1,1,1,1,1,1,1,1,1,1,1,1,1,1,1,1,2,2,2,2,2,2,2,2,2,2,2,2,3,3,3,3,3,3,3,3,3,3,4,4,4,4,4,4,4,4,5,5,5,5,6,6,6,7,7,8,8,9,9,10,11,11,12,13,14,15,17,18,19,19,19,20,20,20,21,21,21,22,22,23,23,23,24,24,25,25,26,26,27,27,28,28,29,29,30,30,31,32,32,33,34,34,35,36,37,37,38,39,40,41,42,43,44,45,47,48,49,50,52,53,55,57,59,61,63,65,68,70,73,76,80,83,88,88,89,89,90,90,91,91,92,92,93,93,94,94,95,96,96,97,97,98,98,99,100,100,101,102,102,103,104,105,105,106,107,107,108,109,110,111,112,112,113,114,115,116,117,118,119,120,121,122,123,125,126,127,128,129,131,132,134,135,136,138,140,141,143,145,146,148,150,152,154,157,159,161,164,167,169,172,175,179,182,186,190,195,199,204,210,215,222,229,237,247,257,269,284,301
Gaussian,2.0,10,6,784,0,1.0,2.6796911922677333,175.9809074646354,2.7394087763814143,0.3731773283748167,1.7192861391027996,1,1,1,1,1,1,1,1,1,1,1,1,1,1,1,1,1,1,1,1,1,1,1,1,1,1,1,1,1,1,1,1,1,2,2,2,2,2,2,2,2,2,2,2,3,3,3,3,3,3,3,3,3,3,4,4,4,4,4,4,4,4,5,5,5,5,6,6,7,7,7,8,8,9,10,10,11,12,13,15,16,16,16,17,17,17,18,18,18,19,19,20,20,20,21,21,21,22,22,23,23,24,24,25,25,26,26,27,27,28,28,29,30,30,31,32,32,33,34,35,36,36,37,38,39,41,42,43,44,45,47,48,50,51,53,55,57,59,61,63,66,69,72,75,79,84,84,85,85,86,86,87,87,88,88,89,89,90,90,91,91,92,92,93,94,94,95,95,96,97,97,98,99,99,100,101,102,102,103,104,105,105,106,107,108,109,110,111,111,112,113,114,115,116,118,119,120,121,122,123,125,126,127,129,130,132,133,135,136,138,140,142,143,145,147,150,152,154,156,159,162,165,168,171,174,177,181,185,189,194,199,204,210,216,224,232,241,251,263,277,295
Gaussian,2.0,11,6,784,0,1.0,2.722108457766622,176.7760361288915,2.7406619725805865,0.36736229122202535,1.69545942938466,1,1,1,1,1,1,1,1,1,1,1,1,1,1,1,1,1,1,1,1,1,1,1,1,1,1,1,1,1,1,1,1,2,2,2,2,2,2,2,2,2,2,2,3,3,3,3,3,3,3,3,3,3,4,4,4,4,4,4,4,4,5,5,5,5,5,6,6,6,7,7,8,8,9,9,10,11,12,13,14,16,16,16,17,17,17,18,18,18,18,19,19,19,20,20,21,21,21,22,22,23,23,24,24,25,25,26,26,27,27,28,28,29,30,30,31,32,33,33,34,35,36,37,38,39,40,41,42,43,44,46,47,48,50,52,54,55,58,60,62,65,68,71,74,78,83,83,84,84,85,85,86,86,87,87,88,88,89,90,90,91,91,92,92,93,94,94,95,96,96,97,98,98,99,100,100,101,102,103,104,104,105,106,107,108,109,110,111,111,112,113,114,116,117,118,119,120,121,122,124,125,126,128,129,131,132,134,135,137,138,140,142,144,146,148,150,152,155,157,160,163,166,169,172,175,179,183,187,191,196,201,206,213,219,227,235,244,255,268,282,301
Gaussian,2.0,12,6,784,0,1.0,2.9680002568831845,176.71239016368924,2.7752595674336247,0.33692719455831177,1.705386384198416,1,1,1,1,1,1,1,1,1,1,1,1,1,1,1,1,1,1,1,1,1,1,1,1,1,1,1,1,1,2,2,2,2,2,2,2,2,2,2,2,2,2,3,3,3,3,3,3,3,3,3,3,3,3,4,4,4,4,4,4,4,4,5,5,5,5,6,6,6,7,7,8,8,9,10,10,11,12,13,15,16,16,17,17,17,18,18,18,19,19,19,20,20,20,21,21,21,22,22,23,23,24,24,25,25,26,26,27,27,28,29,29,30,30,31,32,33,33,34,35,36,37,37,38,39,40,42,43,44,45,46,48,49,51,53,54,56,58,60,63,65,68,71,75,79,83,84,84,85,85,86,86,87,87,88,88,89,89,90,90,91,92,92,93,93,94,95,95,96,97,97,98,99,99,100,101,102,102,103,104,105,106,106,107,108,109,110,111,112,113,114,115,116,117,118,119,120,122,123,124,125,127,128,130,131,133,134,136,137,139,141,143,144,146,148,151,153,155,158,160,163,166,169,172,175,179,183,187,191,196,201,206,213,219,227,235,244,255,267,282,300
Gaussian,2.0,13,6,784,0,1.0,3.074403253486007,179.96249295075688,2.830023293693307,0.32526637449596735,1.699313846844839,1,1,1,1,1,1,1,1,1,1,1,1,1,1,1,1,1,1,1,1,1,1,1,1,1,1,1,1,2,2,2,2,2,2,2,2,2,2,2,2,2,3,3,3,3,3,3,3,3,3,3,3,3,3,4,4,4,4,4,4,5,5,5,5,6,6,6,7,7,7,8,9,9,10,11,11,12,13,15,16,17,18,18,18,18,19,19,19,20,20,20,21,21,21,22,22,23,23,23,24,24,25,25,26,26,27,27,28,28,29,30,30,31,32,32,33,34,35,35,36,37,38,39,40,41,42,43,44,46,47,48,50,51,53,54,56,58,60,63,65,68,71,74,77,81,86,86,87,87,88,88,89,89,90,90,91,91,92,92,93,94,94,95,95,96,97,97,98,99,99,100,101,101,102,103,104,104,105,106,107,107,108,109,110,111,112,113,114,115,116,117,118,119,120,121,122,123,124,126,127,128,130,131,132,134,135,137,139,140,142,144,146,148,150,152,154,157,159,161,164,167,170,173,176,179,183,187,191,195,200,205,211,217,224,231,240,249,260,273,288,306
Gaussian,2.0,14,6,784,0,1.0,2.9356444866064426,176.45887383139464,2.7602010982873404,0.34064070242919087,1.6759376137243531,1,1,1,1,1,1,1,1,1,1,1,1,1,1,1,1,1,1,1,1,1,1,1,1,1,1,1,1,1,1,2,2,2,2,2,2,2,2,2,2,2,2,2,3,3,3,3,3,3,3,3,3,3,4,4,4,4,4,4,4,4,4,5,5,5,5,6,6,6,7,7,8,8,9,10,10,11,12,13,14,15,16,16,16,16,17,17,17,18,18,18,19,19,19,20,20,21,21,21,22,22,23,23,24,24,25,25,26,26,27,27,28,29,29,30,31,31,32,33,34,34,35,36,37,38,39,40,41,42,44,45,46,48,49,51,53,55,57,59,61,64,67,70,73,77,82,82,83,83,84,84,85,85,86,86,87,87,88,89,89,90,90,91,91,92,93,93,94,95,95,96,97,97,98,99,99,100,101,102,103,103,104,105,106,107,108,109,110,111,112,113,114,115,116,117,118,119,120,122,123,124,125,127,128,130,131,133,134,136,138,140,142,143,146,148,150,152,154,157,160,162,165,168,172,175,179,183,187,191,196,201,207,213,220,228,236,246,257,270,285,303
Gaussian,2.0,15,6,784,0,1.0,3.180500155667781,177.75063891528532,2.797631353713703,0.31441595694248253,1.6662478724446699,1,1,1,1,1,1,1,1,1,1,1,1,1,1,1,1,1,1,1,1,1,1,1,1,1,1,1,2,2,2,2,2,2,2,2,2,2,2,2,2,3,3,3,3,3,3,3,3,3,3,3,3,4,4,4,4,4,4,4,4,4,4,5,5,5,6,6,6,6,7,7,7,8,9,9,10,11,12,13,14,16,16,16,16,17,17,17,18,18,18,19,19,19,20,20,21,21,21,22,22,23,23,24,24,25,25,26,26,27,27,28,28,29,30,30,31,32,32,33,34,35,36,36,37,38,39,41,42,43,44,46,47,48,50,52,53,55,57,59,62,64,67,70,74,78,82,83,83,84,84,85,85,86,86,87,87,88,88,89,89,90,91,91,92,92,93,94,94,95,96,96,97,98,99,99,100,101,102,102,103,104,105,106,106,107,108,109,110,111,112,113,114,115,116,117,119,120,121,122,124,125,126,128,129,131,132,134,135,137,139,141,143,145,147,149,151,154,156,159,161,164,167,170,174,177,181,185,190,194,199,205,211,217,224,232,241,251,262,275,290,309
Gaussian,2.0,16,6,784,0,1.0,2.1747867418392217,170.77863278231993,2.364564916891003,0.45981519969829215,1.6372465155743838,1,1,1,1,1,1,1,1,1,1,1,1,1,1,1,1,1,1,1,1,1,1,1,1,1,1,1,1,1,1,1,1,1,1,1,1,1,1,1,1,1,2,2,2,2,2,2,2,2,2,2,2,2,2,3,3,3,3,3,3,3,3,3,4,4,4,4,4,4,4,4,5,5,6,6,7,7,8,9,10,11,11,11,12,12,12,12,13,13,13,13,14,14,14,15,15,15,16,16,16,17,17,17,18,18,19,19,20,20,21,21,22,22,23,24,24,25,26,26,27,28,29,29,30,31,32,33,34,35,36,37,39,40,41,43,45,46,48,50,53,55,58,61,64,68,72,73,73,73,74,74,75,75,76,77,77,78,78,79,79,80,80,81,81,82,83,83,84,85,85,86,87,87,88,89,90,90,91,92,93,93,94,95,96,97,98,99,100,101,102,103,104,105,106,107,108,109,111,112,113,114,116,117,119,120,122,123,125,127,128,130,132,134,136,138,140,143,145,148,150,153,156,159,162,166,170,174,178,182,187,193,198,204,211,219,228,237,249,262,277,295
Gaussian,2.0,17,6,784,0,1.0,2.8138740813075893,174.7734579563233,2.614801928582922,0.3553819293631314,1.6483959861436706,1,1,1,1,1,1,1,1,1,1,1,1,1,1,1,1,1,1,1,1,1,1,1,1,1,1,1,1,1,1,1,2,2,2,2,2,2,2,2,2,2,2,2,2,2,2,2,2,2,3,3,3,3,3,3,3,3,3,3,4,4,4,4,4,4,4,5,5,5,6,6,6,7,7,8,8,9,10,11,12,13,13,14,14,14,14,15,15,15,15,16,16,16,17,17,17,18,18,18,19,19,20,20,21,21,22,22,23,23,24,24,25,25,26,27,27,28,29,30,30,31,32,33,34,35,36,37,38,39,40,41,43,44,46,47,49,51,53,55,58,60,63,66,70,74,78,78,79,79,80,80,81,81,82,82,83,83,84,85,85,86,86,87,88,88,89,89,90,91,91,92,93,94,94,95,96,97,98,98,99,100,101,102,103,104,105,105,106,107,108,109,111,112,113,114,115,116,118,119,120,122,123,124,126,127,129,130,132,134,136,137,139,141,143,145,148,150,153,155,158,161,164,167,170,174,177,181,186,190,195,200,206,212,220,227,236,246,257,270,286,304
Gaussian,2.0,18,6,784,0,1.0,3.184464863640404,177.8158189527676,2.772834411272961,0.3140245042166438,1.6504644891318876,1,1,1,1,1,1,1,1,1,1,1,1,1,1,1,1,1,1,1,1,1,1,1,1,1,1,1,2,2,2,2,2,2,2,2,2,2,2,2,2,2,3,3,3,3,3,3,3,3,3,3,3,4,4,4,4,4,4,4,4,4,4,5,5,5,5,5,6,6,7,7,7,8,9,9,10,11,12,12,14,15,15,15,16,16,16,16,17,17,17,18,18,18,19,19,19,20,20,21,21,21,22,22,23,23,24,24,25,25,26,27,27,28,28,29,30,31,31,32,33,34,35,35,36,37,38,40,41,42,43,44,46,47,49,50,52,54,56,59,61,64,67,70,73,77,82,82,83,83,83,84,85,85,86,86,87,87,88,88,89,89,90,91,91,92,93,93,94,95,95,96,97,97,98,99,100,100,101,102,103,104,105,105,106,107,108,109,110,111,112,113,114,115,116,118,119,120,121,122,124,125,127,128,129,131,133,134,136,138,139,141,143,145,147,150,152,154,157,160,162,165,168,171,175,178,182,186,190,195,200,206,211,218,225,233,242,252,263,276,292,310
Gaussian,2.0,19,6,784,0,1.0,2.670654045065011,173.54745863106967,2.58918259053909,0.37444011209458516,1.6258455750525238,1,1,1,1,1,1,1,1,1,1,1,1,1,1,1,1,1,1,1,1,1,1,1,1,1,1,1,1,1,1,1,1,1,2,2,2,2,2,2,2,2,2,2,2,2,2,2,2,2,3,3,3,3,3,3,3,3,3,4,4,4,4,4,4,4,4,5,5,5,6,6,6,7,7,8,8,9,10,10,11,12,12,13,13,13,13,14,14,14,15,15,15,16,16,16,17,17,17,18,18,19,19,19,20,20,21,21,21,22,22,23,24,24,25,25,26,27,27,28,29,29,30,31,32,33,34,35,36,37,38,39,40,42,43,45,47,48,50,52,55,58,61,64,67,71,76,76,77,77,78,78,79,79,80,80,81,81,82,83,83,84,84,85,86,86,87,87,88,89,89,90,91,91,92,93,94,94,95,96,97,98,98,99,100,101,102,103,104,105,106,107,108,109,110,111,113,114,115,116,118,119,121,122,123,125,127,128,130,132,134,136,138,140,142,144,146,149,151,154,157,160,163,166,169,173,177,181,185,190,195,201,206,213,220,228,237,247,258,272,287,306
Gaussian,2.0,20,6,784,0,1.0,2.3527800224742843,171.75335582427508,2.4559673795300725,0.4250291104343691,1.6257378280138384,1,1,1,1,1,1,1,1,1,1,1,1,1,1,1,1,1,1,1,1,1,1,1,1,1,1,1,1,1,1,1,1,1,1,1,1,1,1,2,2,2,2,2,2,2,2,2,2,2,2,2,2,3,3,3,3,3,3,3,3,3,4,4,4,4,4,4,4,4,5,5,5,6,6,7,7,8,8,9,10,11,12,12,12,12,13,13,13,13,14,14,14,15,15,15,15,16,16,17,17,17,18,18,18,19,19,20,20,21,21,22,22,23,23,24,25,25,26,26,27,28,29,30,30,31,32,33,34,35,37,38,39,40,42,43,45,47,49,51,53,56,59,62,65,69,73,74,74,75,75,76,76,77,77,78,78,79,80,80,81,81,82,82,83,84,84,85,86,86,87,88,88,89,90,90,91,92,93,93,94,95,96,97,98,99,100,101,101,102,103,105,106,107,108,109,110,111,112,114,115,116,118,119,120,122,123,125,127,128,130,132,134,136,138,140,142,145,147,150,152,155,158,161,165,168,172,176,180,185,190,195,201,208,215,223,231,241,253,266,281,300
Gaussian,2.0,0,7,784,0,1.0,2.314395867834045,178.25653841501622,2.904023282783299,0.432078199714322,1.901672093017075,1,1,1,1,1,1,1,1,1,1,1,1,1,1,1,1,1,1,1,1,1,1,1,1,1,1,1,1,1,1,1,1,1,1,1,1,1,1,1,2,2,2,2,2,3,3,3,3,3,4,4,4,4,5,5,5,6,6,6,7,7,8,8,9,9,10,10,11,12,12,13,14,15,16,17,18,19,20,21,23,24,25,25,25,26,26,27,27,27,28,28,28,29,29,30,30,31,31,32,32,33,33,34,34,35,35,36,37,37,38,38,39,40,40,41,42,43,43,44,45,46,47,48,49,50,51,52,53,54,56,57,58,60,61,63,65,67,69,71,73,76,79,82,85,88,92,93,93,94,94,95,95,96,96,97,97,98,98,99,99,100,100,101,101,102,102,103,104,104,105,105,106,107,107,108,109,109,110,111,111,112,113,114,114,115,116,117,118,118,119,120,121,122,123,124,125,126,127,128,129,130,132,133,134,135,137,138,139,141,142,144,145,147,148,150,152,154,156,158,160,162,164,167,169,172,175,178,181,185,188,192,197,202,207,213,219,227,235,245,257,272
Gaussian,2.0,1,7,784,0,1.0,5.368225560354429,171.3470913650342,3.1120232843342612,0.18628129327970647,1.7636267072813212,1,1,1,1,1,1,1,1,1,1,1,1,1,1,2,2,2,2,2,2,2,2,2,2,2,2,2,2,2,3,3,3,3,3,3,3,3,3,3,3,3,4,4,4,4,4,4,4,4,4,4,5,5,5,5,5,5,6,6,6,6,6,7,7,7,7,8,8,9,9,10,11,11,12,13,14,15,16,17,18,19,20,20,20,20,21,21,21,22,22,23,23,23,24,24,24,25,25,26,26,27,27,28,28,29,29,30,30,31,31,32,32,33,34,34,35,36,37,37,38,39,40,41,42,43,44,45,46,47,49,50,51,53,54,56,58,59,61,63,66,68,71,74,77,81,85,85,86,86,87,87,88,88,89,89,90,90,91,91,92,92,93,93,94,94,95,96,96,97,97,98,99,99,100,101,101,102,103,103,104,105,106,106,107,108,109,110,110,111,112,113,114,115,116,117,118,119,120,121,123,124,125,126,128,129,130,132,133,135,136,138,140,141,143,145,147,149,151,153,156,158,161,163,166,169,173,176,180,184,188,193,198,204,210,216,224,233,243,254,268,285
Gaussian,2.0,2,7,784,0,1.0,5.2302097682581365,169.68904622452465,3.0426677785736116,0.19119692025909676,1.753383336756079,1,1,1,1,1,1,1,1,1,1,1,1,1,1,1,2,2,2,2,2,2,2,2,2,2,2,2,2,2,3,3,3,3,3,3,3,3,3,3,3,3,3,3,3,4,4,4,4,4,4,4,4,4,5,5,5,5,5,5,5,6,6,6,6,7,7,7,8,8,9,9,10,10,11,11,12,13,14,15,16,18,18,18,18,19,19,19,20,20,20,21,21,21,22,22,23,23,23,24,24,25,25,26,26,26,27,28,28,29,29,30,30,31,32,32,33,34,35,35,36,37,38,39,40,41,42,43,44,45,46,48,49,50,52,54,56,57,60,62,64,67,69,72,76,79,84,84,84,85,85,86,86,87,87,88,88,89,89,90,90,91,91,92,92,93,94,94,95,95,96,97,97,98,99,99,100,101,101,102,103,104,104,105,106,107,108,108,109,110,111,112,113,114,115,116,117,118,119,120,121,122,124,125,126,128,129,130,132,133,135,136,138,140,142,144,146,148,150,152,154,157,159,162,165,168,171,175,179,183,187,192,197,202,208,215,223,232,241,253,267,284
Gaussian,2.0,3,7,784,0,1.0,4.001029856486029,167.14872140312028,2.9150345397509225,0.2499356505373011,1.749908403958873,1,1,1,1,1,1,1,1,1,1,1,1,1,1,1,1,1,1,1,1,2,2,2,2,2,2,2,2,2,2,2,2,2,2,2,3,3,3,3,3,3,3,3,3,3,3,3,3,4,4,4,4,4,4,4,4,4,4,5,5,5,5,5,6,6,6,6,7,7,8,8,8,9,10,10,11,12,13,14,15,16,16,17,17,17,18,18,18,19,19,19,20,20,20,21,21,21,22,22,23,23,24,24,25,25,26,26,27,27,28,28,29,29,30,31,31,32,33,34,34,35,36,37,38,39,40,41,42,43,44,45,47,48,50,52,53,55,57,59,61,64,66,69,73,76,80,81,81,82,82,83,83,83,84,84,85,85,86,87,87,88,88,89,89,90,90,91,91,92,93,93,94,95,95,96,97,97,98,99,99,100,101,102,102,103,104,105,106,107,107,108,109,110,111,112,113,114,115,117,118,119,120,121,123,124,125,127,128,130,131,133,135,136,138,140,142,144,146,148,151,153,156,159,161,165,168,171,175,179,183,188,193,199,205,212,219,228,238,249,263,280
Gaussian,2.0,4,7,784,0,1.0,4.021977450501246,170.37309096560801,2.966053295459477,0.24863391510943783,1.752604749014426,1,1,1,1,1,1,1,1,1,1,1,1,1,1,1,1,1,1,1,1,2,2,2,2,2,2,2,2,2,2,2,2,2,2,2,3,3,3,3,3,3,3,3,3,3,3,3,4,4,4,4,4,4,4,4,4,5,5,5,5,5,6,6,6,6,7,7,7,8,8,8,9,9,10,11,12,13,14,15,16,18,18,18,18,19,19,19,20,20,20,21,21,21,22,22,22,23,23,24,24,25,25,26,26,27,27,28,28,29,29,30,31,31,32,33,33,34,35,35,36,37,38,39,40,41,42,43,44,45,47,48,49,51,52,54,56,57,59,62,64,66,69,72,75,79,83,83,84,84,85,85,86,86,87,87,88,88,89,89,90,90,91,91,92,93,93,94,94,95,96,96,97,97,98,99,99,100,101,102,102,103,104,105,105,106,107,108,109,110,110,111,112,113,114,115,116,117,118,120,121,122,123,124,126,127,128,130,131,133,134,136,138,139,141,143,145,147,149,151,154,156,159,162,165,168,171,174,178,182,186,191,196,202,208,215,223,232,242,253,267,284
Gaussian,2.0,5,7,784,0,1.0,3.9242355425770516,167.42554248566307,2.859139201959437,0.25482670169775246,1.7346585215516674,1,1,1,1,1,1,1,1,1,1,1,1,1,1,1,1,1,1,1,1,1,2,2,2,2,2,2,2,2,2,2,2,2,2,2,2,2,3,3,3,3,3,3,3,3,3,3,3,3,3,4,4,4,4,4,4,4,4,4,4,5,5,5,5,5,6,6,6,6,7,7,8,8,9,10,10,11,12,13,15,16,16,16,17,17,17,18,18,18,19,19,19,20,20,20,21,21,21,22,22,23,23,24,24,24,25,25,26,26,27,28,28,29,29,30,31,31,32,33,34,35,35,36,37,38,39,40,41,42,44,45,46,48,49,51,52,54,56,58,60,63,66,69,72,75,79,80,80,81,81,81,82,82,83,83,84,84,85,85,86,87,87,88,88,89,89,90,90,91,92,92,93,94,94,95,95,96,97,98,98,99,100,101,101,102,103,104,105,106,106,107,108,109,110,111,112,113,114,116,117,118,119,120,122,123,124,126,127,129,130,132,134,135,137,139,141,143,146,148,150,153,155,158,161,164,168,171,175,179,184,188,194,199,205,212,220,228,238,250,264,281
Gaussian,2.0,6,7,784,0,1.0,3.7998615037646473,166.926580608694,2.8671699807903854,0.2631674862384503,1.747856868145606,1,1,1,1,1,1,1,1,1,1,1,1,1,1,1,1,1,1,1,1,1,1,2,2,2,2,2,2,2,2,2,2,2,2,2,2,2,3,3,3,3,3,3,3,3,3,3,3,3,4,4,4,4,4,4,4,4,4,4,4,5,5,5,5,5,6,6,6,7,7,7,8,8,9,10,11,11,12,13,15,16,16,16,17,17,17,18,18,18,19,19,19,20,20,20,21,21,22,22,22,23,23,24,24,25,25,26,26,27,27,28,28,29,30,30,31,32,32,33,34,35,36,36,37,38,39,40,42,43,44,45,47,48,49,51,53,54,56,58,61,63,66,69,72,76,80,80,81,81,81,82,82,83,83,84,84,85,85,86,86,87,87,88,88,89,89,90,91,91,92,92,93,94,94,95,96,96,97,98,98,99,100,101,101,102,103,104,105,105,106,107,108,109,110,111,112,113,114,116,117,118,119,120,122,123,124,126,127,129,130,132,134,135,137,139,141,143,145,147,150,152,155,158,161,164,167,171,174,178,183,187,193,198,204,211,219,227,237,249,263,280
Gaussian,2.0,7,7,784,0,1.0,2.813763811945283,161.33432427206395,2.5917817337249525,0.3553958565231012,1.7178634911215205,1,1,1,1,1,1,1,1,1,1,1,1,1,1,1,1,1,1,1,1,1,1,1,1,1,1,1,1,1,1,1,2,2,2,2,2,2,2,2,2,2,2,2,2,2,3,3,3,3,3,3,3,3,3,3,3,3,3,4,4,4,4,4,4,4,4,5,5,5,5,6,6,6,7,7,7,8,9,10,11,12,12,12,12,13,13,13,14,14,14,14,15,15,15,16,16,16,17,17,17,18,18,19,19,20,20,21,21,22,22,23,23,24,25,25,26,27,27,28,29,29,30,31,32,33,34,35,36,37,38,39,40,42,43,45,46,48,50,52,54,57,59,62,65,69,73,73,74,74,74,75,75,76,76,77,77,78,78,79,79,80,80,81,81,82,82,83,84,84,85,85,86,87,87,88,89,89,90,91,91,92,93,94,94,95,96,97,98,99,99,100,101,102,103,104,105,106,107,108,109,111,112,113,114,116,117,118,120,121,123,124,126,128,130,131,133,135,138,140,142,145,147,150,153,156,159,163,167,171,175,180,185,191,197,204,211,220,230,242,256,273
Gaussian,2.0,8,7,784,0,1.0,3.1060041918853085,163.11474027511517,2.655976162621793,0.3219570670936576,1.701697363896984,1,1,1,1,1,1,1,1,1,1,1,1,1,1,1,1,1,1,1,1,1,1,1,1,1,1,1,1,2,2,2,2,2,2,2,2,2,2,2,2,2,2,3,3,3,3,3,3,3,3,3,3,3,3,3,3,4,4,4,4,4,4,4,4,4,5,5,5,5,5,6,6,6,7,7,8,9,9,10,11,13,13,13,13,14,14,14,14,15,15,15,16,16,16,17,17,17,18,18,18,19,19,20,20,21,21,21,22,22,23,24,24,25,25,26,27,27,28,29,29,30,31,32,33,33,34,35,36,38,39,40,41,42,44,45,47,49,51,53,55,57,60,63,66,69,73,74,74,75,75,76,76,77,77,77,78,78,79,79,80,80,81,82,82,83,83,84,84,85,86,86,87,87,88,89,89,90,91,92,92,93,94,94,95,96,97,98,98,99,100,101,102,103,104,105,106,107,108,109,111,112,113,114,115,117,118,120,121,123,124,126,128,129,131,133,135,137,139,142,144,147,150,153,156,159,162,166,170,174,178,183,188,194,200,207,215,224,234,246,261,278
Gaussian,2.0,9,7,784,0,1.0,3.4275092611815077,166.54782434981956,2.77490078419252,0.29175705265790786,1.7084392588642447,1,1,1,1,1,1,1,1,1,1,1,1,1,1,1,1,1,1,1,1,1,1,1,1,1,2,2,2,2,2,2,2,2,2,2,2,2,2,2,2,3,3,3,3,3,3,3,3,3,3,3,3,4,4,4,4,4,4,4,4,4,4,5,5,5,5,5,6,6,6,7,7,8,8,9,9,10,11,12,13,14,15,15,15,15,16,16,16,17,17,17,18,18,18,19,19,20,20,20,21,21,22,22,22,23,23,24,24,25,26,26,27,27,28,28,29,30,30,31,32,33,34,34,35,36,37,38,39,40,42,43,44,45,47,48,50,52,54,56,58,60,63,66,69,73,77,77,78,78,78,79,79,80,80,81,81,82,82,83,83,84,84,85,85,86,86,87,88,88,89,89,90,91,91,92,93,93,94,95,95,96,97,98,98,99,100,101,102,103,104,105,106,106,107,108,110,111,112,113,114,115,116,118,119,121,122,123,125,127,128,130,132,133,135,137,139,141,144,146,148,151,154,157,160,163,166,170,174,178,183,188,193,199,205,212,220,229,239,252,266,283
Gaussian,2.0,10,7,784,0,1.0,3.0232475336983473,163.04445048851375,2.6629726855127123,0.33077013670021826,1.6976583643092977,1,1,1,1,1,1,1,1,1,1,1,1,1,1,1,1,1,1,1,1,1,1,1,1,1,1,1,1,1,2,2,2,2,2,2,2,2,2,2,2,2,2,3,3,3,3,3,3,3,3,3,3,3,3,4,4,4,4,4,4,4,4,4,4,5,5,5,5,5,6,6,6,7,7,8,8,9,9,10,11,12,13,13,13,13,14,14,14,14,15,15,15,16,16,16,17,17,17,18,18,19,19,20,20,20,21,21,22,22,23,23,24,24,25,26,26,27,28,28,29,30,30,31,32,33,34,35,36,37,38,39,41,42,43,45,46,48,50,52,54,57,59,62,65,69,73,73,74,74,75,75,76,76,77,77,78,78,79,79,80,80,81,81,82,82,83,84,84,85,85,86,87,87,88,89,89,90,91,91,92,93,94,94,95,96,97,98,99,99,100,101,102,103,104,105,106,107,108,110,111,112,113,114,116,117,119,120,121,123,125,126,128,130,132,134,136,138,140,142,145,147,150,153,156,159,162,166,170,174,179,183,189,194,201,208,216,225,235,247,262,280
Gaussian,2.0,11,7,784,0,1.0,3.152388808149895,163.62694070392774,2.65615736403924,0.317219753291438,1.674562538466664,1,1,1,1,1,1,1,1,1,1,1,1,1,1,1,1,1,1,1,1,1,1,1,1,1,1,1,2,2,2,2,2,2,2,2,2,2,2,2,2,2,3,3,3,3,3,3,3,3,3,3,3,3,3,4,4,4,4,4,4,4,4,4,4,4,5,5,5,5,5,6,6,6,7,7,8,8,9,10,11,12,12,12,13,13,13,14,14,14,14,15,15,15,16,16,16,17,17,17,18,18,19,19,19,20,20,21,21,22,22,23,23,24,24,25,26,26,27,27,28,29,30,31,31,32,33,34,35,36,37,39,40,41,43,44,46,47,49,51,53,56,58,61,64,68,72,72,73,73,74,74,74,75,75,76,76,77,78,78,79,79,80,80,81,81,82,83,83,84,84,85,86,86,87,88,88,89,90,91,91,92,93,94,94,95,96,97,98,99,100,101,102,103,104,105,106,107,108,109,111,112,113,114,116,117,118,120,121,123,125,126,128,130,132,134,136,138,140,143,145,148,151,154,157,160,164,168,172,176,181,186,191,197,204,211,220,229,240,252,267,285
Gaussian,2.0,12,7,784,0,1.0,3.1386145285208054,162.46757225042754,2.6150820380396333,0.3186119196584772,1.674249887996304,1,1,1,1,1,1,1,1,1,1,1,1,1,1,1,1,1,1,1,1,1,1,1,1,1,1,1,2,2,2,2,2,2,2,2,2,2,2,2,2,2,2,2,3,3,3,3,3,3,3,3,3,3,3,3,3,3,4,4,4,4,4,4,4,4,4,4,5,5,5,5,6,6,7,7,7,8,9,10,11,12,12,12,12,12,13,13,13,14,14,14,15,15,15,15,16,16,16,17,17,18,18,18,19,19,20,20,21,21,22,22,23,23,24,24,25,26,26,27,28,28,29,30,31,32,33,33,35,36,37,38,39,40,42,43,45,47,48,50,53,55,58,61,64,67,71,72,72,73,73,73,74,74,75,75,76,76,77,77,78,78,79,79,80,80,81,82,82,83,83,84,85,85,86,87,87,88,89,89,90,91,91,92,93,94,95,96,96,97,98,99,100,101,102,103,104,105,106,107,109,110,111,112,114,115,116,118,119,121,123,124,126,128,130,132,134,136,139,141,143,146,149,152,155,158,162,166,170,174,179,183,189,195,202,209,217,226,237,249,264,282
Gaussian,2.0,13,7,784,0,1.0,3.3407379941049204,166.14591509764747,2.6753773765766957,0.2993350576323567,1.6660967398251083,1,1,1,1,1,1,1,1,1,1,1,1,1,1,1,1,1,1,1,1,1,1,1,1,1,2,2,2,2,2,2,2,2,2,2,2,2,2,2,2,2,2,3,3,3,3,3,3,3,3,3,3,3,3,3,3,3,4,4,4,4,4,4,4,4,5,5,5,5,6,6,6,7,7,8,8,9,10,11,12,13,13,13,13,14,14,14,15,15,15,16,16,16,16,17,17,17,18,18,19,19,19,20,20,20,21,21,22,22,23,23,24,24,25,25,26,27,28,28,29,30,31,31,32,33,34,35,36,37,39,40,41,42,44,45,47,49,51,53,55,57,60,63,66,69,73,74,74,75,75,76,76,77,77,77,78,78,79,80,80,81,81,82,82,83,83,84,85,85,86,87,87,88,89,89,90,91,91,92,93,94,94,95,96,97,98,99,100,101,102,102,103,104,106,107,108,109,110,111,112,114,115,116,118,119,120,122,123,125,127,128,130,132,134,136,138,140,143,145,148,150,153,156,160,163,166,170,174,179,183,188,194,200,207,214,223,232,243,256,271,289
Gaussian,2.0,14,7,784,0,1.0,3.3071280813529857,162.60892546700603,2.620881732024534,0.3023771609084121,1.6436315354330782,1,1,1,1,1,1,1,1,1,1,1,1,1,1,1,1,1,1,1,1,1,1,1,1,1,1,2,2,2,2,2,2,2,2,2,2,2,2,2,2,2,2,2,3,3,3,3,3,3,3,3,3,3,3,3,4,4,4,4,4,4,4,4,4,4,4,5,5,5,5,5,6,6,6,7,7,8,9,9,10,11,11,12,12,12,12,13,13,13,13,14,14,14,15,15,15,16,16,16,16,17,17,18,18,18,19,19,20,20,21,21,22,22,23,23,24,24,25,26,26,27,28,29,30,31,31,32,33,34,36,37,38,39,41,42,44,45,47,49,51,54,56,59,62,66,70,70,70,71,71,72,72,73,73,74,74,75,75,76,76,77,77,78,78,79,80,80,81,81,82,83,83,84,85,85,86,87,88,88,89,90,91,91,92,93,94,95,96,97,97,98,99,100,101,102,104,105,106,107,108,109,111,112,113,115,116,118,119,121,123,124,126,128,130,132,134,136,139,141,144,146,149,152,156,159,163,167,171,175,180,185,191,197,204,211,220,229,240,253,268,287
Gaussian,2.0,15,7,784,0,1.0,3.432273080119296,164.2421950719623,2.634659155881823,0.29135210883780926,1.6353815996856502,1,1,1,1,1,1,1,1,1,1,1,1,1,1,1,1,1,1,1,1,1,1,1,1,1,2,2,2,2,2,2,2,2,2,2,2,2,2,2,2,2,3,3,3,3,3,3,3,3,3,3,3,3,3,3,4,4,4,4,4,4,4,4,4,4,4,5,5,5,5,5,6,6,6,7,7,8,9,9,10,11,11,12,12,12,12,13,13,13,13,14,14,14,15,15,15,16,16,16,17,17,17,18,18,19,19,20,20,20,21,21,22,23,23,24,24,25,26,26,27,28,28,29,30,31,32,33,34,35,36,37,39,40,41,43,44,46,48,50,52,54,57,59,63,66,70,71,71,71,72,72,73,73,74,74,75,75,76,76,77,77,78,78,79,80,80,81,81,82,83,83,84,85,85,86,87,87,88,89,90,90,91,92,93,94,94,95,96,97,98,99,100,101,102,103,104,106,107,108,109,110,112,113,114,116,117,119,121,122,124,126,128,130,132,134,136,138,141,143,146,148,151,155,158,161,165,169,173,178,183,188,194,200,207,215,223,233,245,258,273,292
Gaussian,2.0,16,7,784,0,1.0,2.5298534581721586,157.4022231717341,2.322296300004325,0.3952798122633194,1.617119686969758,1,1,1,1,1,1,1,1,1,1,1,1,1,1,1,1,1,1,1,1,1,1,1,1,1,1,1,1,1,1,1,1,1,1,1,2,2,2,2,2,2,2,2,2,2,2,2,2,2,2,2,3,3,3,3,3,3,3,3,3,3,3,3,4,4,4,4,4,4,4,4,4,4,4,5,5,5,6,7,7,8,8,8,8,9,9,9,9,10,10,10,10,11,11,11,11,12,12,12,13,13,13,14,14,14,15,15,15,16,16,17,17,18,18,19,19,20,20,21,22,22,23,24,25,25,26,27,28,29,30,31,32,33,35,36,37,39,41,42,44,47,49,52,55,58,62,63,63,63,64,64,65,65,66,66,67,67,68,68,69,69,70,70,71,71,72,72,73,74,74,75,76,76,77,78,78,79,80,80,81,82,83,83,84,85,86,87,88,89,90,91,92,93,94,95,96,97,98,99,100,102,103,104,106,107,108,110,111,113,115,116,118,120,122,124,126,129,131,133,136,139,141,144,148,151,155,159,163,167,172,177,183,189,196,204,212,222,233,246,261,279
Gaussian,2.0,17,7,784,0,1.0,3.1969765850482283,160.78567439575698,2.4613925210052763,0.31279553459254206,1.6139059699020704,1,1,1,1,1,1,1,1,1,1,1,1,1,1,1,1,1,1,1,1,1,1,1,1,1,1,1,2,2,2,2,2,2,2,2,2,2,2,2,2,2,2,2,2,2,2,2,2,2,2,3,3,3,3,3,3,3,3,3,3,3,3,4,4,4,4,4,4,4,4,4,5,5,5,6,6,7,7,8,8,9,9,10,10,10,10,10,11,11,11,11,11,12,12,12,12,13,13,13,14,14,14,15,15,15,16,16,16,17,17,18,18,19,19,20,20,21,22,22,23,24,25,25,26,27,28,29,30,31,32,33,34,35,37,38,40,41,43,45,48,50,52,55,58,62,66,66,67,67,68,68,69,69,70,70,71,71,72,72,73,73,74,74,75,75,76,77,77,78,78,79,80,80,81,82,82,83,84,85,85,86,87,88,89,89,90,91,92,93,94,95,96,97,98,99,100,101,103,104,105,106,108,109,110,112,113,115,116,118,120,122,123,125,127,129,132,134,136,139,141,144,147,150,153,157,160,164,169,173,178,183,189,196,203,210,219,229,240,253,269,287
Gaussian,2.0,18,7,784,0,1.0,3.6987206855388286,163.5920464221753,2.598456035165886,0.2703637514208025,1.608990718039362,1,1,1,1,1,1,1,1,1,1,1,1,1,1,1,1,1,1,1,1,1,1,1,2,2,2,2,2,2,2,2,2,2,2,2,2,2,2,2,2,3,3,3,3,3,3,3,3,3,3,3,3,3,3,3,4,4,4,4,4,4,4,4,4,4,4,4,4,5,5,5,5,5,6,6,7,7,8,9,9,10,10,11,11,11,11,12,12,12,12,12,13,13,13,14,14,14,14,15,15,15,16,16,16,17,17,18,18,19,19,19,20,21,21,22,22,23,23,24,25,26,26,27,28,29,30,31,32,33,34,35,36,37,39,40,42,44,45,47,50,52,55,58,61,65,69,69,70,70,71,71,71,72,72,73,73,74,74,75,75,76,77,77,78,78,79,79,80,81,81,82,83,83,84,85,85,86,87,88,88,89,90,91,92,93,94,94,95,96,97,98,99,101,102,103,104,105,106,108,109,110,111,113,114,116,117,119,120,122,124,126,128,130,132,134,136,138,141,143,146,149,152,155,158,162,166,170,174,179,184,189,195,202,209,217,225,235,247,260,276,295
Gaussian,2.0,19,7,784,0,1.0,3.0409024477632918,160.26218087838788,2.475286446812328,0.32884974680313767,1.5955921454513426,1,1,1,1,1,1,1,1,1,1,1,1,1,1,1,1,1,1,1,1,1,1,1,1,1,1,1,1,2,2,2,2,2,2,2,2,2,2,2,2,2,2,2,2,2,2,2,2,3,3,3,3,3,3,3,3,3,3,3,3,4,4,4,4,4,4,4,4,4,4,5,5,5,5,6,6,7,7,8,8,9,9,9,9,10,10,10,10,10,10,11,11,11,11,12,12,12,12,13,13,13,14,14,15,15,15,16,16,17,17,17,18,18,19,19,20,20,21,22,22,23,24,24,25,26,27,28,28,29,30,31,33,34,35,37,38,40,42,44,46,48,50,53,57,60,64,65,65,66,66,66,67,67,68,68,69,69,70,70,71,72,72,73,73,74,74,75,76,76,77,78,78,79,80,80,81,82,83,83,84,85,86,86,87,88,89,90,91,92,93,94,95,96,97,98,99,100,102,103,104,105,107,108,110,111,113,114,116,118,119,121,123,125,127,130,132,134,137,139,142,145,148,151,155,158,162,166,171,175,180,186,192,198,205,213,222,232,243,256,272,291
Gaussian,2.0,20,7,784,0,1.0,2.556363693127408,157.34181319852811,2.325972951082899,0.3911806456524261,1.5889563385802867,1,1,1,1,1,1,1,1,1,1,1,1,1,1,1,1,1,1,1,1,1,1,1,1,1,1,1,1,1,1,1,1,1,1,1,2,2,2,2,2,2,2,2,2,2,2,2,2,2,2,2,2,3,3,3,3,3,3,3,3,3,3,3,3,4,4,4,4,4,4,4,4,4,5,5,5,6,6,6,7,7,8,8,8,8,8,8,9,9,9,9,10,10,10,10,11,11,11,11,12,12,12,13,13,13,14,14,14,15,15,16,16,17,17,18,18,19,19,20,20,21,21,22,23,24,24,25,26,27,28,29,30,31,33,34,36,37,39,41,43,45,47,50,53,57,61,61,62,62,63,63,64,64,65,65,66,66,67,67,68,68,69,69,70,71,71,72,72,73,74,74,75,76,76,77,78,78,79,80,81,81,82,83,84,85,85,86,87,88,89,90,91,92,93,94,95,96,98,99,100,101,103,104,105,107,108,110,111,113,115,117,118,120,122,124,127,129,131,134,137,139,142,146,149,152,156,160,164,169,174,179,185,191,199,207,215,225,237,250,266,285
Gaussian,2.0,0,8,784,0,1.0,2.2983387567326226,169.03876576377795,2.8722734052992793,0.43509687032455807,1.933015745759843,1,1,1,1,1,1,1,1,1,1,1,1,1,1,1,1,1,1,1,1,1,1,1,1,1,1,1,1,1,1,1,1,1,1,1,1,1,1,1,2,2,2,2,2,3,3,3,3,3,4,4,4,4,5,5,5,6,6,6,7,7,8,8,8,9,10,10,11,11,12,13,14,15,15,16,17,18,20,21,22,24,24,24,25,25,25,26,26,26,27,27,27,28,28,29,29,30,30,30,31,31,32,32,33,33,34,34,35,36,36,37,37,38,39,39,40,41,41,42,43,44,45,46,46,47,48,49,51,52,53,54,55,57,58,60,61,63,65,67,69,72,74,77,80,83,87,87,88,88,88,89,89,90,90,91,91,92,92,93,93,93,94,94,95,96,96,97,97,98,98,99,99,100,100,101,102,102,103,104,104,105,106,106,107,108,108,109,110,111,111,112,113,114,115,116,117,118,119,120,121,122,123,124,125,126,127,128,130,131,132,134,135,137,138,140,142,143,145,147,149,151,153,155,158,160,163,166,169,172,176,180,184,188,193,199,205,212,220,229,240,254
Gaussian,2.0,1,8,784,0,1.0,5.059934725580643,158.95349041978335,2.934699316762364,0.19763100795440539,1.7397879450164355,1,1,1,1,1,1,1,1,1,1,1,1,1,1,1,2,2,2,2,2,2,2,2,2,2,2,2,2,2,2,2,3,3,3,3,3,3,3,3,3,3,3,3,3,3,4,4,4,4,4,4,4,4,4,4,4,5,5,5,5,5,5,6,6,6,6,6,7,7,7,8,8,8,9,10,10,11,12,13,14,15,16,16,16,16,17,17,17,17,18,18,18,19,19,19,20,20,20,21,21,22,22,22,23,23,24,24,25,25,26,26,27,27,28,29,29,30,31,31,32,33,33,34,35,36,37,38,39,40,41,42,44,45,46,48,49,51,53,55,57,59,62,64,67,71,74,75,75,76,76,76,77,77,78,78,78,79,79,80,80,81,81,82,82,83,83,84,84,85,85,86,87,87,88,89,89,90,90,91,92,92,93,94,95,95,96,97,98,98,99,100,101,102,103,104,105,106,107,108,109,110,111,112,113,115,116,117,119,120,122,123,125,126,128,130,132,134,136,138,140,143,145,148,151,154,157,160,164,168,172,177,182,187,193,200,208,216,226,237,251,268
Gaussian,2.0,2,8,784,0,1.0,5.394396973010244,157.33934865138494,2.8888286334122317,0.18537753246624122,1.7309312999601385,1,1,1,1,1,1,1,1,1,1,1,1,1,1,2,2,2,2,2,2,2,2,2,2,2,2,2,2,2,2,2,3,3,3,3,3,3,3,3,3,3,3,3,3,3,3,4,4,4,4,4,4,4,4,4,4,4,5,5,5,5,5,5,5,6,6,6,6,7,7,7,8,8,9,9,10,10,11,12,13,14,14,15,15,15,15,16,16,16,16,17,17,17,18,18,18,19,19,19,20,20,21,21,21,22,22,23,23,24,24,25,25,26,26,27,27,28,29,29,30,31,32,33,33,34,35,36,37,38,39,40,42,43,44,46,47,49,51,53,55,57,60,62,66,69,73,73,74,74,74,75,75,76,76,77,77,78,78,78,79,79,80,80,81,81,82,83,83,84,84,85,85,86,87,87,88,89,89,90,91,91,92,93,93,94,95,96,97,97,98,99,100,101,102,103,104,105,106,107,108,109,110,111,113,114,115,116,118,119,121,122,124,126,127,129,131,133,135,137,140,142,145,147,150,153,156,159,163,167,171,176,181,186,192,199,206,215,225,237,250,267
Gaussian,2.0,3,8,784,0,1.0,4.561547694724284,155.9642106313697,2.803151227445424,0.21922383956580407,1.7330834020556904,1,1,1,1,1,1,1,1,1,1,1,1,1,1,1,1,1,2,2,2,2,2,2,2,2,2,2,2,2,2,2,2,2,2,3,3,3,3,3,3,3,3,3,3,3,3,3,3,3,4,4,4,4,4,4,4,4,4,4,4,4,5,5,5,5,5,6,6,6,6,7,7,7,8,8,9,9,10,11,12,13,13,14,14,14,14,15,15,15,15,16,16,16,17,17,17,18,18,18,19,19,20,20,20,21,21,22,22,23,23,24,24,25,25,26,26,27,28,28,29,30,31,32,32,33,34,35,36,37,38,39,40,42,43,45,46,48,50,52,54,56,59,61,64,68,71,72,72,73,73,73,74,74,75,75,76,76,77,77,77,78,78,79,79,80,81,81,82,82,83,83,84,84,85,86,86,87,88,88,89,90,90,91,92,93,93,94,95,96,96,97,98,99,100,101,102,103,104,105,106,107,108,109,111,112,113,115,116,117,119,120,122,124,125,127,129,131,133,135,138,140,143,145,148,151,154,158,161,165,169,174,179,184,190,197,204,213,223,234,248,265
Gaussian,2.0,4,8,784,0,1.0,4.5562831419447845,158.59416314325443,2.835275343788009,0.21947714153101652,1.732932566851753,1,1,1,1,1,1,1,1,1,1,1,1,1,1,1,1,1,2,2,2,2,2,2,2,2,2,2,2,2,2,2,2,2,2,2,3,3,3,3,3,3,3,3,3,3,3,3,3,3,4,4,4,4,4,4,4,4,4,4,5,5,5,5,5,5,6,6,6,6,7,7,7,8,8,9,9,10,11,12,13,14,14,14,15,15,15,15,16,16,16,17,17,17,18,18,18,19,19,19,20,20,21,21,21,22,22,23,23,24,24,25,25,26,27,27,28,28,29,30,31,31,32,33,34,35,36,37,38,39,40,41,43,44,45,47,48,50,52,54,56,58,61,63,66,70,73,74,74,75,75,76,76,76,77,77,78,78,79,79,80,80,81,81,82,82,83,83,84,84,85,85,86,87,87,88,88,89,90,90,91,92,92,93,94,95,95,96,97,98,99,99,100,101,102,103,104,105,106,107,108,109,110,112,113,114,116,117,118,120,121,123,124,126,128,130,132,134,136,138,140,142,145,148,150,153,156,160,163,167,172,176,181,187,193,200,207,216,226,237,251,268
Gaussian,2.0,5,8,784,0,1.0,4.428843411481996,155.133044877619,2.7339905411893253,0.22579258444935094,1.711370916615454,1,1,1,1,1,1,1,1,1,1,1,1,1,1,1,1,1,1,2,2,2,2,2,2,2,2,2,2,2,2,2,2,2,2,2,2,3,3,3,3,3,3,3,3,3,3,3,3,3,3,3,4,4,4,4,4,4,4,4,4,4,4,4,5,5,5,5,5,5,6,6,6,6,7,7,8,9,9,10,11,12,13,13,13,13,14,14,14,14,15,15,15,16,16,16,16,17,17,17,18,18,19,19,19,20,20,21,21,21,22,22,23,24,24,25,25,26,27,27,28,29,29,30,31,32,33,34,35,36,37,38,39,41,42,43,45,46,48,50,52,54,57,59,62,66,69,70,70,71,71,71,72,72,73,73,74,74,75,75,75,76,76,77,77,78,78,79,80,80,81,81,82,82,83,84,84,85,86,86,87,88,88,89,90,91,91,92,93,94,95,95,96,97,98,99,100,101,102,103,104,105,106,107,109,110,111,112,114,115,117,118,120,122,123,125,127,129,131,133,136,138,140,143,146,149,152,156,159,163,168,172,177,183,189,196,203,212,222,234,248,265
Gaussian,2.0,6,8,784,0,1.0,4.176333195977465,154.7287572474689,2.7309154964564057,0.23944449666113182,1.723458311544674,1,1,1,1,1,1,1,1,1,1,1,1,1,1,1,1,1,1,1,2,2,2,2,2,2,2,2,2,2,2,2,2,2,2,2,2,2,3,3,3,3,3,3,3,3,3,3,3,3,3,3,4,4,4,4,4,4,4,4,4,4,4,4,4,5,5,5,5,5,6,6,6,7,7,7,8,9,9,10,11,12,12,13,13,13,13,14,14,14,15,15,15,16,16,16,16,17,17,18,18,18,19,19,19,20,20,21,21,22,22,23,23,24,24,25,25,26,27,27,28,29,30,30,31,32,33,34,35,36,37,38,39,41,42,43,45,47,48,50,52,54,57,60,63,66,70,70,70,71,71,72,72,73,73,73,74,74,75,75,76,76,77,77,78,78,79,79,80,80,81,81,82,83,83,84,84,85,86,86,87,88,88,89,90,90,91,92,93,94,94,95,96,97,98,99,100,101,102,103,104,105,106,107,109,110,111,112,114,115,117,118,120,122,123,125,127,129,131,133,135,138,140,143,146,149,152,155,159,163,167,172,177,182,188,195,202,211,221,233,246,263
Gaussian,2.0,7,8,784,0,1.0,3.3843917094754827,150.8033489964364,2.5568795275283827,0.2954740721058501,1.7024372008287898,1,1,1,1,1,1,1,1,1,1,1,1,1,1,1,1,1,1,1,1,1,1,1,1,1,2,2,2,2,2,2,2,2,2,2,2,2,2,2,2,2,2,2,3,3,3,3,3,3,3,3,3,3,3,3,3,3,4,4,4,4,4,4,4,4,4,4,4,5,5,5,5,6,6,6,6,7,7,8,9,9,10,10,10,10,11,11,11,11,12,12,12,12,13,13,13,14,14,14,14,15,15,15,16,16,17,17,18,18,19,19,20,20,21,21,22,22,23,24,24,25,26,27,27,28,29,30,31,32,33,34,35,36,38,39,40,42,44,46,48,50,52,55,58,61,65,65,66,66,67,67,67,68,68,69,69,70,70,70,71,71,72,72,73,73,74,75,75,76,76,77,77,78,78,79,80,80,81,82,82,83,84,84,85,86,87,87,88,89,90,91,91,92,93,94,95,96,97,98,99,100,102,103,104,105,106,108,109,111,112,114,115,117,119,120,122,124,126,128,131,133,136,139,141,144,148,151,155,159,163,168,173,178,184,191,199,207,218,229,243,260
Gaussian,2.0,8,8,784,0,1.0,3.3423773729827415,150.9059275066003,2.5313476971713427,0.2991882389113946,1.6773772643230018,1,1,1,1,1,1,1,1,1,1,1,1,1,1,1,1,1,1,1,1,1,1,1,1,1,2,2,2,2,2,2,2,2,2,2,2,2,2,2,2,2,2,3,3,3,3,3,3,3,3,3,3,3,3,3,3,3,3,4,4,4,4,4,4,4,4,4,4,5,5,5,5,5,6,6,6,7,7,8,8,9,9,10,10,10,10,11,11,11,11,11,12,12,12,13,13,13,14,14,14,15,15,15,16,16,16,17,17,18,18,18,19,19,20,20,21,22,22,23,23,24,25,26,26,27,28,29,30,31,32,33,34,35,37,38,39,41,43,44,46,48,51,53,56,60,63,64,64,65,65,65,66,66,67,67,68,68,69,69,69,70,70,71,71,72,73,73,74,74,75,75,76,76,77,78,78,79,80,80,81,82,82,83,84,85,85,86,87,88,89,90,90,91,92,93,94,95,96,97,98,100,101,102,103,104,106,107,108,110,111,113,115,116,118,120,122,124,126,128,131,133,136,138,141,145,148,151,155,159,163,168,173,179,185,192,200,209,219,231,245,262
Gaussian,2.0,9,8,784,0,1.0,3.7859287656581646,154.56002868661633,2.6443101796765776,0.2641359787513474,1.685985896380011,1,1,1,1,1,1,1,1,1,1,1,1,1,1,1,1,1,1,1,1,1,1,2,2,2,2,2,2,2,2,2,2,2,2,2,2,2,2,2,2,3,3,3,3,3,3,3,3,3,3,3,3,3,3,4,4,4,4,4,4,4,4,4,4,4,4,5,5,5,5,5,6,6,6,7,7,8,8,9,10,11,11,11,12,12,12,12,13,13,13,13,14,14,14,14,15,15,15,16,16,17,17,17,18,18,19,19,20,20,20,21,21,22,23,23,24,24,25,26,26,27,28,28,29,30,31,32,33,34,35,36,37,38,40,41,42,44,46,48,50,52,54,57,60,63,67,67,68,68,68,69,69,70,70,71,71,71,72,72,73,73,74,74,75,75,76,76,77,78,78,79,79,80,80,81,82,82,83,84,84,85,86,86,87,88,89,89,90,91,92,93,94,95,96,97,98,99,100,101,102,103,104,105,107,108,109,111,112,114,115,117,118,120,122,124,126,128,130,132,134,137,139,142,145,148,152,155,159,163,168,173,178,184,190,197,205,214,224,236,250,268
Gaussian,2.0,10,8,784,0,1.0,3.4676091586620803,151.51669667834625,2.5770059079833243,0.2883831349626016,1.6764453297948854,1,1,1,1,1,1,1,1,1,1,1,1,1,1,1,1,1,1,1,1,1,1,1,1,2,2,2,2,2,2,2,2,2,2,2,2,2,2,2,2,2,3,3,3,3,3,3,3,3,3,3,3,3,3,3,4,4,4,4,4,4,4,4,4,4,4,4,5,5,5,5,5,6,6,6,7,7,8,8,9,10,10,10,10,10,11,11,11,11,12,12,12,12,13,13,13,13,14,14,15,15,15,16,16,16,17,17,18,18,18,19,19,20,21,21,22,22,23,23,24,25,25,26,27,28,28,29,30,31,32,33,34,36,37,38,40,41,43,45,47,49,51,54,57,60,64,64,65,65,65,66,66,67,67,68,68,68,69,69,70,70,71,71,72,72,73,73,74,75,75,76,76,77,78,78,79,79,80,81,82,82,83,84,84,85,86,87,88,88,89,90,91,92,93,94,95,96,97,98,99,100,102,103,104,105,107,108,109,111,112,114,116,117,119,121,123,125,127,129,132,134,137,140,143,146,149,153,156,160,165,169,175,180,187,193,201,210,221,233,247,264
Gaussian,2.0,11,8,784,0,1.0,3.592187022841732,151.95843323128707,2.5478770872131045,0.2783819421542571,1.652092853385394,1,1,1,1,1,1,1,1,1,1,1,1,1,1,1,1,1,1,1,1,1,1,1,2,2,2,2,2,2,2,2,2,2,2,2,2,2,2,2,2,3,3,3,3,3,3,3,3,3,3,3,3,3,3,3,4,4,4,4,4,4,4,4,4,4,4,4,4,5,5,5,5,5,5,6,6,6,7,7,8,9,9,9,10,10,10,10,10,11,11,11,11,12,12,12,12,13,13,13,14,14,14,15,15,16,16,16,17,17,18,18,19,19,20,20,21,21,22,22,23,24,24,25,26,26,27,28,29,30,31,32,33,34,36,37,38,40,41,43,45,48,50,53,55,59,62,63,63,64,64,65,65,65,66,66,67,67,68,68,69,69,70,70,71,71,72,72,73,74,74,75,75,76,77,77,78,78,79,80,81,81,82,83,84,84,85,86,87,88,89,89,90,91,92,93,94,95,96,98,99,100,101,103,104,105,107,108,109,111,112,114,116,117,119,121,123,125,128,130,132,135,138,140,144,147,150,154,158,162,167,172,177,183,190,197,205,214,225,237,252,270
Gaussian,2.0,12,8,784,0,1.0,3.4779882443380647,151.66359125601073,2.5229498871888754,0.28752253594529364,1.6540668217857677,1,1,1,1,1,1,1,1,1,1,1,1,1,1,1,1,1,1,1,1,1,1,1,1,2,2,2,2,2,2,2,2,2,2,2,2,2,2,2,2,2,2,3,3,3,3,3,3,3,3,3,3,3,3,3,3,3,3,4,4,4,4,4,4,4,4,4,4,4,5,5,5,5,6,6,6,7,7,7,8,9,9,9,9,10,10,10,10,11,11,11,11,11,12,12,12,13,13,13,14,14,14,15,15,15,16,16,16,17,17,18,18,19,19,20,20,21,21,22,23,23,24,25,26,26,27,28,29,30,31,32,33,34,36,37,38,40,42,43,45,48,50,52,55,59,62,63,63,64,64,65,65,65,66,66,67,67,68,68,69,69,70,70,71,71,72,72,73,73,74,75,75,76,76,77,78,78,79,80,80,81,82,83,83,84,85,86,86,87,88,89,90,91,92,93,94,95,96,97,98,99,100,102,103,104,105,107,108,110,111,113,115,117,118,120,122,124,127,129,131,134,137,140,143,146,149,153,157,161,166,171,176,182,188,195,203,213,223,235,250,268
Gaussian,2.0,13,8,784,0,1.0,3.9807156677895827,154.8562542638102,2.5708576431769843,0.25121110962323046,1.642105114923091,1,1,1,1,1,1,1,1,1,1,1,1,1,1,1,1,1,1,1,1,1,2,2,2,2,2,2,2,2,2,2,2,2,2,2,2,2,2,2,2,2,3,3,3,3,3,3,3,3,3,3,3,3,3,3,3,3,3,4,4,4,4,4,4,4,4,4,4,5,5,5,5,5,6,6,6,7,7,8,9,10,10,10,10,11,11,11,11,11,12,12,12,12,13,13,13,14,14,14,15,15,15,16,16,16,17,17,17,18,18,19,19,20,20,21,21,22,22,23,24,24,25,26,26,27,28,29,30,31,32,33,34,35,37,38,40,41,43,45,47,49,51,54,57,60,64,65,65,65,66,66,67,67,68,68,69,69,69,70,70,71,71,72,72,73,74,74,75,75,76,76,77,78,78,79,80,80,81,82,82,83,84,85,85,86,87,88,89,90,91,92,93,94,95,96,97,98,99,100,101,102,104,105,106,108,109,110,112,114,115,117,118,120,122,124,126,128,131,133,136,138,141,144,147,150,154,157,161,165,170,175,180,186,193,200,209,218,229,242,257,275
Gaussian,2.0,14,8,784,0,1.0,3.875149744911035,151.2468262517404,2.4980248447279005,0.2580545439084594,1.6191992727150408,1,1,1,1,1,1,1,1,1,1,1,1,1,1,1,1,1,1,1,1,1,2,2,2,2,2,2,2,2,2,2,2,2,2,2,2,2,2,2,2,2,2,3,3,3,3,3,3,3,3,3,3,3,3,3,3,4,4,4,4,4,4,4,4,4,4,4,4,4,4,5,5,5,5,5,6,6,6,7,8,8,8,9,9,9,9,9,10,10,10,10,10,11,11,11,11,12,12,12,12,13,13,13,14,14,15,15,15,16,16,16,17,17,18,18,19,19,20,20,21,22,22,23,24,24,25,26,27,28,29,30,31,32,34,35,36,38,40,41,43,45,48,50,53,57,60,61,61,62,62,62,63,63,64,64,65,65,66,66,67,67,68,68,69,69,70,70,71,71,72,72,73,74,74,75,76,76,77,78,78,79,80,81,81,82,83,84,85,86,87,88,88,89,90,92,93,94,95,96,97,98,100,101,102,104,105,106,108,109,111,113,115,116,118,120,122,124,127,129,131,134,137,140,143,146,149,153,157,161,166,171,177,183,190,197,206,215,226,239,254,273
Gaussian,2.0,15,8,784,0,1.0,3.7251275002714426,153.14973050007916,2.5018542628460425,0.26844718735858897,1.6113004358801715,1,1,1,1,1,1,1,1,1,1,1,1,1,1,1,1,1,1,1,1,1,1,2,2,2,2,2,2,2,2,2,2,2,2,2,2,2,2,2,2,2,3,3,3,3,3,3,3,3,3,3,3,3,3,3,3,3,4,4,4,4,4,4,4,4,4,4,4,4,4,5,5,5,5,5,6,6,6,7,7,8,8,9,9,9,9,9,9,10,10,10,10,10,11,11,11,12,12,12,12,13,13,13,14,14,14,15,15,16,16,16,17,17,18,18,19,19,20,21,21,22,23,23,24,25,26,27,27,28,29,30,31,33,34,35,37,38,40,42,44,46,49,51,54,57,61,61,62,62,63,63,64,64,64,65,65,66,66,67,67,68,68,69,69,70,70,71,72,72,73,73,74,75,75,76,76,77,78,79,79,80,81,82,82,83,84,85,86,87,87,88,89,90,91,92,93,94,96,97,98,99,100,102,103,104,106,107,109,111,112,114,116,118,120,122,124,126,128,131,133,136,139,142,145,149,152,156,160,165,170,175,181,187,194,201,210,219,230,244,259,278
Gaussian,2.0,16,8,784,0,1.0,2.7536597159009046,144.27148837526636,2.2144549911723534,0.36315307742112707,1.594828899710688,1,1,1,1,1,1,1,1,1,1,1,1,1,1,1,1,1,1,1,1,1,1,1,1,1,1,1,1,1,1,1,1,2,2,2,2,2,2,2,2,2,2,2,2,2,2,2,2,2,2,3,3,3,3,3,3,3,3,3,3,3,3,3,3,3,4,4,4,4,4,4,4,4,4,4,4,4,4,5,5,6,6,6,6,6,6,6,7,7,7,7,7,7,7,8,8,8,8,8,9,9,9,9,10,10,10,11,11,11,12,12,12,13,13,14,14,15,15,16,16,17,17,18,18,19,20,21,21,22,23,24,25,26,27,28,30,31,33,35,36,38,40,43,46,49,53,53,53,54,54,55,55,55,56,56,57,57,58,58,59,59,60,60,61,61,62,62,63,63,64,64,65,66,66,67,67,68,69,69,70,71,72,72,73,74,75,75,76,77,78,79,80,81,82,83,84,85,86,87,88,89,90,92,93,94,96,97,98,100,101,103,105,107,109,110,112,115,117,119,122,124,127,130,133,136,140,143,147,151,156,161,167,173,179,187,195,204,215,228,243,262
Gaussian,2.0,17,8,784,0,1.0,3.324587494710482,148.0419834137719,2.2950701481487368,0.30078919613065674,1.5840881226843475,1,1,1,1,1,1,1,1,1,1,1,1,1,1,1,1,1,1,1,1,1,1,1,1,1,1,2,2,2,2,2,2,2,2,2,2,2,2,2,2,2,2,2,2,2,2,2,2,2,2,2,2,3,3,3,3,3,3,3,3,3,3,3,3,3,4,4,4,4,4,4,4,4,4,4,5,5,5,6,6,7,7,7,7,7,7,7,8,8,8,8,8,8,9,9,9,9,9,10,10,10,10,10,11,11,11,11,12,12,12,13,13,13,14,14,15,15,16,16,17,17,18,19,19,20,21,21,22,23,24,25,26,28,29,30,31,33,34,36,38,40,43,45,48,51,55,55,56,56,57,57,57,58,58,59,59,60,60,61,61,62,62,63,63,64,64,65,66,66,67,67,68,69,69,70,71,71,72,73,73,74,75,76,76,77,78,79,80,80,81,82,83,84,85,86,87,88,89,90,92,93,94,95,97,98,99,101,103,104,106,107,109,111,113,115,117,119,121,124,126,129,132,135,138,141,145,149,153,157,162,167,173,179,186,194,203,213,224,237,253,271
Gaussian,2.0,18,8,784,0,1.0,4.021400430253893,152.00025106591332,2.438306179307711,0.24866959094070237,1.5768065236871638,1,1,1,1,1,1,1,1,1,1,1,1,1,1,1,1,1,1,1,1,2,2,2,2,2,2,2,2,2,2,2,2,2,2,2,2,2,2,2,2,3,3,3,3,3,3,3,3,3,3,3,3,3,3,3,3,3,4,4,4,4,4,4,4,4,4,4,4,4,4,4,4,5,5,5,5,5,6,6,7,7,7,8,8,8,8,8,8,9,9,9,9,9,9,10,10,10,10,11,11,11,11,12,12,12,13,13,13,14,14,14,15,15,16,16,17,17,17,18,19,19,20,21,21,22,23,24,24,25,26,27,29,30,31,32,34,35,37,39,41,43,46,48,51,55,58,59,59,60,60,61,61,62,62,62,63,63,64,64,65,65,66,67,67,68,68,69,69,70,71,71,72,73,73,74,75,75,76,77,78,78,79,80,81,81,82,83,84,85,86,87,88,89,90,91,92,93,94,95,97,98,99,101,102,103,105,106,108,110,111,113,115,117,119,121,123,125,128,130,133,135,138,141,145,148,152,156,160,165,170,175,181,187,194,202,211,221,233,246,262,281
Gaussian,2.0,19,8,784,0,1.0,3.275952941540735,148.0110170206004,2.3324920451807163,0.305254690114591,1.5657256694290478,1,1,1,1,1,1,1,1,1,1,1,1,1,1,1,1,1,1,1,1,1,1,1,1,1,1,2,2,2,2,2,2,2,2,2,2,2,2,2,2,2,2,2,2,2,2,2,2,2,3,3,3,3,3,3,3,3,3,3,3,3,3,4,4,4,4,4,4,4,4,4,4,4,4,5,5,5,5,6,6,7,7,7,7,7,7,7,7,8,8,8,8,8,8,8,9,9,9,9,9,10,10,10,10,10,11,11,11,12,12,12,13,13,13,14,14,15,15,16,16,17,17,18,19,19,20,21,22,23,24,24,26,27,28,29,30,32,33,35,37,39,41,44,47,50,54,54,55,55,55,56,56,57,57,58,58,59,59,60,60,61,61,62,62,63,63,64,65,65,66,66,67,68,68,69,70,70,71,72,73,73,74,75,76,76,77,78,79,80,81,82,83,84,85,86,87,88,89,91,92,93,94,96,97,98,100,101,103,105,106,108,110,112,114,116,118,121,123,125,128,131,134,137,140,144,147,151,156,160,165,171,176,183,190,198,206,216,228,241,256,275
Gaussian,2.0,20,8,784,0,1.0,2.8042065254182753,144.97754657086523,2.2179910279170287,0.3566071153945553,1.5620416193030267,1,1,1,1,1,1,1,1,1,1,1,1,1,1,1,1,1,1,1,1,1,1,1,1,1,1,1,1,1,1,1,2,2,2,2,2,2,2,2,2,2,2,2,2,2,2,2,2,2,2,2,2,3,3,3,3,3,3,3,3,3,3,3,3,3,3,4,4,4,4,4,4,4,4,4,4,5,5,5,5,6,6,6,6,6,6,6,6,7,7,7,7,7,7,7,7,7,8,8,8,8,8,9,9,9,9,10,10,10,11,11,11,12,12,12,13,13,14,14,15,15,16,16,17,18,18,19,20,21,22,22,23,24,26,27,28,29,31,33,34,36,38,41,44,47,51,51,52,52,52,53,53,54,54,55,55,56,56,57,57,58,58,59,59,60,61,61,62,62,63,63,64,65,65,66,67,67,68,69,69,70,71,72,72,73,74,75,76,77,78,79,80,80,81,83,84,85,86,87,88,89,91,92,93,95,96,98,99,101,103,104,106,108,110,112,114,116,118,121,123,126,129,132,135,139,142,146,150,155,160,165,171,177,184,192,201,210,222,235,251,270
Gaussian,2.0,0,classifier,784,0,1.0,2.4375664836544093,162.2539953142741,2.943524656304331,0.4102452206763182,1.9621680596460427,1,1,1,1,1,1,1,1,1,1,1,1,1,1,1,1,1,1,1,1,1,1,1,1,1,1,1,1,1,1,1,1,1,1,1,1,1,2,2,2,2,2,3,3,3,3,3,4,4,4,4,5,5,5,6,6,6,7,7,7,8,8,9,9,10,10,11,11,12,13,14,14,15,16,17,18,19,20,21,22,24,24,24,25,25,25,26,26,26,27,27,27,28,28,28,29,29,30,30,31,31,32,32,32,33,33,34,35,35,36,36,37,37,38,39,39,40,41,41,42,43,44,45,45,46,47,48,49,50,52,53,54,55,57,58,60,61,63,65,67,69,72,75,77,81,84,84,85,85,86,86,86,87,87,88,88,89,89,89,90,90,91,91,92,92,93,93,94,94,95,95,96,96,97,97,98,98,99,100,100,101,101,102,103,103,104,105,105,106,107,108,108,109,110,111,112,112,113,114,115,116,117,118,119,120,122,123,124,125,126,128,129,130,132,133,135,136,138,140,142,144,146,148,150,153,155,158,161,164,167,170,174,179,183,188,194,201,209,217,228,241
Gaussian,2.0,1,classifier,784,0,1.0,4.609567280589978,148.96896789803347,2.774766883197454,0.21694010286189166,1.7148167140513584,1,1,1,1,1,1,1,1,1,1,1,1,1,1,1,1,1,2,2,2,2,2,2,2,2,2,2,2,2,2,2,2,2,2,2,3,3,3,3,3,3,3,3,3,3,3,3,3,3,4,4,4,4,4,4,4,4,4,4,4,5,5,5,5,5,5,6,6,6,6,6,7,7,7,8,8,9,9,10,11,12,12,13,13,13,13,14,14,14,14,14,15,15,15,16,16,16,17,17,17,18,18,18,19,19,19,20,20,21,21,22,22,23,23,24,24,25,25,26,27,27,28,29,29,30,31,32,33,34,35,36,37,38,39,41,42,44,45,47,49,51,54,56,59,62,65,66,66,67,67,67,68,68,69,69,69,70,70,71,71,72,72,73,73,74,74,75,75,76,76,77,77,78,78,79,80,80,81,81,82,83,83,84,85,85,86,87,88,88,89,90,91,92,93,93,94,95,96,97,98,99,100,102,103,104,105,106,108,109,111,112,114,115,117,119,121,122,124,127,129,131,133,136,139,142,145,148,152,156,160,164,169,175,181,187,195,203,213,225,239,256
Gaussian,2.0,2,classifier,784,0,1.0,4.7423824680164754,147.52718691025962,2.7382127582042246,0.2108644772420169,1.7117368136322308,1,1,1,1,1,1,1,1,1,1,1,1,1,1,1,1,1,2,2,2,2,2,2,2,2,2,2,2,2,2,2,2,2,2,3,3,3,3,3,3,3,3,3,3,3,3,3,3,3,3,4,4,4,4,4,4,4,4,4,4,4,5,5,5,5,5,5,5,6,6,6,6,7,7,8,8,9,9,10,10,11,11,12,12,12,12,12,13,13,13,13,14,14,14,15,15,15,15,16,16,16,17,17,17,18,18,19,19,19,20,20,21,21,22,22,23,24,24,25,25,26,27,27,28,29,30,31,32,33,34,35,36,37,38,40,41,42,44,46,48,50,52,55,57,61,64,65,65,65,66,66,67,67,67,68,68,69,69,70,70,70,71,71,72,72,73,73,74,74,75,76,76,77,77,78,78,79,80,80,81,81,82,83,84,84,85,86,87,87,88,89,90,91,92,92,93,94,95,96,97,98,100,101,102,103,104,106,107,108,110,111,113,115,116,118,120,122,124,126,128,130,133,135,138,141,144,147,151,155,159,163,168,174,179,186,194,202,212,223,237,254
Gaussian,2.0,3,classifier,784,0,1.0,4.687278966100335,145.60495088269107,2.668071634053857,0.21334339330606722,1.7082069127990047,1,1,1,1,1,1,1,1,1,1,1,1,1,1,1,1,1,2,2,2,2,2,2,2,2,2,2,2,2,2,2,2,2,2,2,3,3,3,3,3,3,3,3,3,3,3,3,3,3,3,3,3,4,4,4,4,4,4,4,4,4,4,4,4,5,5,5,5,5,5,6,6,6,6,7,7,8,8,9,9,10,10,11,11,11,11,11,12,12,12,12,13,13,13,13,14,14,14,15,15,15,16,16,16,17,17,17,18,18,19,19,20,20,21,21,22,22,23,24,24,25,26,26,27,28,29,30,30,31,32,33,35,36,37,38,40,41,43,45,47,49,51,53,56,59,63,63,63,64,64,65,65,65,66,66,67,67,67,68,68,69,69,70,70,71,71,72,72,73,73,74,74,75,75,76,77,77,78,78,79,80,80,81,82,82,83,84,85,85,86,87,88,89,90,90,91,92,93,94,95,96,97,99,100,101,102,103,105,106,108,109,111,112,114,116,117,119,121,123,126,128,130,133,136,139,142,145,149,152,157,161,166,171,177,184,191,199,209,220,233,250
Gaussian,2.0,4,classifier,784,0,1.0,4.825060423285165,147.96761833827048,2.7053851015010992,0.20725129061060452,1.7129189521726897,1,1,1,1,1,1,1,1,1,1,1,1,1,1,1,1,2,2,2,2,2,2,2,2,2,2,2,2,2,2,2,2,2,2,2,3,3,3,3,3,3,3,3,3,3,3,3,3,3,3,3,4,4,4,4,4,4,4,4,4,4,4,4,5,5,5,5,5,5,6,6,6,6,7,7,7,8,8,9,10,11,11,11,11,12,12,12,12,12,13,13,13,14,14,14,14,15,15,15,16,16,16,17,17,18,18,18,19,19,20,20,21,21,22,22,23,23,24,25,25,26,27,27,28,29,30,31,32,33,34,35,36,37,38,40,41,43,45,46,48,51,53,55,58,61,65,65,65,66,66,67,67,67,68,68,69,69,70,70,70,71,71,72,72,73,73,74,74,75,75,76,76,77,78,78,79,79,80,80,81,82,82,83,84,85,85,86,87,88,89,89,90,91,92,93,94,95,96,97,98,99,100,101,102,103,104,106,107,108,110,111,113,115,116,118,120,122,124,126,128,130,133,135,138,141,144,148,151,155,159,163,168,174,180,186,194,202,212,224,237,254
Gaussian,2.0,5,classifier,784,0,1.0,4.3902739064938565,145.1828062564836,2.601201480439921,0.22777622109655934,1.6921846947202688,1,1,1,1,1,1,1,1,1,1,1,1,1,1,1,1,1,1,2,2,2,2,2,2,2,2,2,2,2,2,2,2,2,2,2,2,2,2,3,3,3,3,3,3,3,3,3,3,3,3,3,3,3,4,4,4,4,4,4,4,4,4,4,4,4,4,5,5,5,5,5,5,5,6,6,6,7,7,8,9,10,10,10,10,10,11,11,11,11,11,12,12,12,12,13,13,13,14,14,14,15,15,15,16,16,16,17,17,18,18,18,19,19,20,20,21,21,22,22,23,24,24,25,26,27,28,28,29,30,31,32,33,35,36,37,39,40,42,43,45,47,50,52,55,58,61,62,62,62,63,63,64,64,64,65,65,66,66,66,67,67,68,68,69,69,70,70,71,71,72,72,73,73,74,75,75,76,76,77,78,78,79,80,80,81,82,82,83,84,85,86,86,87,88,89,90,91,92,93,94,95,96,97,98,99,101,102,103,105,106,108,109,111,113,114,116,118,120,122,124,127,129,132,134,137,140,143,147,151,155,160,165,170,176,183,190,199,209,220,234,252
Gaussian,2.0,6,classifier,784,0,1.0,4.373382344245958,143.973882089903,2.583072230908227,0.22865597409192817,1.6998447259018254,1,1,1,1,1,1,1,1,1,1,1,1,1,1,1,1,1,1,2,2,2,2,2,2,2,2,2,2,2,2,2,2,2,2,2,2,2,2,3,3,3,3,3,3,3,3,3,3,3,3,3,3,3,4,4,4,4,4,4,4,4,4,4,4,4,4,4,5,5,5,5,5,5,6,6,6,7,7,8,8,9,9,9,10,10,10,10,10,11,11,11,11,12,12,12,12,13,13,13,14,14,14,15,15,15,16,16,17,17,17,18,18,19,19,20,20,21,21,22,23,23,24,25,25,26,27,28,29,30,31,32,33,34,35,36,38,39,41,43,44,46,49,51,54,57,60,61,61,62,62,62,63,63,64,64,64,65,65,66,66,67,67,68,68,69,69,70,70,71,71,72,72,73,73,74,75,75,76,76,77,78,78,79,80,80,81,82,83,83,84,85,86,87,87,88,89,90,91,92,93,94,95,97,98,99,100,102,103,104,106,107,109,110,112,114,115,117,119,121,124,126,128,131,134,137,140,143,146,150,154,159,164,169,175,181,189,197,207,218,232,249
Gaussian,2.0,7,classifier,784,0,1.0,3.9715235097626955,140.0544405957085,2.454938808619247,0.25179254196577866,1.6840592933164185,1,1,1,1,1,1,1,1,1,1,1,1,1,1,1,1,1,1,1,1,1,2,2,2,2,2,2,2,2,2,2,2,2,2,2,2,2,2,2,2,2,3,3,3,3,3,3,3,3,3,3,3,3,3,3,3,3,3,3,4,4,4,4,4,4,4,4,4,4,4,4,5,5,5,5,6,6,6,6,7,7,8,8,8,8,8,8,8,8,9,9,9,9,9,10,10,10,10,11,11,11,12,12,12,13,13,13,14,14,14,15,15,16,16,17,17,18,18,19,19,20,21,21,22,23,24,24,25,26,27,28,29,30,32,33,34,36,37,39,41,43,45,47,50,53,56,57,57,58,58,58,59,59,60,60,60,61,61,62,62,62,63,63,64,64,65,65,66,66,67,67,68,68,69,70,70,71,71,72,73,73,74,75,75,76,77,78,78,79,80,81,82,82,83,84,85,86,87,88,89,90,91,92,93,95,96,97,98,100,101,103,104,106,108,109,111,113,115,117,120,122,124,127,130,132,136,139,143,146,151,155,160,165,171,178,185,194,204,215,229,245
Gaussian,2.0,8,classifier,784,0,1.0,3.67997137162004,141.26662020795663,2.4374750668479357,0.27174124443249903,1.6574607625182054,1,1,1,1,1,1,1,1,1,1,1,1,1,1,1,1,1,1,1,1,1,1,1,2,2,2,2,2,2,2,2,2,2,2,2,2,2,2,2,2,2,2,3,3,3,3,3,3,3,3,3,3,3,3,3,3,3,3,3,4,4,4,4,4,4,4,4,4,4,4,4,5,5,5,5,5,6,6,6,7,7,7,7,8,8,8,8,8,8,9,9,9,9,9,10,10,10,10,11,11,11,12,12,12,13,13,13,14,14,14,15,15,16,16,16,17,17,18,18,19,20,20,21,22,22,23,24,25,26,27,27,28,30,31,32,33,35,36,38,40,42,44,46,49,52,56,56,56,57,57,57,58,58,59,59,59,60,60,61,61,62,62,63,63,64,64,65,65,66,66,67,67,68,68,69,70,70,71,72,72,73,74,74,75,76,77,77,78,79,80,80,81,82,83,84,85,86,87,88,89,90,91,93,94,95,96,98,99,100,102,103,105,106,108,110,112,114,116,118,120,123,125,128,131,134,137,140,144,148,152,157,162,168,174,180,188,197,207,219,233,250
Gaussian,2.0,9,classifier,784,0,1.0,3.902455170152698,143.63931431034936,2.4973213614721788,0.2562489398080315,1.6588495682197226,1,1,1,1,1,1,1,1,1,1,1,1,1,1,1,1,1,1,1,1,1,2,2,2,2,2,2,2,2,2,2,2,2,2,2,2,2,2,2,2,3,3,3,3,3,3,3,3,3,3,3,3,3,3,3,3,4,4,4,4,4,4,4,4,4,4,4,4,4,5,5,5,5,5,5,6,6,6,7,7,8,8,8,8,9,9,9,9,9,10,10,10,10,10,11,11,11,11,12,12,12,13,13,13,13,14,14,15,15,15,16,16,17,17,18,18,19,19,20,21,21,22,23,23,24,25,26,27,27,28,29,31,32,33,34,35,37,38,40,42,44,46,48,51,54,58,58,59,59,59,60,60,61,61,62,62,62,63,63,64,64,65,65,66,66,66,67,68,68,69,69,70,70,71,71,72,73,73,74,75,75,76,77,77,78,79,79,80,81,82,83,83,84,85,86,87,88,89,90,91,92,93,94,96,97,98,100,101,102,104,105,107,109,110,112,114,116,118,120,122,125,127,130,133,136,139,142,146,150,154,159,164,170,176,183,191,200,210,222,236,254
Gaussian,2.0,10,classifier,784,0,1.0,4.1583324507373955,141.6488871349102,2.4792559187262153,0.24048101296534635,1.6542028458696276,1,1,1,1,1,1,1,1,1,1,1,1,1,1,1,1,1,1,1,1,2,2,2,2,2,2,2,2,2,2,2,2,2,2,2,2,2,2,2,3,3,3,3,3,3,3,3,3,3,3,3,3,3,3,3,4,4,4,4,4,4,4,4,4,4,4,4,4,4,4,5,5,5,5,5,5,6,6,7,7,8,8,8,8,8,8,8,9,9,9,9,9,9,10,10,10,10,10,11,11,11,12,12,12,13,13,13,14,14,14,15,15,16,16,17,17,18,18,19,19,20,21,21,22,23,24,24,25,26,27,28,29,30,31,32,34,35,37,38,40,42,44,47,49,52,56,56,57,57,57,58,58,59,59,59,60,60,61,61,61,62,62,63,63,64,64,65,65,66,66,67,68,68,69,69,70,70,71,72,72,73,74,74,75,76,77,77,78,79,80,81,82,83,83,84,85,86,87,88,89,91,92,93,94,95,97,98,99,101,102,104,105,107,109,111,113,115,117,119,121,124,126,129,132,135,138,142,145,149,153,158,163,169,175,182,190,198,209,221,235,252
Gaussian,2.0,11,classifier,784,0,1.0,3.9955674994980326,141.8304584723116,2.43829498599199,0.25027733860725193,1.632324849103585,1,1,1,1,1,1,1,1,1,1,1,1,1,1,1,1,1,1,1,1,1,2,2,2,2,2,2,2,2,2,2,2,2,2,2,2,2,2,2,3,3,3,3,3,3,3,3,3,3,3,3,3,3,3,3,3,4,4,4,4,4,4,4,4,4,4,4,4,4,4,4,5,5,5,5,5,5,6,6,6,7,7,7,7,7,8,8,8,8,8,8,9,9,9,9,9,10,10,10,10,11,11,11,11,12,12,12,13,13,14,14,14,15,15,16,16,17,17,18,19,19,20,20,21,22,22,23,24,25,26,26,27,29,30,31,32,34,35,37,38,40,43,45,48,51,54,55,55,55,56,56,57,57,58,58,58,59,59,60,60,61,61,62,62,63,63,64,64,65,66,66,67,67,68,68,69,70,70,71,72,72,73,74,75,75,76,77,78,78,79,80,81,82,83,84,85,86,87,88,89,90,91,93,94,95,96,98,99,101,102,104,105,107,109,111,113,115,117,119,122,124,127,129,132,136,139,142,146,150,154,159,164,170,177,184,192,201,211,223,238,255
Gaussian,2.0,12,classifier,784,0,1.0,3.6114313145056465,141.0250557129545,2.393053976155347,0.276898523857676,1.6289800999840893,1,1,1,1,1,1,1,1,1,1,1,1,1,1,1,1,1,1,1,1,1,1,1,2,2,2,2,2,2,2,2,2,2,2,2,2,2,2,2,2,2,2,3,3,3,3,3,3,3,3,3,3,3,3,3,3,3,3,3,4,4,4,4,4,4,4,4,4,4,4,4,4,5,5,5,5,5,6,6,6,7,7,7,7,7,7,7,8,8,8,8,8,8,9,9,9,9,9,10,10,10,10,11,11,11,12,12,12,13,13,13,14,14,15,15,16,16,16,17,18,18,19,19,20,21,22,22,23,24,25,26,27,28,29,30,31,33,34,36,38,40,42,44,47,50,54,54,54,55,55,56,56,56,57,57,58,58,58,59,59,60,60,61,61,62,62,63,63,64,64,65,66,66,67,67,68,69,69,70,71,71,72,73,73,74,75,76,76,77,78,79,80,81,82,83,84,85,86,87,88,89,90,91,92,94,95,96,98,99,101,102,104,105,107,109,111,113,115,117,119,122,125,127,130,133,137,140,144,148,153,157,163,168,175,182,190,199,209,222,236,254
Gaussian,2.0,13,classifier,784,0,1.0,4.147742902887157,143.83831346317805,2.419968758940463,0.2410949818765095,1.6153535171352527,1,1,1,1,1,1,1,1,1,1,1,1,1,1,1,1,1,1,1,1,2,2,2,2,2,2,2,2,2,2,2,2,2,2,2,2,2,2,2,2,2,3,3,3,3,3,3,3,3,3,3,3,3,3,3,3,3,3,3,3,3,4,4,4,4,4,4,4,4,4,4,5,5,5,5,5,5,6,6,6,7,7,7,7,8,8,8,8,8,8,9,9,9,9,9,10,10,10,10,11,11,11,11,12,12,12,13,13,13,14,14,14,15,15,16,16,17,17,18,18,19,19,20,21,21,22,23,24,24,25,26,27,29,30,31,32,34,35,37,39,41,43,45,48,51,55,55,56,56,56,57,57,58,58,59,59,59,60,60,61,61,62,62,63,63,64,64,65,66,66,67,67,68,68,69,70,70,71,72,72,73,74,75,75,76,77,78,78,79,80,81,82,83,84,85,86,87,88,89,90,91,92,94,95,96,98,99,100,102,104,105,107,109,110,112,114,116,118,121,123,126,128,131,134,137,141,144,148,152,157,162,167,173,179,187,195,204,215,227,242,260
Gaussian,2.0,14,classifier,784,0,1.0,4.058325633537459,141.6482415964734,2.382488634319273,0.24640703834510813,1.6023632038337694,1,1,1,1,1,1,1,1,1,1,1,1,1,1,1,1,1,1,1,1,2,2,2,2,2,2,2,2,2,2,2,2,2,2,2,2,2,2,2,2,2,3,3,3,3,3,3,3,3,3,3,3,3,3,3,3,3,4,4,4,4,4,4,4,4,4,4,4,4,4,4,4,5,5,5,5,5,5,5,6,6,7,7,7,7,7,7,7,7,8,8,8,8,8,8,8,9,9,9,9,10,10,10,10,11,11,11,11,12,12,12,13,13,14,14,15,15,16,16,16,17,18,18,19,20,20,21,22,23,23,24,25,26,28,29,30,31,33,35,36,38,41,43,46,49,53,53,53,54,54,55,55,55,56,56,57,57,58,58,59,59,60,60,61,61,62,62,63,63,64,64,65,66,66,67,68,68,69,69,70,71,72,72,73,74,75,75,76,77,78,79,80,81,82,83,84,85,86,87,88,89,90,91,93,94,95,97,98,100,101,103,105,106,108,110,112,114,116,119,121,124,126,129,132,135,139,143,147,151,155,160,166,172,178,185,194,203,214,227,241,260
Gaussian,2.0,15,classifier,784,0,1.0,3.8475822513773035,143.48133583570757,2.3774472579606534,0.25990347565462285,1.593636183969091,1,1,1,1,1,1,1,1,1,1,1,1,1,1,1,1,1,1,1,1,1,2,2,2,2,2,2,2,2,2,2,2,2,2,2,2,2,2,2,2,2,2,3,3,3,3,3,3,3,3,3,3,3,3,3,3,3,3,3,4,4,4,4,4,4,4,4,4,4,4,4,4,5,5,5,5,5,5,6,6,6,6,6,7,7,7,7,7,7,7,8,8,8,8,8,9,9,9,9,9,10,10,10,10,11,11,11,12,12,12,13,13,13,14,14,15,15,16,16,17,17,18,18,19,20,20,21,22,23,24,25,26,27,28,29,30,32,34,35,37,39,41,44,47,50,53,54,54,54,55,55,56,56,57,57,57,58,58,59,59,60,60,61,61,62,62,63,63,64,65,65,66,66,67,67,68,69,69,70,71,71,72,73,74,74,75,76,77,78,79,79,80,81,82,83,84,85,86,87,89,90,91,92,94,95,96,98,99,101,102,104,106,107,109,111,113,116,118,120,123,126,128,131,134,138,141,145,149,153,158,163,169,175,181,189,197,207,218,231,246,264
Gaussian,2.0,16,classifier,784,0,1.0,3.328449451078041,134.14422565623468,2.1528945885625266,0.3004401943602037,1.5810059226639823,1,1,1,1,1,1,1,1,1,1,1,1,1,1,1,1,1,1,1,1,1,1,1,1,1,1,2,2,2,2,2,2,2,2,2,2,2,2,2,2,2,2,2,2,2,2,2,2,3,3,3,3,3,3,3,3,3,3,3,3,3,3,3,3,3,4,4,4,4,4,4,4,4,4,4,4,4,4,4,4,5,5,5,5,5,5,5,5,5,5,5,6,6,6,6,6,6,6,6,7,7,7,7,7,7,8,8,8,8,9,9,9,9,10,10,11,11,11,12,12,13,13,14,14,15,16,16,17,18,18,19,20,21,22,23,25,26,27,29,31,32,34,37,39,42,46,46,46,47,47,47,48,48,49,49,49,50,50,51,51,52,52,53,53,54,54,54,55,56,56,57,57,58,58,59,59,60,61,61,62,62,63,64,65,65,66,67,67,68,69,70,71,72,73,74,75,76,77,78,79,80,81,82,83,85,86,87,89,90,92,93,95,96,98,100,102,104,106,108,111,113,116,119,122,125,128,132,136,140,144,149,155,161,167,175,183,192,203,215,230,248
Gaussian,2.0,17,classifier,784,0,1.0,3.3230215597077133,137.13873053325304,2.168621209107994,0.3009309395175751,1.5655572936564606,1,1,1,1,1,1,1,1,1,1,1,1,1,1,1,1,1,1,1,1,1,1,1,1,1,1,2,2,2,2,2,2,2,2,2,2,2,2,2,2,2,2,2,2,2,2,2,2,2,2,2,2,2,3,3,3,3,3,3,3,3,3,3,3,3,3,3,4,4,4,4,4,4,4,4,4,4,4,5,5,5,5,5,5,5,5,6,6,6,6,6,6,6,6,6,7,7,7,7,7,7,7,8,8,8,8,9,9,9,9,10,10,10,10,11,11,11,12,12,12,13,13,14,14,15,16,16,17,18,18,19,20,21,22,24,25,26,28,29,31,33,35,37,40,43,47,47,47,48,48,49,49,49,50,50,51,51,52,52,53,53,54,54,55,55,56,56,57,57,58,58,59,60,60,61,61,62,63,63,64,65,65,66,67,67,68,69,70,71,71,72,73,74,75,76,77,78,79,80,81,82,83,85,86,87,89,90,91,93,94,96,98,99,101,103,105,107,110,112,114,117,120,123,126,129,132,136,140,144,149,154,159,165,172,180,188,198,209,221,237,255
Gaussian,2.0,18,classifier,784,0,1.0,3.804663202473463,140.95796923680135,2.288295671208589,0.262835354085977,1.5539183624156054,1,1,1,1,1,1,1,1,1,1,1,1,1,1,1,1,1,1,1,1,1,1,2,2,2,2,2,2,2,2,2,2,2,2,2,2,2,2,2,2,2,2,2,3,3,3,3,3,3,3,3,3,3,3,3,3,3,3,3,4,4,4,4,4,4,4,4,4,4,4,4,4,4,4,4,5,5,5,5,5,5,6,6,6,6,6,6,6,6,6,6,7,7,7,7,7,7,8,8,8,8,8,8,9,9,9,9,10,10,10,10,11,11,11,12,12,12,13,13,14,14,15,15,16,17,17,18,19,19,20,21,22,23,24,25,27,28,30,31,33,35,37,40,43,46,49,50,50,51,51,51,52,52,53,53,54,54,55,55,56,56,57,57,58,58,59,59,60,60,61,62,62,63,63,64,65,65,66,67,67,68,69,70,70,71,72,73,74,74,75,76,77,78,79,80,81,82,83,84,85,87,88,89,90,92,93,95,96,98,99,101,103,104,106,108,110,112,115,117,120,122,125,128,131,134,138,142,146,151,155,161,166,173,180,187,196,206,217,230,246,265
Gaussian,2.0,19,classifier,784,0,1.0,3.440592012791179,138.55299710517394,2.2424659340429405,0.2906476549042356,1.5516141986287877,1,1,1,1,1,1,1,1,1,1,1,1,1,1,1,1,1,1,1,1,1,1,1,1,1,2,2,2,2,2,2,2,2,2,2,2,2,2,2,2,2,2,2,2,2,2,2,3,3,3,3,3,3,3,3,3,3,3,3,3,3,3,4,4,4,4,4,4,4,4,4,4,4,4,4,4,5,5,5,5,5,6,6,6,6,6,6,6,6,6,6,6,7,7,7,7,7,7,7,7,8,8,8,8,8,8,9,9,9,9,10,10,10,10,11,11,11,11,12,12,13,13,14,14,15,16,16,17,18,19,20,20,21,22,24,25,26,27,29,31,33,35,37,40,43,47,47,48,48,48,49,49,50,50,51,51,51,52,52,53,53,54,54,55,55,56,56,57,58,58,59,59,60,61,61,62,62,63,64,65,65,66,67,68,68,69,70,71,72,73,73,74,75,76,77,78,79,80,82,83,84,85,86,88,89,90,92,93,95,97,98,100,102,104,106,108,110,113,115,118,120,123,126,129,133,137,140,145,149,154,159,165,171,178,186,194,204,215,228,244,262
Gaussian,2.0,20,classifier,784,0,1.0,3.177230472524886,135.05762800677388,2.1380581404494903,0.314739521935064,1.5473956643173699,1,1,1,1,1,1,1,1,1,1,1,1,1,1,1,1,1,1,1,1,1,1,1,1,1,1,1,2,2,2,2,2,2,2,2,2,2,2,2,2,2,2,2,2,2,2,2,2,2,2,3,3,3,3,3,3,3,3,3,3,3,3,3,3,3,3,3,4,4,4,4,4,4,4,4,4,4,4,5,5,5,5,5,5,5,5,5,5,5,5,5,6,6,6,6,6,6,6,6,6,6,6,7,7,7,7,7,7,8,8,8,8,8,9,9,9,10,10,10,11,11,12,12,13,13,14,14,15,16,17,17,18,19,20,21,23,24,25,27,28,30,32,34,37,40,44,44,44,45,45,46,46,46,47,47,48,48,49,49,50,50,51,51,52,52,53,53,54,54,55,55,56,57,57,58,59,59,60,61,61,62,63,64,64,65,66,67,68,68,69,70,71,72,73,74,75,76,77,78,79,81,82,83,84,86,87,88,90,91,93,95,96,98,100,102,104,106,108,111,113,116,118,121,124,128,131,135,139,143,148,153,159,165,172,179,188,197,208,221,237,256
Heavy-Tailed,1.2,0,0,784,0,1.0,2.308365691592414,246.07513167869237,3.065542001700235,0.4332069236872756,,1,1,1,1,1,1,1,1,1,1,1,1,1,1,1,1,1,1,1,1,1,1,1,1,1,1,1,1,1,1,1,1,1,1,1,1,1,1,1,2,2,2,2,2,3,3,3,3,4,4,4,4,5,5,5,6,6,6,7,7,8,8,9,9,10,11,12,12,13,14,15,16,17,19,20,22,23,25,27,29,32,32,33,33,34,34,35,35,36,37,37,38,39,39,40,41,42,42,43,44,45,46,46,47,48,49,50,51,53,54,55,56,57,59,60,61,63,64,66,67,69,71,73,75,77,79,81,84,86,89,92,95,98,101,105,109,113,117,122,127,133,139,146,153,161,170,171,172,173,174,175,176,177,178,179,180,181,182,183,184,185,187,188,189,190,191,192,194,195,196,197,199,200,201,202,204,205,207,208,209,211,212,214,215,217,218,220,221,223,225,226,228,230,232,233,235,237,239,241,243,245,247,249,251,253,255,257,260,262,264,267,269,272,274,277,280,283,286,289,292,295,298,302,305,309,313,316,321,325,329,334,339,344,350,356,362,369,376,384,393,404
Heavy-Tailed,1.2,1,0,784,0,1.0,2.3060101127744597,246.28302373139704,3.0719040079938282,0.43364944258499244,,1,1,1,1,1,1,1,1,1,1,1,1,1,1,1,1,1,1,1,1,1,1,1,1,1,1,1,1,1,1,1,1,1,1,1,1,1,1,1,2,2,2,2,2,3,3,3,3,4,4,4,4,5,5,5,6,6,6,7,7,8,8,9,10,10,11,12,13,13,14,15,16,18,19,20,22,23,25,27,30,32,33,33,34,34,35,35,36,37,37,38,39,39,40,41,41,42,43,44,45,45,46,47,48,49,50,51,52,53,54,56,57,58,59,61,62,64,65,67,68,70,72,74,75,78,80,82,84,87,90,92,95,98,102,105,109,113,118,123,128,133,139,146,153,161,170,171,172,173,174,175,176,177,178,179,180,181,182,183,184,186,187,188,189,190,191,192,194,195,196,197,198,200,201,202,204,205,206,208,209,211,212,214,215,217,218,220,221,223,224,226,228,230,231,233,235,237,239,241,242,244,246,249,251,253,255,257,259,262,264,267,269,272,274,277,280,283,286,289,292,295,298,302,306,309,313,317,321,325,330,335,340,345,350,356,363,370,377,385,394,404
Heavy-Tailed,1.2,2,0,784,0,1.0,2.313630666087643,243.46533546511222,3.072091741906424,0.43222110367814376,,1,1,1,1,1,1,1,1,1,1,1,1,1,1,1,1,1,1,1,1,1,1,1,1,1,1,1,1,1,1,1,1,1,1,1,1,1,1,1,2,2,2,2,2,3,3,3,3,4,4,4,4,5,5,5,6,6,6,7,7,8,8,9,10,10,11,12,12,13,14,15,17,18,19,20,22,24,25,27,30,32,33,33,34,34,35,35,36,36,37,38,38,39,40,41,41,42,43,44,44,45,46,47,48,49,50,51,52,53,54,55,56,58,59,60,62,63,65,66,68,70,71,73,75,77,79,82,84,86,89,92,95,98,101,105,109,113,117,122,127,132,139,145,152,160,169,170,171,172,173,174,175,176,177,178,179,180,181,182,183,184,185,186,188,189,190,191,192,193,195,196,197,198,200,201,202,204,205,206,208,209,210,212,213,215,216,218,220,221,223,225,226,228,230,231,233,235,237,239,241,243,245,247,249,251,253,255,258,260,262,265,267,270,272,275,278,281,283,286,289,292,296,299,303,306,310,314,318,322,326,331,336,341,346,352,358,365,372,380,389,399
Heavy-Tailed,1.2,3,0,784,0,1.0,2.285960951517686,242.2335182466862,3.0482475623736636,0.43745279171811047,,1,1,1,1,1,1,1,1,1,1,1,1,1,1,1,1,1,1,1,1,1,1,1,1,1,1,1,1,1,1,1,1,1,1,1,1,1,1,1,2,2,2,2,2,3,3,3,3,4,4,4,4,5,5,5,5,6,6,7,7,8,8,9,9,10,11,11,12,13,14,15,16,17,19,20,22,23,25,27,29,32,32,33,33,34,34,35,35,36,37,37,38,39,39,40,41,42,42,43,44,45,46,46,47,48,49,50,51,52,53,54,56,57,58,59,61,62,64,65,67,69,70,72,74,76,78,80,83,85,88,91,94,97,100,104,108,112,116,121,126,131,137,144,151,159,167,168,169,170,171,172,173,174,175,176,177,178,179,180,181,183,184,185,186,187,188,189,191,192,193,194,195,197,198,199,201,202,203,205,206,208,209,211,212,214,215,217,218,220,221,223,225,226,228,230,232,234,235,237,239,241,243,245,247,249,252,254,256,258,261,263,266,268,271,273,276,279,282,285,288,291,294,297,301,304,308,312,316,320,325,329,334,339,345,350,356,363,370,378,387,397
Heavy-Tailed,1.2,4,0,784,0,1.0,2.3249554272843347,245.70793199016043,3.093236852344325,0.43011577265722056,,1,1,1,1,1,1,1,1,1,1,1,1,1,1,1,1,1,1,1,1,1,1,1,1,1,1,1,1,1,1,1,1,1,1,1,1,1,1,1,2,2,2,2,2,3,3,3,3,4,4,4,5,5,5,5,6,6,7,7,8,8,9,9,10,11,11,12,13,14,15,16,17,18,20,21,23,24,26,28,30,33,33,34,35,35,36,36,37,38,38,39,39,40,41,42,42,43,44,45,45,46,47,48,49,50,51,52,53,54,55,56,58,59,60,61,63,64,66,67,69,71,72,74,76,78,80,83,85,88,90,93,96,99,102,106,110,114,118,123,128,134,140,146,153,161,170,171,172,173,174,175,176,177,178,179,180,181,182,183,184,185,186,187,188,190,191,192,193,194,196,197,198,199,201,202,203,205,206,207,209,210,212,213,214,216,218,219,221,222,224,225,227,229,231,232,234,236,238,240,242,244,246,248,250,252,254,256,258,261,263,266,268,271,273,276,279,282,284,287,291,294,297,300,304,308,311,315,320,324,328,333,338,343,349,355,361,368,375,383,392,402
Heavy-Tailed,1.2,5,0,784,0,1.0,2.277767830765879,244.24512767675589,3.049611744362897,0.4390263074633725,,1,1,1,1,1,1,1,1,1,1,1,1,1,1,1,1,1,1,1,1,1,1,1,1,1,1,1,1,1,1,1,1,1,1,1,1,1,1,1,2,2,2,2,2,3,3,3,3,4,4,4,4,5,5,5,6,6,6,7,7,8,8,9,9,10,11,11,12,13,14,15,16,18,19,20,22,23,25,27,29,32,32,33,33,34,34,35,35,36,37,37,38,39,39,40,41,42,42,43,44,45,46,47,48,49,50,51,52,53,54,55,56,57,59,60,61,63,64,66,67,69,71,73,75,77,79,81,83,86,89,91,94,97,101,104,108,112,117,121,127,132,138,145,152,160,169,170,171,172,173,174,175,176,177,178,179,180,181,182,183,184,185,186,188,189,190,191,192,194,195,196,197,199,200,201,202,204,205,207,208,209,211,212,214,215,217,218,220,221,223,225,226,228,230,232,233,235,237,239,241,243,245,247,249,251,253,256,258,260,263,265,268,270,273,275,278,281,284,287,290,293,296,300,303,307,311,315,319,323,328,332,337,342,348,354,360,367,374,382,391,401
Heavy-Tailed,1.2,6,0,784,0,1.0,2.287301837380897,243.54762759506932,3.0404666031421006,0.43719634359453946,,1,1,1,1,1,1,1,1,1,1,1,1,1,1,1,1,1,1,1,1,1,1,1,1,1,1,1,1,1,1,1,1,1,1,1,1,1,1,1,2,2,2,2,2,2,3,3,3,3,4,4,4,4,5,5,5,6,6,7,7,7,8,9,9,10,10,11,12,13,14,15,16,17,18,20,21,23,25,26,29,31,31,32,33,33,34,34,35,35,36,37,37,38,39,39,40,41,42,42,43,44,45,46,47,48,49,50,51,52,53,54,55,57,58,59,60,62,63,65,66,68,70,72,74,76,78,80,82,85,87,90,93,96,100,103,107,111,115,120,125,131,137,143,151,159,167,168,169,170,171,172,173,174,175,176,177,178,179,181,182,183,184,185,186,187,188,190,191,192,193,195,196,197,198,200,201,202,204,205,207,208,209,211,212,214,215,217,219,220,222,223,225,227,229,230,232,234,236,238,240,242,244,246,248,250,252,254,257,259,261,264,266,269,272,274,277,280,283,286,289,292,295,299,302,306,309,313,317,322,326,331,336,341,346,352,359,365,373,381,390,400
Heavy-Tailed,1.2,7,0,784,0,1.0,2.300987457408147,245.71005363709182,3.0528290770423165,0.4345960238855057,,1,1,1,1,1,1,1,1,1,1,1,1,1,1,1,1,1,1,1,1,1,1,1,1,1,1,1,1,1,1,1,1,1,1,1,1,1,1,1,2,2,2,2,2,3,3,3,3,4,4,4,4,5,5,5,6,6,6,7,7,8,8,9,9,10,10,11,12,13,14,15,16,17,18,20,21,23,25,27,29,31,32,32,33,33,34,34,35,36,36,37,38,38,39,40,40,41,42,43,43,44,45,46,47,48,49,50,51,52,53,55,56,57,58,60,61,62,64,65,67,69,71,72,74,76,79,81,83,86,89,91,94,98,101,105,108,113,117,122,127,132,139,145,153,161,169,170,171,172,173,174,175,176,177,178,179,180,181,182,184,185,186,187,188,189,190,192,193,194,195,196,198,199,200,202,203,204,206,207,208,210,211,213,214,216,217,219,220,222,224,225,227,229,231,232,234,236,238,240,242,244,246,248,250,252,254,257,259,261,264,266,269,271,274,277,279,282,285,288,291,295,298,301,305,309,313,317,321,325,330,334,339,345,350,356,362,369,377,385,394,404
Heavy-Tailed,1.2,8,0,784,0,1.0,2.3234718876186524,245.67203973222823,3.083761835222784,0.43039040210850543,,1,1,1,1,1,1,1,1,1,1,1,1,1,1,1,1,1,1,1,1,1,1,1,1,1,1,1,1,1,1,1,1,1,1,1,1,1,1,1,2,2,2,2,3,3,3,3,3,4,4,4,5,5,5,5,6,6,7,7,7,8,9,9,10,10,11,12,13,14,15,16,17,18,19,21,22,24,26,27,30,32,33,33,34,34,35,35,36,37,37,38,38,39,40,41,41,42,43,44,44,45,46,47,48,49,50,51,52,53,54,55,57,58,59,60,62,63,65,66,68,69,71,73,75,77,79,81,84,86,89,92,95,98,101,105,109,113,117,122,127,133,139,145,153,161,170,171,172,173,173,174,175,176,177,179,180,181,182,183,184,185,186,187,188,190,191,192,193,194,196,197,198,200,201,202,204,205,206,208,209,211,212,214,215,217,218,220,221,223,225,226,228,230,231,233,235,237,239,241,243,245,247,249,251,253,255,257,260,262,264,267,269,272,275,277,280,283,286,289,292,295,299,302,306,309,313,317,321,326,330,335,340,345,350,356,363,370,377,385,394,404
Heavy-Tailed,1.2,9,0,784,0,1.0,2.3514896466792523,245.85251030987604,3.105284505395328,0.42526234440886823,,1,1,1,1,1,1,1,1,1,1,1,1,1,1,1,1,1,1,1,1,1,1,1,1,1,1,1,1,1,1,1,1,1,1,1,1,1,1,2,2,2,2,2,3,3,3,3,3,4,4,4,5,5,5,6,6,6,7,7,8,8,9,9,10,11,11,12,13,14,15,16,17,18,20,21,23,24,26,28,30,33,33,34,34,35,35,36,37,37,38,39,39,40,41,41,42,43,44,44,45,46,47,48,49,50,51,52,53,54,55,56,57,59,60,61,63,64,66,67,69,70,72,74,76,78,80,83,85,88,90,93,96,99,103,106,110,114,119,123,129,134,140,147,154,162,171,172,173,174,175,176,177,178,179,180,181,182,183,184,185,186,187,188,189,190,192,193,194,195,196,198,199,200,201,203,204,205,207,208,209,211,212,214,215,217,218,220,221,223,225,226,228,230,231,233,235,237,239,241,242,244,246,249,251,253,255,257,259,262,264,266,269,272,274,277,280,282,285,288,291,295,298,301,305,309,312,316,320,325,329,334,339,344,350,355,362,368,376,384,392,403
Heavy-Tailed,1.2,10,0,784,0,1.0,2.3022805145641434,244.00917132425062,3.0585918474729503,0.43435193655770277,,1,1,1,1,1,1,1,1,1,1,1,1,1,1,1,1,1,1,1,1,1,1,1,1,1,1,1,1,1,1,1,1,1,1,1,1,1,1,1,2,2,2,2,2,3,3,3,3,4,4,4,4,5,5,5,6,6,6,7,7,8,8,9,9,10,11,11,12,13,14,15,16,17,19,20,21,23,25,27,29,32,32,33,33,34,34,35,36,36,37,37,38,39,39,40,41,42,42,43,44,45,46,47,47,48,49,50,51,53,54,55,56,57,58,60,61,63,64,66,67,69,71,72,74,76,79,81,83,86,88,91,94,97,101,104,108,112,117,121,126,132,138,144,152,160,169,169,170,171,172,173,174,175,176,177,178,180,181,182,183,184,185,186,187,188,190,191,192,193,194,196,197,198,200,201,202,204,205,206,208,209,211,212,214,215,217,218,220,221,223,225,226,228,230,231,233,235,237,239,241,243,245,247,249,251,253,255,258,260,262,265,267,270,273,275,278,281,284,287,290,293,296,300,303,307,311,314,319,323,327,332,337,342,347,353,359,366,373,381,390,400
Heavy-Tailed,1.2,11,0,784,0,1.0,2.3156055344943978,245.90590032064642,3.076187142206603,0.43185248312094127,,1,1,1,1,1,1,1,1,1,1,1,1,1,1,1,1,1,1,1,1,1,1,1,1,1,1,1,1,1,1,1,1,1,1,1,1,1,1,1,2,2,2,2,2,3,3,3,3,4,4,4,4,5,5,5,6,6,6,7,7,8,8,9,10,10,11,12,13,14,15,16,17,18,19,21,22,24,26,28,30,32,33,33,34,34,35,36,36,37,37,38,39,39,40,41,42,42,43,44,45,45,46,47,48,49,50,51,52,53,54,55,57,58,59,60,62,63,65,66,68,70,71,73,75,77,79,82,84,87,89,92,95,98,102,105,109,113,118,122,127,133,139,146,153,161,170,171,172,173,174,175,176,177,178,179,180,181,182,183,184,185,186,187,189,190,191,192,193,194,196,197,198,199,201,202,203,205,206,207,209,210,212,213,215,216,218,219,221,223,224,226,227,229,231,233,234,236,238,240,242,244,246,248,250,252,254,257,259,261,264,266,269,271,274,276,279,282,285,288,291,294,298,301,304,308,312,316,320,324,329,333,338,344,349,355,361,368,375,383,392,402
Heavy-Tailed,1.2,12,0,784,0,1.0,2.2956913684306817,244.47246759904425,3.0517231920279038,0.43559862346984074,,1,1,1,1,1,1,1,1,1,1,1,1,1,1,1,1,1,1,1,1,1,1,1,1,1,1,1,1,1,1,1,1,1,1,1,1,1,1,1,2,2,2,2,2,3,3,3,3,3,4,4,4,5,5,5,5,6,6,7,7,8,8,9,9,10,11,11,12,13,14,15,16,17,19,20,21,23,25,27,29,31,32,32,33,33,34,35,35,36,36,37,38,38,39,40,40,41,42,43,44,44,45,46,47,48,49,50,51,52,53,54,56,57,58,59,61,62,64,65,67,69,70,72,74,76,78,81,83,86,88,91,94,97,100,104,108,112,116,121,126,132,138,145,152,160,169,169,170,171,172,173,174,175,176,177,178,179,180,182,183,184,185,186,187,188,189,191,192,193,194,195,197,198,199,201,202,203,205,206,207,209,210,212,213,215,216,218,219,221,223,224,226,228,229,231,233,235,237,239,241,243,245,247,249,251,253,255,258,260,262,265,267,270,272,275,278,281,284,287,290,293,296,299,303,307,310,314,318,323,327,332,337,342,348,354,360,367,374,382,391,401
Heavy-Tailed,1.2,13,0,784,0,1.0,2.293249225728982,245.76554834376677,3.063314511989443,0.4360625041450164,,1,1,1,1,1,1,1,1,1,1,1,1,1,1,1,1,1,1,1,1,1,1,1,1,1,1,1,1,1,1,1,1,1,1,1,1,1,1,1,2,2,2,2,2,3,3,3,3,4,4,4,4,5,5,5,6,6,6,7,7,8,8,9,9,10,11,12,13,13,14,15,16,18,19,20,22,24,25,27,30,32,32,33,33,34,35,35,36,36,37,38,38,39,40,41,41,42,43,44,44,45,46,47,48,49,50,51,52,53,54,55,56,58,59,60,62,63,65,66,68,69,71,73,75,77,79,81,84,86,89,92,95,98,102,105,109,113,118,123,128,133,140,146,153,162,170,171,172,173,174,175,176,177,178,179,180,181,182,183,185,186,187,188,189,190,191,192,194,195,196,197,199,200,201,202,204,205,206,208,209,211,212,213,215,216,218,220,221,223,224,226,228,229,231,233,235,236,238,240,242,244,246,248,250,252,255,257,259,261,264,266,269,271,274,277,279,282,285,288,291,294,298,301,304,308,312,316,320,324,329,333,338,344,349,355,361,368,375,383,392,402
Heavy-Tailed,1.2,14,0,784,0,1.0,2.303391396825884,243.9933461221051,3.062849857678313,0.43414245680435315,,1,1,1,1,1,1,1,1,1,1,1,1,1,1,1,1,1,1,1,1,1,1,1,1,1,1,1,1,1,1,1,1,1,1,1,1,1,1,1,2,2,2,2,2,3,3,3,3,4,4,4,4,5,5,5,6,6,6,7,7,8,8,9,9,10,11,12,12,13,14,15,16,18,19,20,22,23,25,27,29,32,32,33,33,34,34,35,36,36,37,38,38,39,40,40,41,42,43,43,44,45,46,47,48,48,49,50,51,52,54,55,56,57,58,60,61,62,64,66,67,69,71,72,74,76,78,81,83,86,88,91,94,97,100,104,108,112,116,121,126,132,138,145,152,160,169,170,171,172,173,174,175,176,177,178,179,180,181,182,183,184,185,186,187,189,190,191,192,193,195,196,197,198,200,201,202,204,205,206,208,209,211,212,214,215,217,218,220,221,223,225,226,228,230,232,233,235,237,239,241,243,245,247,249,251,253,255,258,260,262,265,267,270,272,275,278,281,284,287,290,293,296,299,303,307,310,314,318,323,327,332,336,342,347,353,359,366,373,381,390,400
Heavy-Tailed,1.2,15,0,784,0,1.0,2.297263345832221,243.78973317861184,3.0516056912498772,0.43530055089863184,,1,1,1,1,1,1,1,1,1,1,1,1,1,1,1,1,1,1,1,1,1,1,1,1,1,1,1,1,1,1,1,1,1,1,1,1,1,1,1,2,2,2,2,2,3,3,3,3,3,4,4,4,5,5,5,5,6,6,7,7,8,8,9,9,10,11,11,12,13,14,15,16,17,19,20,21,23,25,27,29,31,32,32,33,33,34,35,35,36,36,37,38,38,39,40,40,41,42,43,43,44,45,46,47,48,49,50,51,52,53,54,56,57,58,59,61,62,63,65,67,68,70,72,74,76,78,81,83,85,88,91,94,97,100,104,108,112,116,121,126,131,137,144,151,159,168,169,170,171,172,173,174,175,176,177,178,179,180,181,182,183,184,185,186,188,189,190,191,192,194,195,196,197,199,200,201,203,204,205,207,208,210,211,213,214,216,217,219,220,222,224,225,227,229,231,232,234,236,238,240,242,244,246,248,250,253,255,257,259,262,264,267,269,272,275,278,280,283,286,289,293,296,299,303,307,310,314,318,323,327,332,337,342,348,353,360,367,374,382,391,401
Heavy-Tailed,1.2,16,0,784,0,1.0,2.32266877654443,244.4872220942176,3.081243609934866,0.4305392185483108,,1,1,1,1,1,1,1,1,1,1,1,1,1,1,1,1,1,1,1,1,1,1,1,1,1,1,1,1,1,1,1,1,1,1,1,1,1,1,1,2,2,2,2,2,3,3,3,3,4,4,4,4,5,5,5,6,6,6,7,7,8,8,9,10,10,11,12,13,14,15,16,17,18,19,21,22,24,26,28,30,32,33,33,34,34,35,35,36,37,37,38,39,39,40,41,41,42,43,44,44,45,46,47,48,49,50,51,52,53,54,55,57,58,59,61,62,63,65,66,68,70,71,73,75,77,79,82,84,87,89,92,95,98,101,105,109,113,117,122,127,133,139,145,153,161,169,170,171,172,173,174,175,176,177,178,179,180,181,182,184,185,186,187,188,189,190,192,193,194,195,196,198,199,200,202,203,204,206,207,208,210,211,213,214,216,217,219,220,222,224,225,227,229,230,232,234,236,238,239,241,243,245,247,250,252,254,256,258,261,263,266,268,271,273,276,279,282,285,287,291,294,297,300,304,308,311,315,319,324,328,333,337,343,348,354,360,367,374,382,391,401
Heavy-Tailed,1.2,17,0,784,0,1.0,2.2839172509948313,245.07773597350553,3.0435961789619013,0.43784423431471464,,1,1,1,1,1,1,1,1,1,1,1,1,1,1,1,1,1,1,1,1,1,1,1,1,1,1,1,1,1,1,1,1,1,1,1,1,1,1,1,2,2,2,2,2,3,3,3,3,3,4,4,4,5,5,5,5,6,6,7,7,7,8,9,9,10,10,11,12,13,14,15,16,17,18,20,21,23,25,27,29,31,32,32,33,33,34,34,35,36,36,37,38,38,39,40,40,41,42,43,43,44,45,46,47,48,49,50,51,52,53,54,55,57,58,59,61,62,64,65,67,69,70,72,74,76,78,81,83,86,88,91,94,97,100,104,108,112,116,121,126,132,138,144,152,160,169,170,171,172,173,174,175,176,177,178,179,180,181,182,183,184,185,186,187,189,190,191,192,193,195,196,197,198,200,201,202,204,205,206,208,209,211,212,214,215,217,218,220,222,223,225,227,228,230,232,234,236,237,239,241,243,245,247,250,252,254,256,259,261,263,266,268,271,273,276,279,282,285,288,291,294,297,301,304,308,312,316,320,324,328,333,338,343,349,355,361,368,375,383,392,403
Heavy-Tailed,1.2,18,0,784,0,1.0,2.309100020920409,246.80975160679657,3.084334013263767,0.43306915722143524,,1,1,1,1,1,1,1,1,1,1,1,1,1,1,1,1,1,1,1,1,1,1,1,1,1,1,1,1,1,1,1,1,1,1,1,1,1,1,1,2,2,2,2,3,3,3,3,3,4,4,4,5,5,5,5,6,6,7,7,7,8,9,9,10,11,11,12,13,14,15,16,17,18,20,21,22,24,26,28,30,33,33,34,34,35,35,36,37,37,38,39,39,40,41,41,42,43,44,44,45,46,47,48,49,50,51,52,53,54,55,56,58,59,60,61,63,64,66,67,69,71,72,74,76,78,80,83,85,87,90,93,96,99,102,106,110,114,118,123,128,134,140,147,154,162,171,172,173,174,175,176,177,178,179,180,181,182,183,184,185,186,187,188,189,191,192,193,194,195,197,198,199,200,202,203,204,206,207,208,210,211,213,214,216,217,219,220,222,223,225,227,228,230,232,234,235,237,239,241,243,245,247,249,251,253,255,257,260,262,264,267,269,272,275,277,280,283,286,289,292,295,298,302,305,309,312,316,320,325,329,334,339,344,349,355,362,368,376,384,393,403
Heavy-Tailed,1.2,19,0,784,0,1.0,2.3117990992266675,242.2098678122499,3.06054431887164,0.4325635390785105,,1,1,1,1,1,1,1,1,1,1,1,1,1,1,1,1,1,1,1,1,1,1,1,1,1,1,1,1,1,1,1,1,1,1,1,1,1,1,1,2,2,2,2,2,3,3,3,3,4,4,4,4,5,5,5,6,6,6,7,7,8,8,9,9,10,11,11,12,13,14,15,16,17,19,20,22,23,25,27,29,31,32,33,33,34,34,35,35,36,37,37,38,38,39,40,41,41,42,43,44,44,45,46,47,48,49,50,51,52,53,54,55,56,58,59,60,62,63,65,66,68,70,72,73,75,78,80,82,85,87,90,93,96,99,103,107,111,115,120,125,130,136,143,150,158,167,168,169,170,171,172,173,174,175,176,177,178,179,180,181,182,183,184,185,187,188,189,190,191,193,194,195,196,198,199,200,202,203,204,206,207,209,210,211,213,215,216,218,219,221,223,224,226,228,230,231,233,235,237,239,241,243,245,247,249,251,253,256,258,260,263,265,268,270,273,276,279,282,285,288,291,294,297,301,304,308,312,316,320,325,329,334,339,345,351,357,364,371,379,388,398
Heavy-Tailed,1.2,20,0,784,0,1.0,2.2996954327484733,244.58965963352028,3.064725490515632,0.4348401904702891,,1,1,1,1,1,1,1,1,1,1,1,1,1,1,1,1,1,1,1,1,1,1,1,1,1,1,1,1,1,1,1,1,1,1,1,1,1,1,1,2,2,2,2,2,3,3,3,3,4,4,4,4,5,5,5,6,6,6,7,7,8,8,9,9,10,11,12,12,13,14,15,16,18,19,20,22,23,25,27,29,32,32,33,33,34,35,35,36,36,37,38,38,39,40,40,41,42,43,43,44,45,46,47,48,49,50,51,52,53,54,55,56,58,59,60,62,63,65,66,68,70,71,73,75,77,79,82,84,87,89,92,95,98,102,105,109,113,118,123,128,133,139,146,153,161,170,171,172,173,174,175,176,177,178,179,180,181,182,183,184,185,186,188,189,190,191,192,193,195,196,197,198,200,201,202,203,205,206,208,209,210,212,213,215,216,218,219,221,223,224,226,228,229,231,233,235,236,238,240,242,244,246,248,250,252,254,257,259,261,264,266,269,271,274,276,279,282,285,288,291,294,297,301,304,308,311,315,319,324,328,333,338,343,348,354,360,367,374,382,391,401
Heavy-Tailed,1.2,0,1,784,0,1.0,2.203950683138081,227.9449835065022,2.9065463712716477,0.45373066087674724,2.0124696190715983,1,1,1,1,1,1,1,1,1,1,1,1,1,1,1,1,1,1,1,1,1,1,1,1,1,1,1,1,1,1,1,1,1,1,1,1,1,1,1,1,1,2,2,2,2,2,2,3,3,3,3,4,4,4,4,5,5,5,6,6,7,7,7,8,8,9,10,10,11,12,13,14,15,16,17,18,19,21,23,24,27,27,28,28,28,29,29,30,30,31,32,32,33,33,34,34,35,36,36,37,38,39,39,40,41,42,43,44,45,46,47,48,49,50,51,52,53,55,56,57,59,60,62,63,65,67,69,71,73,75,77,79,82,84,87,90,93,97,100,104,108,113,118,123,129,136,137,138,138,139,140,141,141,142,143,144,145,145,146,147,148,149,150,151,151,152,153,154,155,156,157,158,159,160,161,162,163,165,166,167,168,169,170,172,173,174,175,177,178,179,181,182,184,185,186,188,190,191,193,194,196,198,200,201,203,205,207,209,211,213,215,218,220,222,225,227,230,233,236,239,242,245,248,251,255,259,263,267,271,276,281,286,292,298,305,312,320,329,339,350,363
Heavy-Tailed,1.2,1,1,784,0,1.0,2.1924465051231032,227.60955152453158,2.895593011444246,0.4561114707534683,2.006881405553679,1,1,1,1,1,1,1,1,1,1,1,1,1,1,1,1,1,1,1,1,1,1,1,1,1,1,1,1,1,1,1,1,1,1,1,1,1,1,1,1,1,2,2,2,2,2,3,3,3,3,3,3,4,4,4,5,5,5,6,6,6,7,7,8,8,9,10,10,11,12,13,13,14,16,17,18,19,21,22,24,26,27,27,28,28,29,29,30,30,31,31,32,32,33,34,34,35,35,36,37,37,38,39,40,41,41,42,43,44,45,46,47,48,49,50,51,53,54,55,57,58,60,61,63,64,66,68,70,72,74,76,79,81,84,87,90,93,96,100,104,108,112,117,123,129,136,137,137,138,139,139,140,141,142,143,143,144,145,146,147,147,148,149,150,151,152,153,154,155,156,157,158,159,160,161,162,163,164,165,166,167,168,170,171,172,173,175,176,177,179,180,181,183,184,186,187,189,190,192,194,195,197,199,201,203,205,206,208,210,213,215,217,219,222,224,227,229,232,235,238,241,244,247,251,255,258,262,267,271,276,281,286,292,298,305,312,320,329,339,350,363
Heavy-Tailed,1.2,2,1,784,0,1.0,2.2811531134314893,226.88399540845535,2.9634085498621525,0.43837478252203843,2.0372430675959246,1,1,1,1,1,1,1,1,1,1,1,1,1,1,1,1,1,1,1,1,1,1,1,1,1,1,1,1,1,1,1,1,1,1,1,1,1,1,1,2,2,2,2,2,2,3,3,3,3,3,4,4,4,5,5,5,5,6,6,7,7,7,8,8,9,10,10,11,12,12,13,14,15,16,17,19,20,22,23,25,27,28,28,29,29,29,30,30,31,31,32,33,33,34,34,35,36,36,37,38,38,39,40,41,41,42,43,44,45,46,47,48,49,50,51,52,53,55,56,57,59,60,62,63,65,67,69,71,73,75,77,80,82,85,88,91,94,97,101,105,109,114,119,125,131,138,138,139,140,140,141,142,143,144,144,145,146,147,148,149,149,150,151,152,153,154,155,156,157,158,159,160,161,162,163,164,165,166,167,168,169,171,172,173,174,175,177,178,179,181,182,183,185,186,188,189,191,192,194,195,197,199,201,202,204,206,208,210,212,214,216,218,221,223,225,228,230,233,236,239,242,245,248,251,255,259,262,266,271,275,280,286,291,297,303,310,318,326,336,347,360
Heavy-Tailed,1.2,3,1,784,0,1.0,2.180607050004682,223.2611005013422,2.873932811640897,0.45858789642904846,2.0307545020483966,1,1,1,1,1,1,1,1,1,1,1,1,1,1,1,1,1,1,1,1,1,1,1,1,1,1,1,1,1,1,1,1,1,1,1,1,1,1,1,1,1,2,2,2,2,2,2,3,3,3,3,4,4,4,4,5,5,5,6,6,6,7,7,8,8,9,9,10,10,11,12,13,14,15,16,17,18,20,21,23,25,26,26,27,27,28,28,29,29,30,30,31,31,32,33,33,34,34,35,36,36,37,38,39,39,40,41,42,43,44,44,45,46,47,49,50,51,52,53,55,56,57,59,60,62,64,66,68,70,72,74,76,79,81,84,87,90,94,97,101,105,110,115,120,126,133,134,134,135,136,136,137,138,139,139,140,141,142,143,143,144,145,146,147,148,149,149,150,151,152,153,154,155,156,157,158,159,160,162,163,164,165,166,167,169,170,171,172,173,175,176,177,179,180,182,183,185,186,188,189,191,193,195,196,198,200,202,204,206,208,210,212,215,217,219,222,225,227,230,233,236,239,242,246,249,253,257,261,266,270,275,281,286,292,299,306,314,323,333,344,357
Heavy-Tailed,1.2,4,1,784,0,1.0,2.0903067933410653,226.00188650745653,2.8233882430329698,0.47839867486707,2.0037644153217546,1,1,1,1,1,1,1,1,1,1,1,1,1,1,1,1,1,1,1,1,1,1,1,1,1,1,1,1,1,1,1,1,1,1,1,1,1,1,1,1,1,1,1,2,2,2,2,2,2,3,3,3,3,4,4,4,5,5,5,6,6,6,7,7,8,9,9,10,11,11,12,13,14,15,16,17,19,20,22,24,26,26,27,27,28,28,29,29,30,30,31,31,32,32,33,34,34,35,35,36,37,37,38,39,40,41,41,42,43,44,45,46,47,48,49,50,51,53,54,55,57,58,60,61,63,65,66,68,70,72,75,77,79,82,85,88,91,94,98,102,106,111,115,121,127,134,134,135,136,137,137,138,139,140,140,141,142,143,144,144,145,146,147,148,149,150,151,151,152,153,154,155,156,157,158,159,160,161,163,164,165,166,167,168,169,171,172,173,174,176,177,179,180,181,183,184,186,187,189,191,192,194,196,197,199,201,203,205,207,209,211,213,216,218,220,223,226,228,231,234,237,240,243,247,251,254,258,262,267,271,276,282,288,294,300,308,316,325,335,346,359
Heavy-Tailed,1.2,5,1,784,0,1.0,2.1350322346508994,224.27534228659255,2.854518204680611,0.46837700329311927,2.0254475474390228,1,1,1,1,1,1,1,1,1,1,1,1,1,1,1,1,1,1,1,1,1,1,1,1,1,1,1,1,1,1,1,1,1,1,1,1,1,1,1,1,1,1,2,2,2,2,2,3,3,3,3,4,4,4,4,5,5,5,5,6,6,6,7,7,8,9,9,10,11,11,12,13,14,15,16,18,19,21,22,24,26,27,27,27,28,28,29,29,30,30,31,31,32,33,33,34,34,35,36,37,37,38,39,40,40,41,42,43,44,45,46,47,47,49,50,51,52,53,54,56,57,58,60,62,63,65,67,68,70,72,74,77,79,82,84,87,90,93,97,101,105,109,114,120,125,132,133,133,134,135,136,136,137,138,139,139,140,141,142,143,143,144,145,146,147,148,149,150,151,151,152,153,154,155,156,157,158,160,161,162,163,164,165,166,168,169,170,171,173,174,175,177,178,179,181,182,184,185,187,189,190,192,194,196,197,199,201,203,205,207,209,212,214,216,219,221,224,227,229,232,235,239,242,245,249,253,256,261,265,270,275,280,286,292,299,306,314,323,333,344,358
Heavy-Tailed,1.2,6,1,784,0,1.0,2.1057057824316243,225.41321704677054,2.820261189746991,0.4749001538311878,2.002277567011055,1,1,1,1,1,1,1,1,1,1,1,1,1,1,1,1,1,1,1,1,1,1,1,1,1,1,1,1,1,1,1,1,1,1,1,1,1,1,1,1,1,1,1,2,2,2,2,2,3,3,3,3,4,4,4,4,5,5,5,5,6,6,6,7,7,8,9,9,10,11,12,13,14,15,16,17,18,20,21,23,25,26,26,27,27,27,28,28,29,29,30,31,31,32,32,33,34,34,35,36,36,37,38,39,39,40,41,42,43,44,45,46,47,48,49,50,51,52,54,55,57,58,59,61,63,64,66,68,70,72,74,77,79,82,85,88,91,94,98,102,106,111,116,121,127,134,134,135,136,137,137,138,139,140,140,141,142,143,144,144,145,146,147,148,149,150,150,151,152,153,154,155,156,157,158,159,160,161,162,163,165,166,167,168,169,170,172,173,174,175,177,178,179,181,182,184,185,187,188,190,192,193,195,197,199,201,202,204,207,209,211,213,215,218,220,223,225,228,231,234,237,240,243,246,250,254,258,262,266,271,276,281,287,293,299,306,314,323,333,345,358
Heavy-Tailed,1.2,7,1,784,0,1.0,2.2295834650810415,228.4807849017422,2.9246451285136463,0.4485142698901616,2.003239620263296,1,1,1,1,1,1,1,1,1,1,1,1,1,1,1,1,1,1,1,1,1,1,1,1,1,1,1,1,1,1,1,1,1,1,1,1,1,1,1,1,2,2,2,2,2,3,3,3,3,3,4,4,4,4,5,5,5,6,6,6,6,7,7,8,8,9,10,10,11,12,12,13,14,16,17,18,20,21,23,25,27,27,28,28,29,29,30,30,31,31,32,32,33,34,34,35,35,36,37,37,38,39,40,40,41,42,43,44,45,46,47,48,49,50,51,52,53,55,56,57,59,60,62,63,65,67,69,70,72,75,77,79,82,84,87,90,94,97,101,105,109,114,119,125,131,137,138,139,140,140,141,142,143,143,144,145,146,147,147,148,149,150,151,152,153,154,155,156,156,157,158,159,160,161,162,164,165,166,167,168,169,170,171,173,174,175,176,178,179,180,182,183,184,186,187,189,190,192,194,195,197,199,201,202,204,206,208,210,212,214,216,219,221,223,226,228,231,233,236,239,242,245,248,252,255,259,263,267,272,277,282,287,293,299,306,313,321,330,340,351,364
Heavy-Tailed,1.2,8,1,784,0,1.0,2.1819723981080243,223.4113386361978,2.8735105063557564,0.45830093949267836,2.012586557581021,1,1,1,1,1,1,1,1,1,1,1,1,1,1,1,1,1,1,1,1,1,1,1,1,1,1,1,1,1,1,1,1,1,1,1,1,1,1,1,1,1,2,2,2,2,2,2,3,3,3,3,4,4,4,4,5,5,5,6,6,6,7,7,8,8,9,9,10,11,11,12,13,14,15,16,17,18,20,22,23,25,26,26,27,27,27,28,28,29,29,30,30,31,31,32,33,33,34,34,35,36,36,37,38,39,39,40,41,42,43,44,45,46,47,48,49,50,51,52,54,55,56,58,60,61,63,65,67,69,71,73,75,78,80,83,86,89,92,96,100,104,109,114,119,125,132,133,133,134,135,135,136,137,138,139,139,140,141,142,143,144,144,145,146,147,148,149,150,151,152,153,154,155,156,157,158,159,160,161,162,163,165,166,167,168,169,171,172,173,175,176,178,179,181,182,184,185,187,188,190,192,193,195,197,199,201,203,205,207,209,211,213,216,218,221,223,226,228,231,234,237,240,244,247,251,255,259,263,267,272,277,282,288,294,301,308,316,325,335,346,359
Heavy-Tailed,1.2,9,1,784,0,1.0,2.2040025525732414,227.81569334364949,2.912388149542822,0.4537199826889805,2.0099736589950634,1,1,1,1,1,1,1,1,1,1,1,1,1,1,1,1,1,1,1,1,1,1,1,1,1,1,1,1,1,1,1,1,1,1,1,1,1,1,1,1,1,2,2,2,2,2,3,3,3,3,3,4,4,4,4,5,5,5,6,6,7,7,8,8,9,9,10,11,11,12,13,14,15,16,17,18,20,21,23,25,27,27,28,28,29,29,30,30,30,31,32,32,33,33,34,34,35,36,36,37,38,38,39,40,41,41,42,43,44,45,46,47,48,49,50,51,53,54,55,57,58,59,61,63,64,66,68,70,72,74,76,79,81,84,87,90,93,96,100,104,108,113,118,124,130,137,137,138,139,140,140,141,142,143,144,144,145,146,147,148,148,149,150,151,152,153,154,155,156,157,158,159,160,161,162,163,164,165,166,167,168,169,171,172,173,174,175,177,178,179,181,182,183,185,186,188,189,191,192,194,196,197,199,201,203,205,207,209,211,213,215,217,220,222,225,227,230,232,235,238,241,244,248,251,255,259,263,267,271,276,281,286,292,298,305,312,320,329,339,351,364
Heavy-Tailed,1.2,10,1,784,0,1.0,2.092979800954421,225.11798857221078,2.8127378257603293,0.4777876974942565,2.0046121955678826,1,1,1,1,1,1,1,1,1,1,1,1,1,1,1,1,1,1,1,1,1,1,1,1,1,1,1,1,1,1,1,1,1,1,1,1,1,1,1,1,1,1,1,2,2,2,2,2,3,3,3,3,3,4,4,4,5,5,5,6,6,6,7,7,8,8,9,9,10,11,12,12,13,14,16,17,18,20,21,23,25,25,26,26,27,27,28,28,29,29,30,30,31,32,32,33,33,34,35,35,36,37,38,38,39,40,41,42,43,43,44,45,46,47,49,50,51,52,53,55,56,57,59,61,62,64,66,68,69,72,74,76,78,81,84,87,90,93,97,101,105,110,114,120,126,133,133,134,135,135,136,137,138,138,139,140,141,142,143,143,144,145,146,147,148,149,149,150,151,152,153,154,155,156,157,158,160,161,162,163,164,165,166,168,169,170,171,173,174,175,177,178,180,181,183,184,186,187,189,190,192,194,195,197,199,201,203,205,207,209,211,213,216,218,221,223,226,228,231,234,237,240,244,247,251,254,258,263,267,272,277,282,288,294,300,308,316,324,334,346,359
Heavy-Tailed,1.2,11,1,784,0,1.0,2.1740990379776357,230.2309394970018,2.8938895586706783,0.45996064693088135,2.0033524493227297,1,1,1,1,1,1,1,1,1,1,1,1,1,1,1,1,1,1,1,1,1,1,1,1,1,1,1,1,1,1,1,1,1,1,1,1,1,1,1,1,1,2,2,2,2,2,2,3,3,3,3,4,4,4,4,5,5,5,6,6,6,7,7,8,8,9,9,10,11,12,13,14,15,16,17,18,20,21,23,25,27,27,28,28,29,29,30,30,31,31,32,32,33,34,34,35,36,36,37,38,38,39,40,41,41,42,43,44,45,46,47,48,49,50,51,52,53,55,56,57,59,60,62,64,65,67,69,71,73,75,78,80,83,85,88,91,95,98,102,106,111,115,121,126,132,139,140,141,141,142,143,144,144,145,146,147,148,148,149,150,151,152,153,154,155,155,156,157,158,159,160,161,162,163,164,165,166,167,169,170,171,172,173,174,176,177,178,179,181,182,183,185,186,188,189,191,192,194,195,197,199,201,202,204,206,208,210,212,214,216,218,220,223,225,228,230,233,235,238,241,244,248,251,254,258,262,266,270,274,279,284,289,295,301,307,315,322,331,341,352,365
Heavy-Tailed,1.2,12,1,784,0,1.0,2.213818646543909,229.63819561708098,2.9308629970668623,0.4517081837580258,2.0203110554591195,1,1,1,1,1,1,1,1,1,1,1,1,1,1,1,1,1,1,1,1,1,1,1,1,1,1,1,1,1,1,1,1,1,1,1,1,1,1,1,1,1,2,2,2,2,2,3,3,3,3,3,4,4,4,5,5,5,6,6,6,7,7,8,8,9,9,10,11,11,12,13,14,15,16,17,19,20,22,23,25,27,28,28,29,29,30,30,31,31,32,33,33,34,34,35,36,36,37,38,38,39,40,41,41,42,43,44,45,46,47,48,49,50,51,52,53,55,56,57,59,60,62,63,65,67,69,70,72,75,77,79,82,84,87,90,93,96,100,104,108,112,117,122,127,133,140,140,141,142,143,143,144,145,146,146,147,148,149,149,150,151,152,153,154,155,155,156,157,158,159,160,161,162,163,164,165,166,167,168,169,170,172,173,174,175,176,178,179,180,181,183,184,185,187,188,190,191,193,194,196,198,199,201,203,205,206,208,210,212,215,217,219,221,224,226,229,231,234,237,240,243,246,249,252,256,260,264,268,272,277,282,287,293,299,305,313,320,329,339,350,363
Heavy-Tailed,1.2,13,1,784,0,1.0,2.207155595066638,227.46635610838698,2.9079901696910953,0.4530718188763707,2.005164452456936,1,1,1,1,1,1,1,1,1,1,1,1,1,1,1,1,1,1,1,1,1,1,1,1,1,1,1,1,1,1,1,1,1,1,1,1,1,1,1,1,1,2,2,2,2,2,3,3,3,3,3,4,4,4,4,5,5,5,6,6,7,7,7,8,8,9,9,10,11,12,12,13,14,15,17,18,19,21,23,24,26,27,27,28,28,29,29,30,30,31,31,32,33,33,34,34,35,36,36,37,38,39,39,40,41,42,43,44,45,45,46,47,48,50,51,52,53,54,56,57,58,60,61,63,65,66,68,70,72,74,77,79,81,84,87,90,93,96,100,104,108,113,118,123,129,136,137,138,138,139,140,141,141,142,143,144,144,145,146,147,148,149,150,150,151,152,153,154,155,156,157,158,159,160,161,162,163,164,165,167,168,169,170,171,172,174,175,176,177,179,180,182,183,184,186,187,189,190,192,194,195,197,199,201,202,204,206,208,210,212,215,217,219,222,224,227,229,232,235,238,241,244,247,250,254,258,262,266,270,275,280,285,291,297,304,311,319,328,338,349,362
Heavy-Tailed,1.2,14,1,784,0,1.0,2.2131418035196817,225.94424251350205,2.921976420833011,0.45184632923640267,2.022401155480297,1,1,1,1,1,1,1,1,1,1,1,1,1,1,1,1,1,1,1,1,1,1,1,1,1,1,1,1,1,1,1,1,1,1,1,1,1,1,1,1,1,2,2,2,2,2,3,3,3,3,4,4,4,4,5,5,5,6,6,6,7,7,8,8,9,9,10,11,11,12,13,14,15,16,17,19,20,21,23,25,27,27,28,28,29,29,29,30,30,31,32,32,33,33,34,34,35,36,36,37,38,38,39,40,41,41,42,43,44,45,46,47,48,49,50,51,52,54,55,56,58,59,61,62,64,66,68,70,72,74,76,78,81,84,86,89,93,96,100,104,108,112,117,123,129,135,136,137,138,138,139,140,140,141,142,143,144,144,145,146,147,148,149,149,150,151,152,153,154,155,156,157,158,159,160,161,162,163,164,165,166,168,169,170,171,172,174,175,176,178,179,180,182,183,185,186,188,189,191,192,194,196,197,199,201,203,205,207,209,211,213,215,218,220,222,225,228,230,233,236,239,242,245,249,252,256,260,264,269,273,278,283,289,295,302,309,316,325,335,346,359
Heavy-Tailed,1.2,15,1,784,0,1.0,2.204682994082888,225.06616471110314,2.895308783927623,0.45357994899216053,1.9969762511500948,1,1,1,1,1,1,1,1,1,1,1,1,1,1,1,1,1,1,1,1,1,1,1,1,1,1,1,1,1,1,1,1,1,1,1,1,1,1,1,1,1,2,2,2,2,2,3,3,3,3,4,4,4,4,5,5,5,5,6,6,7,7,7,8,8,9,9,10,11,11,12,13,14,15,16,18,19,20,22,24,26,26,26,27,27,28,28,29,29,30,30,31,31,32,33,33,34,34,35,36,37,37,38,39,40,40,41,42,43,44,45,46,47,48,49,50,51,52,53,55,56,58,59,61,62,64,66,68,70,72,74,76,79,81,84,87,90,94,97,101,105,109,114,120,126,133,133,134,135,136,136,137,138,139,139,140,141,142,143,143,144,145,146,147,148,149,150,151,152,153,153,154,155,157,158,159,160,161,162,163,164,165,167,168,169,170,171,173,174,175,177,178,180,181,183,184,186,187,189,190,192,194,196,197,199,201,203,205,207,209,212,214,216,219,221,224,227,229,232,235,238,242,245,249,252,256,260,264,269,274,279,284,290,296,303,310,318,327,337,348,362
Heavy-Tailed,1.2,16,1,784,0,1.0,2.0682279670637054,228.59495129804347,2.8158761689135834,0.4835056946936634,1.998777368320856,1,1,1,1,1,1,1,1,1,1,1,1,1,1,1,1,1,1,1,1,1,1,1,1,1,1,1,1,1,1,1,1,1,1,1,1,1,1,1,1,1,1,1,1,2,2,2,2,3,3,3,3,4,4,4,4,5,5,5,6,6,6,7,7,8,8,9,10,10,11,12,13,14,15,16,17,19,20,22,24,26,26,27,27,28,28,29,29,30,30,31,31,32,33,33,34,34,35,36,36,37,38,39,39,40,41,42,43,44,45,46,47,48,49,50,51,52,54,55,56,58,59,61,62,64,66,68,70,72,74,76,79,81,84,87,90,93,97,100,104,109,113,118,124,130,137,137,138,139,140,140,141,142,143,143,144,145,146,147,147,148,149,150,151,152,153,153,154,155,156,157,158,159,160,161,162,163,164,165,166,168,169,170,171,172,173,175,176,177,179,180,181,183,184,186,187,189,190,192,193,195,197,199,200,202,204,206,208,210,212,215,217,219,222,224,226,229,232,235,238,241,244,247,251,254,258,262,266,270,275,280,285,291,297,303,311,318,327,337,348,362
Heavy-Tailed,1.2,17,1,784,0,1.0,2.1143560988321437,227.26415242817424,2.8408247502537467,0.4729572282324373,1.9914186315463902,1,1,1,1,1,1,1,1,1,1,1,1,1,1,1,1,1,1,1,1,1,1,1,1,1,1,1,1,1,1,1,1,1,1,1,1,1,1,1,1,1,1,1,2,2,2,2,2,3,3,3,3,3,4,4,4,5,5,5,6,6,7,7,8,8,9,9,10,11,11,12,13,14,15,16,18,19,20,22,24,26,26,27,27,28,28,29,29,30,30,31,31,32,32,33,34,34,35,35,36,37,37,38,39,40,40,41,42,43,44,45,46,47,48,49,50,51,52,54,55,56,58,59,61,63,64,66,68,70,72,74,77,79,82,84,87,91,94,97,101,106,110,115,121,127,134,134,135,136,137,137,138,139,140,140,141,142,143,144,144,145,146,147,148,149,150,151,152,153,154,155,156,157,158,159,160,161,162,163,164,165,167,168,169,170,171,173,174,175,177,178,180,181,183,184,186,187,189,191,192,194,196,198,199,201,203,205,207,209,212,214,216,219,221,223,226,229,232,234,237,241,244,247,251,254,258,262,266,271,276,281,286,292,298,305,312,320,329,339,351,364
Heavy-Tailed,1.2,18,1,784,0,1.0,2.1782464138371,228.00029775506482,2.9002785747652164,0.45908488298091377,1.9974302662604626,1,1,1,1,1,1,1,1,1,1,1,1,1,1,1,1,1,1,1,1,1,1,1,1,1,1,1,1,1,1,1,1,1,1,1,1,1,1,1,1,1,2,2,2,2,2,2,3,3,3,3,4,4,4,4,5,5,5,6,6,6,7,7,8,8,9,10,10,11,12,13,14,15,16,17,19,20,21,23,25,27,27,28,28,29,29,30,30,31,31,32,32,33,34,34,35,35,36,37,37,38,39,40,40,41,42,43,44,45,46,47,48,49,50,51,52,53,55,56,57,59,60,62,63,65,67,68,70,72,75,77,79,82,84,87,90,93,97,100,104,108,113,118,123,130,136,137,138,138,139,140,141,141,142,143,144,144,145,146,147,148,149,149,150,151,152,153,154,155,156,157,158,159,160,161,162,163,164,165,166,167,168,170,171,172,173,174,176,177,178,180,181,182,184,185,187,188,190,192,193,195,197,198,200,202,204,206,208,210,212,214,216,219,221,224,226,229,231,234,237,240,243,246,250,253,257,261,265,270,274,279,285,290,297,303,311,319,327,337,349,362
Heavy-Tailed,1.2,19,1,784,0,1.0,2.3206594083306245,223.2644718051206,2.969472089182073,0.4309120056179868,2.0054249287065575,1,1,1,1,1,1,1,1,1,1,1,1,1,1,1,1,1,1,1,1,1,1,1,1,1,1,1,1,1,1,1,1,1,1,1,1,1,1,1,2,2,2,2,2,2,3,3,3,3,4,4,4,4,5,5,5,6,6,6,7,7,7,8,8,9,9,10,11,11,12,13,14,15,16,17,18,20,21,23,25,27,27,28,28,28,29,29,30,30,31,32,32,33,33,34,34,35,36,36,37,38,38,39,40,41,41,42,43,44,45,46,47,48,49,50,51,52,53,54,56,57,58,60,61,63,65,67,68,70,72,75,77,80,82,85,88,91,94,98,102,106,110,115,120,126,133,133,134,135,136,136,137,138,138,139,140,141,142,142,143,144,145,146,146,147,148,149,150,151,152,153,154,155,156,157,158,159,160,161,162,163,164,165,166,168,169,170,171,173,174,175,177,178,179,181,182,184,185,187,189,190,192,194,196,197,199,201,203,205,207,209,212,214,216,219,221,224,227,229,232,235,238,242,245,249,253,257,261,265,270,275,280,286,292,299,306,314,323,333,345,358
Heavy-Tailed,1.2,20,1,784,0,1.0,2.1947229328527644,228.6370370504777,2.9066540268679577,0.4556383792373149,2.0018259905592943,1,1,1,1,1,1,1,1,1,1,1,1,1,1,1,1,1,1,1,1,1,1,1,1,1,1,1,1,1,1,1,1,1,1,1,1,1,1,1,1,1,2,2,2,2,2,3,3,3,3,3,4,4,4,4,5,5,5,6,6,6,7,7,8,8,9,10,10,11,12,13,14,15,16,17,18,20,21,23,25,27,28,28,28,29,29,30,30,31,31,32,33,33,34,34,35,36,36,37,38,38,39,40,41,41,42,43,44,45,46,47,48,49,50,51,52,53,55,56,57,59,60,62,63,65,67,69,70,73,75,77,79,82,84,87,90,93,97,100,104,109,113,118,124,130,137,137,138,139,139,140,141,142,142,143,144,145,146,147,147,148,149,150,151,152,153,154,155,156,156,157,158,159,161,162,163,164,165,166,167,168,169,170,172,173,174,175,177,178,180,181,182,184,185,187,188,190,191,193,195,196,198,200,202,204,205,207,209,211,214,216,218,220,223,225,228,230,233,236,239,242,245,248,252,255,259,263,267,272,276,281,287,292,299,305,312,320,329,339,351,364
Heavy-Tailed,1.2,0,2,784,0,1.0,2.1883472728538305,195.03516862742327,2.868608858397896,0.45696586296191316,2.2110259188739816,1,1,1,1,1,1,1,1,1,1,1,1,1,1,1,1,1,1,1,1,1,1,1,1,1,1,1,1,1,1,1,1,1,1,1,1,1,1,1,1,1,2,2,2,2,2,3,3,3,3,3,4,4,4,4,5,5,5,6,6,6,7,7,8,8,9,10,10,11,12,13,14,15,16,17,18,19,21,22,24,26,26,27,27,28,28,28,29,29,30,30,31,31,32,32,33,34,34,35,35,36,37,37,38,39,39,40,41,42,42,43,44,45,46,47,48,49,50,51,52,53,54,56,57,58,60,61,63,64,66,68,70,72,74,76,78,81,84,86,90,93,96,100,104,109,114,114,115,115,116,116,117,118,118,119,119,120,121,121,122,122,123,124,124,125,126,126,127,128,129,129,130,131,132,132,133,134,135,136,137,137,138,139,140,141,142,143,144,145,146,147,148,149,150,151,152,153,155,156,157,158,160,161,162,164,165,167,168,170,171,173,175,177,178,180,182,184,187,189,191,194,196,199,202,205,208,211,215,219,223,227,231,236,241,247,254,261,269,278,288,301
Heavy-Tailed,1.2,1,2,784,0,1.0,2.0949715368511304,193.07154675870578,2.7540989051235445,0.4773334541351626,2.1908905441688047,1,1,1,1,1,1,1,1,1,1,1,1,1,1,1,1,1,1,1,1,1,1,1,1,1,1,1,1,1,1,1,1,1,1,1,1,1,1,1,1,1,1,1,2,2,2,2,2,2,3,3,3,3,3,4,4,4,4,5,5,5,6,6,6,7,7,8,9,9,10,11,11,12,13,15,16,17,18,20,22,23,24,24,25,25,26,26,26,27,27,28,28,29,29,30,31,31,32,32,33,34,34,35,35,36,37,38,38,39,40,41,42,43,43,44,45,46,48,49,50,51,52,53,55,56,58,59,61,62,64,65,67,69,71,74,76,78,81,84,87,90,94,97,102,106,111,112,112,113,114,114,115,115,116,116,117,118,118,119,119,120,121,121,122,123,123,124,125,125,126,127,128,128,129,130,131,132,132,133,134,135,136,137,138,138,139,140,141,142,143,144,145,146,148,149,150,151,152,153,155,156,157,159,160,161,163,164,166,167,169,171,173,174,176,178,180,182,185,187,189,192,194,197,200,203,206,209,212,216,220,224,229,234,239,245,251,258,266,275,286,298
Heavy-Tailed,1.2,2,2,784,0,1.0,2.183845563837135,192.15267185755596,2.81070773747094,0.45790783769661153,2.1939573584169754,1,1,1,1,1,1,1,1,1,1,1,1,1,1,1,1,1,1,1,1,1,1,1,1,1,1,1,1,1,1,1,1,1,1,1,1,1,1,1,1,1,2,2,2,2,2,2,3,3,3,3,3,4,4,4,4,5,5,5,5,6,6,6,7,7,8,9,9,10,10,11,12,13,14,15,16,17,18,20,21,23,23,24,24,25,25,25,26,26,27,27,28,28,29,29,30,30,31,32,32,33,33,34,35,35,36,37,38,38,39,40,41,42,43,44,45,46,47,48,49,50,51,53,54,55,57,58,60,62,63,65,67,69,71,73,76,78,81,83,86,90,93,97,101,106,111,111,112,113,113,114,114,115,115,116,117,117,118,119,119,120,120,121,122,123,123,124,125,125,126,127,128,128,129,130,131,132,132,133,134,135,136,137,138,139,140,141,142,143,144,145,146,147,148,149,150,152,153,154,155,157,158,159,161,162,164,165,167,169,170,172,174,176,178,179,181,183,186,188,190,193,195,198,201,204,207,210,214,217,221,226,230,235,240,246,252,259,267,276,286,298
Heavy-Tailed,1.2,3,2,784,0,1.0,2.0391559302972078,190.77747378498086,2.7011740294963134,0.4903989857481128,2.188612122774649,1,1,1,1,1,1,1,1,1,1,1,1,1,1,1,1,1,1,1,1,1,1,1,1,1,1,1,1,1,1,1,1,1,1,1,1,1,1,1,1,1,1,1,1,1,2,2,2,2,2,3,3,3,3,3,4,4,4,5,5,5,6,6,6,7,7,8,8,9,10,10,11,12,13,14,15,16,17,19,20,22,22,23,23,24,24,24,25,25,26,26,27,27,28,28,29,29,30,31,31,32,33,33,34,35,35,36,37,37,38,39,40,41,41,42,43,44,45,46,47,49,50,51,52,54,55,56,58,59,61,63,65,67,69,71,73,76,79,81,85,88,91,95,99,104,109,109,110,111,111,112,112,113,113,114,115,115,116,116,117,118,118,119,120,120,121,122,122,123,124,125,125,126,127,128,128,129,130,131,132,133,133,134,135,136,137,138,139,140,141,142,143,144,145,146,148,149,150,151,153,154,155,157,158,160,161,163,164,166,167,169,171,173,175,177,179,181,183,185,187,190,192,195,198,201,204,207,210,214,218,222,226,231,236,242,248,255,263,272,283,295
Heavy-Tailed,1.2,4,2,784,0,1.0,2.1056047282350536,191.27995092762865,2.7339041234221795,0.47492294569371224,2.17349474299579,1,1,1,1,1,1,1,1,1,1,1,1,1,1,1,1,1,1,1,1,1,1,1,1,1,1,1,1,1,1,1,1,1,1,1,1,1,1,1,1,1,1,1,2,2,2,2,2,2,3,3,3,3,3,3,4,4,4,5,5,5,6,6,6,7,7,8,8,9,10,10,11,12,13,14,15,16,17,19,20,22,22,23,23,24,24,24,25,25,26,26,26,27,27,28,28,29,30,30,31,31,32,33,33,34,34,35,36,37,37,38,39,40,41,42,43,43,45,46,47,48,49,50,52,53,54,56,57,59,61,62,64,66,68,70,73,75,78,81,84,87,91,95,99,104,109,109,110,111,111,112,112,113,113,114,115,115,116,117,117,118,119,119,120,121,121,122,123,124,124,125,126,127,128,128,129,130,131,132,133,134,134,135,136,137,138,139,140,141,142,143,144,145,147,148,149,150,151,153,154,155,156,158,159,161,162,164,166,167,169,171,172,174,176,178,180,182,185,187,189,192,194,197,200,203,206,209,213,217,221,225,230,235,240,246,252,259,267,276,286,298
Heavy-Tailed,1.2,5,2,784,0,1.0,2.0179231629890912,188.90032435899394,2.654483281493563,0.49555900756832033,2.1945057369164593,1,1,1,1,1,1,1,1,1,1,1,1,1,1,1,1,1,1,1,1,1,1,1,1,1,1,1,1,1,1,1,1,1,1,1,1,1,1,1,1,1,1,1,1,1,2,2,2,2,2,2,3,3,3,3,3,4,4,4,4,5,5,5,6,6,6,7,7,8,9,9,10,11,12,13,14,15,16,18,20,21,22,22,22,23,23,24,24,24,25,25,26,26,27,27,28,29,29,30,30,31,32,32,33,34,34,35,36,36,37,38,39,40,41,41,42,43,44,45,46,47,49,50,51,52,54,55,56,58,60,61,63,65,67,69,71,74,76,79,82,85,89,93,97,101,106,107,107,108,109,109,110,110,111,112,112,113,113,114,115,115,116,117,117,118,119,119,120,121,121,122,123,124,125,125,126,127,128,129,129,130,131,132,133,134,135,136,137,138,139,140,141,142,143,145,146,147,148,149,151,152,153,155,156,158,159,161,162,164,166,167,169,171,173,175,177,179,181,183,186,188,191,193,196,199,202,205,209,213,217,221,225,230,235,241,247,254,262,271,281,293
Heavy-Tailed,1.2,6,2,784,0,1.0,2.0114281930379745,189.7742293752525,2.6535419633521307,0.49715918443483836,2.1777855289972994,1,1,1,1,1,1,1,1,1,1,1,1,1,1,1,1,1,1,1,1,1,1,1,1,1,1,1,1,1,1,1,1,1,1,1,1,1,1,1,1,1,1,1,1,1,2,2,2,2,2,2,3,3,3,3,3,4,4,4,5,5,5,5,6,6,7,7,8,8,9,9,10,11,12,13,14,15,16,18,19,21,21,22,22,23,23,23,24,24,25,25,26,26,27,27,28,28,29,29,30,30,31,32,32,33,33,34,35,36,36,37,38,39,40,41,42,43,44,45,46,47,48,49,50,52,53,54,56,58,59,61,63,65,67,69,71,74,76,79,82,86,89,93,97,102,107,108,108,109,109,110,111,111,112,112,113,114,114,115,116,116,117,118,118,119,120,120,121,122,123,123,124,125,126,126,127,128,129,130,131,132,132,133,134,135,136,137,138,139,140,141,142,144,145,146,147,148,149,151,152,153,155,156,158,159,160,162,164,165,167,169,170,172,174,176,178,180,182,185,187,189,192,195,198,201,204,207,210,214,218,222,227,232,237,243,249,256,264,272,283,295
Heavy-Tailed,1.2,7,2,784,0,1.0,1.964518433525834,190.21443095502164,2.6110874343029686,0.5090306015633779,2.1812105701915074,1,1,1,1,1,1,1,1,1,1,1,1,1,1,1,1,1,1,1,1,1,1,1,1,1,1,1,1,1,1,1,1,1,1,1,1,1,1,1,1,1,1,1,1,1,1,2,2,2,2,2,2,3,3,3,3,4,4,4,4,5,5,5,6,6,6,7,7,8,8,9,10,10,11,12,13,14,16,17,18,20,20,21,21,22,22,22,23,23,24,24,25,25,26,26,27,27,28,28,29,30,30,31,31,32,33,33,34,35,36,37,37,38,39,40,41,42,43,44,45,46,48,49,50,51,53,54,56,58,59,61,63,65,67,69,72,74,77,80,83,86,90,94,98,103,108,108,109,109,110,111,111,112,112,113,114,114,115,116,116,117,118,118,119,120,120,121,122,122,123,124,125,125,126,127,128,129,130,130,131,132,133,134,135,136,137,138,139,140,141,142,143,144,145,147,148,149,150,152,153,154,156,157,158,160,161,163,164,166,168,170,171,173,175,177,179,181,183,186,188,190,193,196,199,202,205,208,211,215,219,223,227,232,238,243,250,257,264,273,283,296
Heavy-Tailed,1.2,8,2,784,0,1.0,1.9966523431340466,188.61626826754605,2.6600702935450458,0.5008383174160151,2.1842155869176834,1,1,1,1,1,1,1,1,1,1,1,1,1,1,1,1,1,1,1,1,1,1,1,1,1,1,1,1,1,1,1,1,1,1,1,1,1,1,1,1,1,1,1,1,1,1,2,2,2,2,2,3,3,3,3,4,4,4,4,5,5,5,6,6,7,7,8,8,9,9,10,11,11,12,13,14,16,17,18,20,21,22,22,22,23,23,24,24,25,25,25,26,26,27,27,28,28,29,29,30,31,31,32,32,33,34,34,35,36,37,37,38,39,40,41,42,43,44,45,46,47,48,50,51,52,53,55,56,58,60,61,63,65,67,69,71,74,76,79,82,85,88,92,96,101,106,106,107,107,108,108,109,110,110,111,111,112,113,113,114,115,115,116,117,117,118,119,119,120,121,121,122,123,124,125,125,126,127,128,129,129,130,131,132,133,134,135,136,137,138,139,140,141,142,144,145,146,147,148,150,151,152,154,155,157,158,160,161,163,164,166,168,170,172,174,176,178,180,182,185,187,190,193,195,198,202,205,208,212,216,220,225,230,235,241,247,254,262,270,281,293
Heavy-Tailed,1.2,9,2,784,0,1.0,1.8878462599872101,191.85554512705673,2.5665037425357347,0.5297041508066312,2.1666581247844774,1,1,1,1,1,1,1,1,1,1,1,1,1,1,1,1,1,1,1,1,1,1,1,1,1,1,1,1,1,1,1,1,1,1,1,1,1,1,1,1,1,1,1,1,1,1,1,1,2,2,2,2,2,3,3,3,3,4,4,4,5,5,5,6,6,6,7,8,8,9,9,10,11,12,13,14,15,16,17,19,21,21,22,22,22,23,23,24,24,24,25,25,26,26,27,27,28,28,29,30,30,31,31,32,33,33,34,35,35,36,37,38,39,39,40,41,42,43,44,45,46,48,49,50,51,53,54,56,57,59,61,62,64,66,68,71,73,76,79,82,85,89,93,97,102,107,108,108,109,110,110,111,111,112,113,113,114,114,115,116,116,117,118,119,119,120,121,122,122,123,124,125,125,126,127,128,129,130,130,131,132,133,134,135,136,137,138,139,140,141,142,143,145,146,147,148,149,151,152,153,155,156,157,159,160,162,163,165,167,168,170,172,174,176,178,180,182,184,186,189,191,194,197,199,203,206,209,213,216,220,224,229,234,239,245,251,258,266,275,285,297
Heavy-Tailed,1.2,10,2,784,0,1.0,2.0616125418733984,188.5858339726245,2.707625647315578,0.4850571965822902,2.1888040552240833,1,1,1,1,1,1,1,1,1,1,1,1,1,1,1,1,1,1,1,1,1,1,1,1,1,1,1,1,1,1,1,1,1,1,1,1,1,1,1,1,1,1,1,1,2,2,2,2,2,3,3,3,3,3,4,4,4,4,5,5,5,6,6,6,7,7,8,8,9,9,10,11,12,13,14,15,16,17,19,20,22,22,22,23,23,24,24,24,25,25,26,26,27,27,28,28,29,29,30,30,31,32,32,33,34,34,35,36,36,37,38,39,40,41,41,42,43,44,45,46,48,49,50,51,52,54,55,57,58,60,62,63,65,67,69,72,74,77,80,83,86,89,93,97,101,106,107,108,108,109,109,110,110,111,112,112,113,113,114,115,115,116,116,117,118,119,119,120,121,121,122,123,124,124,125,126,127,128,128,129,130,131,132,133,134,135,136,137,138,139,140,141,142,143,144,145,147,148,149,150,152,153,154,156,157,159,160,162,164,165,167,169,171,173,175,177,179,181,183,186,188,191,193,196,199,202,206,209,213,217,221,226,231,236,242,248,255,262,271,281,293
Heavy-Tailed,1.2,11,2,784,0,1.0,1.9100049124981275,190.17309034951717,2.590498667165385,0.5235588628366841,2.18567723602895,1,1,1,1,1,1,1,1,1,1,1,1,1,1,1,1,1,1,1,1,1,1,1,1,1,1,1,1,1,1,1,1,1,1,1,1,1,1,1,1,1,1,1,1,1,1,1,1,2,2,2,2,3,3,3,3,3,4,4,4,5,5,5,6,6,7,7,8,8,9,10,10,11,12,13,14,15,17,18,20,21,22,22,23,23,23,24,24,25,25,25,26,26,27,27,28,28,29,29,30,31,31,32,32,33,34,34,35,36,36,37,38,39,40,40,41,42,43,44,45,46,48,49,50,51,53,54,55,57,59,60,62,64,66,68,70,72,75,78,81,84,88,91,95,100,105,106,106,107,107,108,109,109,110,110,111,112,112,113,114,114,115,116,116,117,118,118,119,120,121,121,122,123,124,125,125,126,127,128,129,130,131,132,132,133,134,135,136,138,139,140,141,142,143,144,146,147,148,149,151,152,153,155,156,158,159,161,163,164,166,168,170,172,174,176,178,180,182,185,187,190,192,195,198,201,204,208,211,215,219,223,228,233,238,244,250,257,265,274,284,296
Heavy-Tailed,1.2,12,2,784,0,1.0,1.894701660381854,192.59805819200838,2.576156235663769,0.5277875778070845,2.1816436999478657,1,1,1,1,1,1,1,1,1,1,1,1,1,1,1,1,1,1,1,1,1,1,1,1,1,1,1,1,1,1,1,1,1,1,1,1,1,1,1,1,1,1,1,1,1,1,1,1,2,2,2,2,2,3,3,3,3,4,4,4,4,5,5,5,6,6,7,8,8,9,9,10,11,12,13,14,15,16,18,19,21,21,22,22,23,23,24,24,24,25,25,26,26,27,27,28,28,29,30,30,31,31,32,33,34,34,35,36,37,37,38,39,40,41,42,43,44,45,46,47,48,49,51,52,53,55,56,58,59,61,63,65,67,69,71,73,76,78,81,84,87,91,95,99,104,109,110,110,111,112,112,113,113,114,115,115,116,116,117,118,118,119,120,120,121,122,123,123,124,125,125,126,127,128,129,129,130,131,132,133,134,135,135,136,137,138,139,140,141,142,143,144,145,147,148,149,150,151,153,154,155,157,158,159,161,162,164,166,167,169,171,173,174,176,178,180,183,185,187,189,192,194,197,200,203,206,209,212,216,220,224,228,233,238,244,250,257,264,273,283,295
Heavy-Tailed,1.2,13,2,784,0,1.0,1.9890954046652036,190.75074878549452,2.660700270351315,0.5027410940946374,2.1900196564619137,1,1,1,1,1,1,1,1,1,1,1,1,1,1,1,1,1,1,1,1,1,1,1,1,1,1,1,1,1,1,1,1,1,1,1,1,1,1,1,1,1,1,1,1,1,1,2,2,2,2,2,3,3,3,3,3,4,4,4,5,5,5,6,6,7,7,8,8,9,9,10,11,12,12,13,15,16,17,18,20,22,22,23,23,24,24,24,25,25,26,26,27,27,28,28,29,29,30,30,31,32,32,33,33,34,35,36,36,37,38,39,39,40,41,42,43,44,45,46,47,48,50,51,52,53,55,56,58,59,61,63,65,67,69,71,73,75,78,81,84,87,90,94,98,103,108,109,109,110,110,111,111,112,112,113,114,114,115,116,116,117,117,118,119,120,120,121,122,122,123,124,125,125,126,127,128,129,129,130,131,132,133,134,135,136,137,137,138,139,140,141,143,144,145,146,147,148,149,151,152,153,155,156,157,159,160,162,163,165,167,168,170,172,174,176,178,180,182,184,187,189,192,195,197,200,203,207,210,214,218,222,227,232,237,242,249,256,263,272,283,295
Heavy-Tailed,1.2,14,2,784,0,1.0,1.953811640112231,192.54220181707944,2.6563342725811925,0.5118200646724358,2.20029958948714,1,1,1,1,1,1,1,1,1,1,1,1,1,1,1,1,1,1,1,1,1,1,1,1,1,1,1,1,1,1,1,1,1,1,1,1,1,1,1,1,1,1,1,1,1,1,1,2,2,2,2,2,3,3,3,3,4,4,4,5,5,5,6,6,7,7,8,8,9,10,11,11,12,13,14,16,17,18,20,22,23,24,24,25,25,25,26,26,27,27,28,28,29,29,30,30,31,32,32,33,33,34,35,35,36,37,37,38,39,40,40,41,42,43,44,45,46,47,48,49,50,51,52,54,55,56,58,59,61,62,64,66,68,70,72,74,76,79,82,85,88,91,95,99,104,109,110,110,111,111,112,113,113,114,114,115,116,116,117,118,118,119,120,120,121,122,122,123,124,124,125,126,127,128,128,129,130,131,132,132,133,134,135,136,137,138,139,140,141,142,143,144,145,146,147,149,150,151,152,154,155,156,158,159,160,162,163,165,167,168,170,172,173,175,177,179,181,184,186,188,191,193,196,199,202,205,208,211,215,219,223,228,232,238,243,249,256,264,273,283,295
Heavy-Tailed,1.2,15,2,784,0,1.0,1.989882106397896,190.95973141418042,2.675799890202129,0.5025423349377264,2.176247539171746,1,1,1,1,1,1,1,1,1,1,1,1,1,1,1,1,1,1,1,1,1,1,1,1,1,1,1,1,1,1,1,1,1,1,1,1,1,1,1,1,1,1,1,1,1,1,2,2,2,2,2,3,3,3,3,4,4,4,5,5,5,6,6,7,7,7,8,9,9,10,10,11,12,13,14,15,16,18,19,21,23,23,23,24,24,25,25,25,26,26,27,27,28,28,29,29,30,30,31,31,32,33,33,34,35,35,36,37,37,38,39,40,40,41,42,43,44,45,46,47,48,49,50,52,53,54,56,57,59,60,62,64,66,68,70,72,75,78,80,83,87,90,94,98,103,108,109,109,110,110,111,112,112,113,113,114,115,115,116,116,117,118,118,119,120,120,121,122,122,123,124,125,125,126,127,128,129,129,130,131,132,133,134,135,135,136,137,138,139,140,141,142,143,144,146,147,148,149,150,152,153,154,156,157,158,160,161,163,165,166,168,170,172,173,175,177,180,182,184,186,189,191,194,197,200,203,206,210,214,218,222,226,231,236,242,248,255,263,272,283,295
Heavy-Tailed,1.2,16,2,784,0,1.0,1.788409025546355,193.7004423269954,2.470973092962108,0.5591562029242735,2.1668132100200257,1,1,1,1,1,1,1,1,1,1,1,1,1,1,1,1,1,1,1,1,1,1,1,1,1,1,1,1,1,1,1,1,1,1,1,1,1,1,1,1,1,1,1,1,1,1,1,1,1,1,1,2,2,2,2,2,3,3,3,4,4,4,5,5,5,6,6,7,7,8,9,10,10,11,12,13,14,16,17,19,20,21,21,22,22,22,23,23,24,24,25,25,26,26,27,27,28,29,29,30,30,31,32,32,33,34,34,35,36,37,38,38,39,40,41,42,43,44,45,46,47,49,50,51,52,54,55,57,58,60,62,64,66,68,70,72,75,77,80,83,87,90,94,98,103,108,109,109,110,111,111,112,112,113,114,114,115,115,116,117,117,118,119,119,120,121,122,122,123,124,125,125,126,127,128,129,129,130,131,132,133,134,135,136,137,138,139,140,141,142,143,144,145,146,147,149,150,151,152,154,155,156,158,159,161,162,164,165,167,169,170,172,174,176,178,180,182,184,186,189,191,194,196,199,202,205,209,212,216,220,224,228,233,238,244,250,257,265,274,284,296
Heavy-Tailed,1.2,17,2,784,0,1.0,1.9101935450845842,192.57840017506823,2.6045336954266407,0.5235071611320514,2.163189187208195,1,1,1,1,1,1,1,1,1,1,1,1,1,1,1,1,1,1,1,1,1,1,1,1,1,1,1,1,1,1,1,1,1,1,1,1,1,1,1,1,1,1,1,1,1,1,1,1,2,2,2,2,3,3,3,3,3,4,4,5,5,5,6,6,7,7,8,8,9,9,10,11,12,13,14,15,16,17,19,20,22,22,23,23,23,24,24,25,25,25,26,26,27,27,28,28,29,29,30,30,31,32,32,33,33,34,35,35,36,37,38,38,39,40,41,42,43,44,45,46,47,48,49,51,52,53,55,56,58,60,61,63,65,67,70,72,74,77,80,83,86,90,94,98,103,108,109,109,110,110,111,111,112,113,113,114,114,115,116,116,117,118,118,119,120,120,121,122,123,123,124,125,126,126,127,128,129,130,131,131,132,133,134,135,136,137,138,139,140,141,142,143,144,145,146,148,149,150,151,153,154,155,157,158,160,161,163,164,166,168,170,171,173,175,177,179,182,184,186,189,191,194,197,199,203,206,209,213,216,220,225,229,234,240,246,252,259,267,276,286,299
Heavy-Tailed,1.2,18,2,784,0,1.0,2.1503534554014907,193.271807641014,2.821346419195819,0.46503982751677014,2.191638731154248,1,1,1,1,1,1,1,1,1,1,1,1,1,1,1,1,1,1,1,1,1,1,1,1,1,1,1,1,1,1,1,1,1,1,1,1,1,1,1,1,1,1,2,2,2,2,2,2,3,3,3,3,4,4,4,5,5,5,5,6,6,6,7,7,8,9,9,10,10,11,12,13,14,15,16,17,18,20,21,23,25,25,25,26,26,27,27,28,28,29,29,30,30,31,31,32,32,33,33,34,35,35,36,36,37,38,39,39,40,41,42,43,43,44,45,46,47,48,49,50,51,52,53,55,56,57,59,60,62,63,65,67,69,71,73,75,78,80,83,86,89,93,96,101,105,110,111,112,112,113,113,114,114,115,116,116,117,118,118,119,119,120,121,121,122,123,124,124,125,126,126,127,128,129,130,130,131,132,133,134,135,136,137,137,138,139,140,141,142,143,145,146,147,148,149,150,151,153,154,155,157,158,159,161,162,164,165,167,169,170,172,174,176,178,180,182,184,186,188,191,193,196,199,202,205,208,211,214,218,222,226,231,236,241,247,253,260,268,277,287,300
Heavy-Tailed,1.2,19,2,784,0,1.0,2.0667000820205477,191.42796880685606,2.738372756989271,0.483863144294421,2.1833482573518594,1,1,1,1,1,1,1,1,1,1,1,1,1,1,1,1,1,1,1,1,1,1,1,1,1,1,1,1,1,1,1,1,1,1,1,1,1,1,1,1,1,1,1,1,2,2,2,2,2,2,3,3,3,3,4,4,4,5,5,5,6,6,6,7,7,8,8,9,10,10,11,12,13,14,15,16,17,18,20,21,23,23,24,24,25,25,25,26,26,27,27,28,28,29,29,30,30,31,31,32,33,33,34,34,35,36,37,37,38,39,40,40,41,42,43,44,45,46,47,48,49,50,51,53,54,55,57,58,60,61,63,65,67,69,71,73,76,78,81,84,87,91,95,99,103,109,109,110,110,111,111,112,113,113,114,114,115,116,116,117,117,118,119,120,120,121,122,122,123,124,125,125,126,127,128,128,129,130,131,132,133,134,134,135,136,137,138,139,140,141,142,143,145,146,147,148,149,151,152,153,154,156,157,159,160,162,163,165,166,168,170,172,173,175,177,179,182,184,186,188,191,193,196,199,202,205,208,212,216,220,224,228,233,238,244,250,257,265,274,285,297
Heavy-Tailed,1.2,20,2,784,0,1.0,1.9204572937857143,193.98902651778292,2.615515232083524,0.5207093139929935,2.161412803132237,1,1,1,1,1,1,1,1,1,1,1,1,1,1,1,1,1,1,1,1,1,1,1,1,1,1,1,1,1,1,1,1,1,1,1,1,1,1,1,1,1,1,1,1,1,1,1,1,2,2,2,2,2,3,3,3,4,4,4,5,5,5,6,6,6,7,7,8,9,9,10,11,12,13,14,15,16,17,19,20,22,23,23,23,24,24,25,25,26,26,26,27,27,28,28,29,29,30,30,31,32,32,33,33,34,35,35,36,37,38,38,39,40,41,42,43,44,45,46,47,48,49,51,52,53,55,56,58,59,61,63,65,67,69,71,73,76,78,81,84,88,91,95,100,104,110,110,111,111,112,113,113,114,114,115,116,116,117,118,118,119,120,120,121,122,122,123,124,124,125,126,127,128,128,129,130,131,132,133,133,134,135,136,137,138,139,140,141,142,143,144,145,146,148,149,150,151,152,154,155,156,158,159,160,162,163,165,167,168,170,172,173,175,177,179,181,183,185,188,190,192,195,198,201,204,207,210,214,217,221,225,230,235,240,246,252,259,267,276,287,299
Heavy-Tailed,1.2,0,3,784,0,1.0,2.342961562321962,173.11665068406026,2.9422593654567497,0.42681024566573034,2.3762046586142245,1,1,1,1,1,1,1,1,1,1,1,1,1,1,1,1,1,1,1,1,1,1,1,1,1,1,1,1,1,1,1,1,1,1,1,1,1,1,2,2,2,2,2,2,3,3,3,3,4,4,4,4,5,5,5,6,6,6,6,7,7,8,8,9,9,10,10,11,12,13,13,14,15,16,17,18,20,21,23,24,26,26,27,27,27,28,28,28,29,29,30,30,31,31,32,32,33,33,34,34,35,35,36,36,37,38,38,39,40,40,41,42,43,43,44,45,46,47,48,49,50,51,52,53,54,55,56,58,59,61,62,64,65,67,69,71,73,75,77,80,83,86,89,92,96,101,101,101,102,102,103,103,104,104,105,105,106,106,107,108,108,109,109,110,110,111,112,112,113,113,114,115,115,116,117,117,118,119,119,120,121,122,122,123,124,125,126,126,127,128,129,130,131,132,133,134,135,136,137,138,139,140,141,142,144,145,146,148,149,150,152,153,155,156,158,160,162,163,165,167,169,172,174,176,179,181,184,187,190,194,197,201,205,210,215,220,226,233,241,250,261
Heavy-Tailed,1.2,1,3,784,0,1.0,2.108116249968459,168.84007279601173,2.692482119420315,0.47435714231364684,2.3335514084177387,1,1,1,1,1,1,1,1,1,1,1,1,1,1,1,1,1,1,1,1,1,1,1,1,1,1,1,1,1,1,1,1,1,1,1,1,1,1,1,1,1,1,1,2,2,2,2,2,2,3,3,3,3,3,4,4,4,4,4,5,5,5,6,6,6,7,7,8,8,9,10,10,11,12,13,14,15,16,17,19,21,21,21,22,22,22,23,23,24,24,24,25,25,26,26,27,27,28,28,29,29,30,30,31,31,32,33,33,34,35,35,36,37,38,39,39,40,41,42,43,44,45,46,47,48,50,51,52,54,55,57,58,60,62,64,66,68,70,72,75,78,81,84,87,91,96,96,97,97,98,98,99,99,100,100,101,101,102,102,103,103,104,104,105,105,106,107,107,108,108,109,110,110,111,112,112,113,114,115,115,116,117,117,118,119,120,121,122,122,123,124,125,126,127,128,129,130,131,132,133,134,135,136,138,139,140,141,143,144,146,147,149,150,152,153,155,157,159,161,163,165,167,169,172,174,177,180,183,186,189,193,197,201,206,211,216,222,229,237,246,257
Heavy-Tailed,1.2,2,3,784,0,1.0,2.330863002780993,169.97908453323964,2.836413889907852,0.4290256436379498,2.3488189303283034,1,1,1,1,1,1,1,1,1,1,1,1,1,1,1,1,1,1,1,1,1,1,1,1,1,1,1,1,1,1,1,1,1,1,1,1,1,1,2,2,2,2,2,2,2,2,3,3,3,3,3,4,4,4,4,4,5,5,5,5,6,6,6,7,7,8,8,9,9,10,11,11,12,13,14,15,16,17,19,20,22,22,23,23,24,24,24,25,25,26,26,27,27,28,28,29,29,30,30,31,31,32,32,33,34,34,35,36,36,37,38,38,39,40,41,42,42,43,44,45,46,47,48,50,51,52,53,55,56,57,59,61,62,64,66,68,70,72,75,77,80,83,86,90,93,98,98,99,99,100,100,100,101,101,102,102,103,103,104,105,105,106,106,107,107,108,109,109,110,110,111,112,112,113,114,114,115,116,116,117,118,119,119,120,121,122,123,123,124,125,126,127,128,129,130,131,132,133,134,135,136,137,138,139,141,142,143,144,146,147,149,150,152,153,155,157,158,160,162,164,166,169,171,173,176,179,181,184,188,191,195,199,203,208,213,219,225,232,240,249,260
Heavy-Tailed,1.2,3,3,784,0,1.0,2.2583922604508895,167.60133327512767,2.787105004942643,0.4427928741663104,2.32319951063981,1,1,1,1,1,1,1,1,1,1,1,1,1,1,1,1,1,1,1,1,1,1,1,1,1,1,1,1,1,1,1,1,1,1,1,1,1,1,1,1,2,2,2,2,2,2,3,3,3,3,3,3,4,4,4,4,5,5,5,6,6,6,6,7,7,7,8,8,9,10,10,11,12,12,13,14,15,16,18,19,21,21,22,22,22,23,23,23,24,24,25,25,25,26,26,27,27,28,28,29,29,30,30,31,32,32,33,33,34,35,35,36,37,38,38,39,40,41,42,43,44,45,46,47,48,49,50,51,53,54,55,57,59,60,62,64,66,68,70,73,76,79,82,86,90,94,94,95,95,96,96,97,97,98,98,99,99,100,101,101,102,102,103,103,104,105,105,106,107,107,108,108,109,110,111,111,112,113,113,114,115,116,116,117,118,119,120,121,122,122,123,124,125,126,127,128,129,130,132,133,134,135,136,137,139,140,141,143,144,146,147,149,150,152,154,155,157,159,161,163,165,168,170,172,175,178,180,183,187,190,194,198,202,206,211,217,223,230,238,248,259
Heavy-Tailed,1.2,4,3,784,0,1.0,2.1736196518442106,169.07540500349037,2.722162020961522,0.4600620900494476,2.3230848523098224,1,1,1,1,1,1,1,1,1,1,1,1,1,1,1,1,1,1,1,1,1,1,1,1,1,1,1,1,1,1,1,1,1,1,1,1,1,1,1,1,1,1,2,2,2,2,2,2,3,3,3,3,3,3,4,4,4,4,4,5,5,5,6,6,7,7,8,8,9,9,10,10,11,12,13,14,15,16,17,19,20,21,21,21,22,22,22,23,23,24,24,24,25,25,26,26,27,27,28,28,29,29,30,30,31,32,32,33,34,34,35,36,36,37,38,39,40,40,41,42,43,44,46,47,48,49,50,52,53,55,56,58,59,61,63,65,67,69,72,74,77,80,84,87,91,96,96,97,97,97,98,98,99,99,100,100,101,102,102,103,103,104,104,105,105,106,107,107,108,108,109,110,110,111,112,112,113,114,114,115,116,117,117,118,119,120,121,122,123,123,124,125,126,127,128,129,130,131,132,133,135,136,137,138,139,141,142,143,145,146,148,149,151,153,154,156,158,160,162,164,166,168,171,173,176,178,181,184,187,191,195,199,203,208,213,218,225,232,240,249,260
Heavy-Tailed,1.2,5,3,784,0,1.0,1.990517234115072,164.3114395357793,2.5565195333677075,0.5023819853760633,2.337423137908911,1,1,1,1,1,1,1,1,1,1,1,1,1,1,1,1,1,1,1,1,1,1,1,1,1,1,1,1,1,1,1,1,1,1,1,1,1,1,1,1,1,1,1,1,1,1,2,2,2,2,2,2,3,3,3,3,3,4,4,4,4,4,5,5,5,6,6,6,7,7,8,9,9,10,11,12,13,14,15,17,18,18,19,19,19,20,20,20,21,21,22,22,23,23,23,24,24,25,25,26,26,27,27,28,28,29,29,30,31,31,32,33,34,34,35,36,37,38,38,39,40,41,42,43,44,46,47,48,49,51,52,54,55,57,59,61,63,65,67,70,72,76,79,83,86,91,91,92,92,93,93,94,94,95,95,96,96,97,97,98,98,99,99,100,101,101,102,102,103,104,104,105,106,106,107,108,108,109,110,110,111,112,113,113,114,115,116,117,118,118,119,120,121,122,123,124,125,126,127,128,129,131,132,133,134,136,137,138,140,141,143,144,146,147,149,151,153,154,156,158,161,163,165,168,170,173,176,179,182,185,189,193,197,201,206,212,218,225,233,242,253
Heavy-Tailed,1.2,6,3,784,0,1.0,1.9706186352646315,167.451454166754,2.563819571290129,0.5074548581368263,2.3195315136572803,1,1,1,1,1,1,1,1,1,1,1,1,1,1,1,1,1,1,1,1,1,1,1,1,1,1,1,1,1,1,1,1,1,1,1,1,1,1,1,1,1,1,1,1,1,1,2,2,2,2,2,2,3,3,3,3,3,3,4,4,4,5,5,5,6,6,6,7,7,8,9,9,10,11,12,13,14,15,16,17,19,19,19,20,20,20,21,21,22,22,22,23,23,24,24,24,25,25,26,26,27,27,28,29,29,30,30,31,32,32,33,34,34,35,36,37,38,38,39,40,41,42,43,44,46,47,48,49,51,52,54,55,57,59,60,62,65,67,69,72,75,78,81,85,89,93,94,94,95,95,96,96,97,97,98,98,99,99,100,101,101,102,102,103,103,104,105,105,106,107,107,108,109,109,110,111,111,112,113,113,114,115,116,117,117,118,119,120,121,122,122,123,124,125,126,127,128,129,131,132,133,134,135,136,138,139,140,142,143,144,146,147,149,151,152,154,156,158,160,162,164,166,168,171,173,176,179,182,185,188,192,196,200,204,209,215,221,228,235,245,255
Heavy-Tailed,1.2,7,3,784,0,1.0,1.922507451493376,164.8281516382098,2.483269457456594,0.520154030728575,2.329662768985348,1,1,1,1,1,1,1,1,1,1,1,1,1,1,1,1,1,1,1,1,1,1,1,1,1,1,1,1,1,1,1,1,1,1,1,1,1,1,1,1,1,1,1,1,1,1,1,1,2,2,2,2,2,2,3,3,3,3,3,4,4,4,5,5,5,5,6,6,7,7,7,8,9,9,10,11,12,13,14,15,16,17,17,17,18,18,18,19,19,19,20,20,21,21,22,22,22,23,23,24,24,25,26,26,27,27,28,29,29,30,30,31,32,33,33,34,35,36,37,38,39,40,41,42,43,45,46,47,49,50,52,53,55,57,58,60,63,65,67,70,73,76,79,82,86,91,91,92,92,92,93,94,94,95,95,96,96,97,97,98,98,99,99,100,101,101,102,102,103,104,104,105,106,106,107,108,109,109,110,111,111,112,113,114,115,116,116,117,118,119,120,121,122,123,124,125,126,127,128,129,130,131,133,134,135,136,138,139,140,142,143,145,146,148,150,152,153,155,157,159,161,164,166,169,171,174,177,180,183,187,190,194,198,203,208,214,220,227,235,244,255
Heavy-Tailed,1.2,8,3,784,0,1.0,2.1182327413336837,166.5091866519686,2.6917613940749043,0.4720916547491278,2.3280528431087624,1,1,1,1,1,1,1,1,1,1,1,1,1,1,1,1,1,1,1,1,1,1,1,1,1,1,1,1,1,1,1,1,1,1,1,1,1,1,1,1,1,1,1,2,2,2,2,2,2,3,3,3,3,3,3,4,4,4,4,5,5,5,6,6,7,7,7,8,8,9,10,11,11,12,13,14,15,16,17,19,20,20,21,21,21,22,22,22,23,23,24,24,24,25,25,26,26,27,27,28,28,29,29,30,31,31,32,33,33,34,35,35,36,37,38,39,40,40,41,42,43,44,45,47,48,49,50,51,53,54,55,57,59,60,62,64,66,68,70,73,75,78,82,85,89,93,94,94,94,95,95,96,96,97,97,98,98,99,100,100,101,101,102,102,103,103,104,105,105,106,107,107,108,108,109,110,110,111,112,113,113,114,115,116,116,117,118,119,120,120,121,122,123,124,125,126,127,128,129,130,131,132,134,135,136,137,138,140,141,143,144,145,147,149,150,152,154,155,157,159,162,164,166,169,171,174,176,179,183,186,190,194,198,202,207,213,219,226,234,244,255
Heavy-Tailed,1.2,9,3,784,0,1.0,1.7841837169497585,169.17233743273056,2.4002821531913456,0.560480398122678,2.307795482837467,1,1,1,1,1,1,1,1,1,1,1,1,1,1,1,1,1,1,1,1,1,1,1,1,1,1,1,1,1,1,1,1,1,1,1,1,1,1,1,1,1,1,1,1,1,1,1,1,1,1,1,1,2,2,2,2,2,3,3,3,3,4,4,4,5,5,6,6,7,7,8,9,9,10,11,12,13,14,15,17,18,18,19,19,19,20,20,21,21,21,22,22,23,23,23,24,24,25,25,26,26,27,27,28,28,29,30,30,31,31,32,33,33,34,35,36,36,37,38,39,40,41,42,43,44,45,46,48,49,50,52,54,55,57,59,61,63,65,68,70,73,76,80,83,87,92,92,93,93,94,94,95,95,96,96,97,97,98,98,99,100,100,101,101,102,103,103,104,105,105,106,107,107,108,109,109,110,111,112,112,113,114,115,116,116,117,118,119,120,121,122,123,124,125,126,127,128,129,130,131,132,133,135,136,137,138,140,141,142,144,145,147,149,150,152,154,156,158,160,162,164,166,169,171,174,176,179,183,186,189,193,197,201,206,211,217,223,230,238,247,258
Heavy-Tailed,1.2,10,3,784,0,1.0,1.802165468816297,164.67338318693385,2.3879066809904232,0.5548880040725798,2.317490875674856,1,1,1,1,1,1,1,1,1,1,1,1,1,1,1,1,1,1,1,1,1,1,1,1,1,1,1,1,1,1,1,1,1,1,1,1,1,1,1,1,1,1,1,1,1,1,1,1,1,1,1,2,2,2,2,2,3,3,3,3,3,4,4,4,5,5,5,6,6,7,7,8,8,9,10,11,12,13,14,15,17,17,18,18,18,19,19,19,20,20,20,21,21,22,22,23,23,23,24,24,25,25,26,26,27,27,28,28,29,30,30,31,32,32,33,34,35,36,36,37,38,39,40,41,42,43,45,46,47,49,50,52,53,55,57,59,61,63,65,68,71,74,77,80,84,89,89,90,90,90,91,91,92,92,93,94,94,95,95,96,96,97,97,98,99,99,100,100,101,102,102,103,104,104,105,106,106,107,108,108,109,110,111,111,112,113,114,115,116,117,118,118,119,120,121,122,123,124,126,127,128,129,130,132,133,134,135,137,138,140,141,143,144,146,148,149,151,153,155,157,159,162,164,166,169,172,174,178,181,184,188,192,196,201,206,212,218,225,233,242,253
Heavy-Tailed,1.2,11,3,784,0,1.0,1.8547624879009588,165.21631701979882,2.448958312630101,0.5391525904385222,2.3133549364828583,1,1,1,1,1,1,1,1,1,1,1,1,1,1,1,1,1,1,1,1,1,1,1,1,1,1,1,1,1,1,1,1,1,1,1,1,1,1,1,1,1,1,1,1,1,1,1,1,1,2,2,2,2,2,2,3,3,3,3,4,4,4,4,5,5,5,6,6,7,7,8,8,9,10,10,11,12,13,15,16,17,18,18,18,19,19,19,20,20,21,21,21,22,22,23,23,24,24,25,25,26,26,27,27,28,28,29,29,30,31,31,32,33,33,34,35,36,37,37,38,39,40,41,42,43,44,45,47,48,49,51,52,54,56,57,59,61,63,66,68,71,74,77,81,85,89,90,90,91,91,92,92,93,93,94,94,95,95,96,96,97,97,98,99,99,100,100,101,102,102,103,103,104,105,105,106,107,108,108,109,110,110,111,112,113,114,115,115,116,117,118,119,120,121,122,123,124,125,126,127,128,129,131,132,133,134,136,137,139,140,141,143,145,146,148,150,152,154,156,158,160,162,165,167,170,172,175,178,182,185,189,193,197,202,207,213,219,226,235,244,255
Heavy-Tailed,1.2,12,3,784,0,1.0,1.7608593149366567,169.0179276579881,2.3702201299563543,0.5679045404237607,2.313507127590807,1,1,1,1,1,1,1,1,1,1,1,1,1,1,1,1,1,1,1,1,1,1,1,1,1,1,1,1,1,1,1,1,1,1,1,1,1,1,1,1,1,1,1,1,1,1,1,1,1,1,1,1,2,2,2,2,2,3,3,3,3,4,4,4,5,5,5,6,6,7,7,8,9,9,10,11,12,13,15,16,17,18,18,18,19,19,19,20,20,20,21,21,22,22,23,23,23,24,24,25,25,26,27,27,28,28,29,30,30,31,32,33,33,34,35,36,37,38,39,40,41,42,43,44,45,46,47,49,50,52,53,55,56,58,60,62,64,66,69,71,74,77,80,84,88,93,93,94,94,95,95,96,96,97,97,98,98,99,99,100,100,101,102,102,103,103,104,105,105,106,107,107,108,109,109,110,111,111,112,113,114,114,115,116,117,118,119,119,120,121,122,123,124,125,126,127,128,129,130,131,133,134,135,136,137,139,140,141,143,144,146,147,149,150,152,154,156,157,159,161,163,166,168,170,173,176,178,181,184,188,192,195,200,204,209,215,221,228,236,245,256
Heavy-Tailed,1.2,13,3,784,0,1.0,1.9498790395316572,168.13383201940536,2.556270071463717,0.5128523255679442,2.3252258380451316,1,1,1,1,1,1,1,1,1,1,1,1,1,1,1,1,1,1,1,1,1,1,1,1,1,1,1,1,1,1,1,1,1,1,1,1,1,1,1,1,1,1,1,1,1,1,1,2,2,2,2,2,3,3,3,3,3,3,4,4,4,5,5,5,6,6,6,7,7,8,9,9,10,11,12,13,14,15,16,17,19,19,20,20,20,21,21,21,22,22,23,23,24,24,25,25,26,26,27,27,28,28,29,29,30,30,31,32,32,33,34,34,35,36,37,38,38,39,40,41,42,43,44,45,46,48,49,50,52,53,54,56,58,59,61,63,65,68,70,73,76,79,82,86,90,94,94,95,95,96,96,97,97,98,98,99,99,100,100,101,101,102,103,103,104,104,105,106,106,107,107,108,109,109,110,111,111,112,113,113,114,115,116,116,117,118,119,120,121,121,122,123,124,125,126,127,128,129,130,131,132,133,135,136,137,138,140,141,142,144,145,147,148,150,152,153,155,157,159,161,163,165,168,170,173,176,178,181,185,188,192,196,200,204,209,215,221,228,236,246,257
Heavy-Tailed,1.2,14,3,784,0,1.0,1.7469875594107738,170.01248771847415,2.367762298257609,0.5724139216751385,2.3376077069385572,1,1,1,1,1,1,1,1,1,1,1,1,1,1,1,1,1,1,1,1,1,1,1,1,1,1,1,1,1,1,1,1,1,1,1,1,1,1,1,1,1,1,1,1,1,1,1,1,1,1,1,1,1,2,2,2,2,2,3,3,3,3,4,4,5,5,5,6,6,7,8,8,9,10,11,12,13,14,15,17,18,19,19,19,20,20,20,21,21,22,22,22,23,23,24,24,25,25,26,26,27,27,28,29,29,30,30,31,32,33,33,34,35,36,36,37,38,39,40,41,42,43,44,45,46,48,49,50,52,53,55,56,58,60,62,64,66,68,71,73,76,79,83,86,90,95,95,96,96,97,97,97,98,98,99,99,100,101,101,102,102,103,103,104,104,105,106,106,107,107,108,109,109,110,111,111,112,113,114,114,115,116,117,117,118,119,120,121,122,122,123,124,125,126,127,128,129,130,131,132,133,135,136,137,138,139,141,142,143,145,146,148,149,151,153,154,156,158,160,162,164,166,168,171,173,176,179,181,185,188,191,195,199,204,209,214,220,227,235,244,255
Heavy-Tailed,1.2,15,3,784,0,1.0,1.875880589053409,169.74274925107323,2.4983560852263462,0.5330829722507079,2.3106184720646312,1,1,1,1,1,1,1,1,1,1,1,1,1,1,1,1,1,1,1,1,1,1,1,1,1,1,1,1,1,1,1,1,1,1,1,1,1,1,1,1,1,1,1,1,1,1,1,1,1,2,2,2,2,2,2,3,3,3,3,4,4,4,5,5,6,6,6,7,7,8,9,9,10,11,11,12,13,14,16,17,19,19,19,20,20,20,21,21,22,22,22,23,23,24,24,25,25,26,26,27,27,28,28,29,29,30,31,31,32,32,33,34,35,35,36,37,38,38,39,40,41,42,43,44,46,47,48,49,51,52,54,56,57,59,61,63,65,68,70,73,76,79,82,86,90,95,95,96,96,97,97,98,98,99,99,100,100,101,101,102,102,103,104,104,105,105,106,107,107,108,109,109,110,111,111,112,113,113,114,115,116,116,117,118,119,120,120,121,122,123,124,125,126,127,128,129,130,131,132,133,134,135,137,138,139,140,142,143,145,146,147,149,151,152,154,156,158,159,161,163,165,168,170,172,175,177,180,183,187,190,194,198,202,206,212,217,223,230,238,247,258
Heavy-Tailed,1.2,16,3,784,0,1.0,1.6480136100037666,170.020273248746,2.238065573731573,0.6067911053220698,2.299772112601338,1,1,1,1,1,1,1,1,1,1,1,1,1,1,1,1,1,1,1,1,1,1,1,1,1,1,1,1,1,1,1,1,1,1,1,1,1,1,1,1,1,1,1,1,1,1,1,1,1,1,1,1,1,1,1,1,2,2,2,2,3,3,3,4,4,4,5,5,6,6,7,7,8,9,10,11,12,13,14,15,17,17,18,18,18,18,19,19,20,20,20,21,21,22,22,22,23,23,24,24,25,25,26,26,27,28,28,29,30,30,31,32,32,33,34,35,36,37,38,38,39,40,41,42,44,45,46,47,48,50,51,53,55,56,58,60,62,65,67,70,72,75,79,82,86,91,91,92,92,93,93,94,94,95,95,96,96,97,97,98,99,99,100,100,101,102,102,103,103,104,105,105,106,107,107,108,109,110,110,111,112,113,114,114,115,116,117,118,119,120,121,122,123,124,125,126,127,128,129,130,131,133,134,135,136,138,139,140,142,143,145,146,148,150,151,153,155,157,159,161,163,166,168,171,173,176,179,182,185,189,192,196,201,205,210,216,222,229,237,247,258
Heavy-Tailed,1.2,17,3,784,0,1.0,1.884042649541543,169.5372022768963,2.523513933136629,0.5307735471080428,2.309400364106069,1,1,1,1,1,1,1,1,1,1,1,1,1,1,1,1,1,1,1,1,1,1,1,1,1,1,1,1,1,1,1,1,1,1,1,1,1,1,1,1,1,1,1,1,1,1,1,1,1,2,2,2,2,3,3,3,3,4,4,4,4,5,5,5,6,6,7,7,8,8,9,10,10,11,12,13,14,15,16,18,19,20,20,20,21,21,22,22,22,23,23,23,24,24,25,25,26,26,27,27,28,28,29,29,30,31,31,32,32,33,34,35,35,36,37,38,38,39,40,41,42,43,44,45,46,48,49,50,51,53,54,56,58,59,61,63,65,68,70,73,75,78,82,85,89,93,94,94,95,95,96,96,97,97,98,98,99,99,100,101,101,102,102,103,103,104,105,105,106,106,107,108,108,109,110,111,111,112,113,113,114,115,116,117,117,118,119,120,121,122,123,123,124,125,126,127,128,129,131,132,133,134,135,136,138,139,140,142,143,144,146,147,149,151,152,154,156,158,160,162,164,166,169,171,174,176,179,182,185,189,193,197,201,206,211,216,222,229,238,247,258
Heavy-Tailed,1.2,18,3,784,0,1.0,1.9958223827847685,174.15454868573815,2.642934624430362,0.5010465904309086,2.324469167673502,1,1,1,1,1,1,1,1,1,1,1,1,1,1,1,1,1,1,1,1,1,1,1,1,1,1,1,1,1,1,1,1,1,1,1,1,1,1,1,1,1,1,1,1,1,1,2,2,2,2,2,2,3,3,3,3,4,4,4,4,5,5,5,6,6,7,7,8,8,9,10,11,11,12,13,14,16,17,19,20,22,22,23,23,24,24,24,25,25,26,26,27,27,28,28,29,29,30,30,31,32,32,33,34,34,35,36,36,37,38,39,39,40,41,42,43,43,44,45,46,47,48,50,51,52,53,54,56,57,59,60,62,64,65,67,69,72,74,76,79,82,85,88,91,95,99,100,100,101,101,102,102,103,103,104,104,105,105,106,106,107,107,108,109,109,110,110,111,111,112,113,113,114,115,115,116,117,117,118,119,119,120,121,122,122,123,124,125,126,126,127,128,129,130,131,132,133,134,135,136,137,138,140,141,142,143,144,146,147,149,150,151,153,155,156,158,160,162,163,165,167,170,172,174,177,180,183,186,189,192,196,200,204,209,214,220,226,233,241,250,261
Heavy-Tailed,1.2,19,3,784,0,1.0,2.0081749494693795,171.03807697805303,2.653703341171481,0.49796458235087054,2.3145784774651745,1,1,1,1,1,1,1,1,1,1,1,1,1,1,1,1,1,1,1,1,1,1,1,1,1,1,1,1,1,1,1,1,1,1,1,1,1,1,1,1,1,1,1,1,1,2,2,2,2,2,3,3,3,3,3,4,4,4,5,5,5,6,6,6,7,7,8,8,9,9,10,11,11,12,13,14,15,17,18,20,21,22,22,22,23,23,24,24,24,25,25,26,26,27,27,28,28,28,29,29,30,31,31,32,32,33,33,34,35,35,36,37,38,38,39,40,41,42,43,44,44,46,47,48,49,50,51,53,54,56,57,59,60,62,64,66,68,71,73,76,79,82,85,88,92,97,97,98,98,99,99,100,100,101,101,102,102,103,103,104,104,105,106,106,107,107,108,108,109,110,110,111,112,112,113,114,114,115,116,116,117,118,119,120,120,121,122,123,124,124,125,126,127,128,129,130,131,132,133,134,135,136,138,139,140,141,142,144,145,147,148,149,151,153,154,156,158,160,162,164,166,168,170,173,175,178,181,184,187,190,194,198,202,207,212,217,223,230,238,247,258
Heavy-Tailed,1.2,20,3,784,0,1.0,1.7232295297811784,173.18729336543262,2.3610284437443725,0.5803057472715103,2.304310742897432,1,1,1,1,1,1,1,1,1,1,1,1,1,1,1,1,1,1,1,1,1,1,1,1,1,1,1,1,1,1,1,1,1,1,1,1,1,1,1,1,1,1,1,1,1,1,1,1,1,1,1,1,1,1,2,2,2,3,3,3,3,4,4,4,5,5,6,6,7,7,8,8,9,10,11,12,13,15,16,17,19,19,20,20,21,21,21,22,22,23,23,23,24,24,25,25,26,26,27,27,28,29,29,30,30,31,32,32,33,34,34,35,36,37,37,38,39,40,41,42,43,44,45,46,47,49,50,51,52,54,55,57,59,61,62,64,66,69,71,74,76,80,83,87,91,95,95,96,96,97,97,98,98,99,99,100,101,101,102,102,103,103,104,105,105,106,107,107,108,108,109,110,110,111,112,113,113,114,115,115,116,117,118,119,120,120,121,122,123,124,125,126,127,128,129,130,131,132,133,134,135,136,137,139,140,141,143,144,145,147,148,150,151,153,155,157,158,160,162,164,166,169,171,173,176,179,181,185,188,191,195,199,203,208,213,218,224,231,239,249,260
Heavy-Tailed,1.2,0,4,784,0,1.0,2.6579361599893,163.51804334546253,3.079143124492872,0.3762317602105333,2.449103029654997,1,1,1,1,1,1,1,1,1,1,1,1,1,1,1,1,1,1,1,1,1,1,1,1,1,1,1,1,1,1,1,1,1,2,2,2,2,2,2,2,3,3,3,3,3,4,4,4,4,5,5,5,5,6,6,6,7,7,8,8,8,9,9,10,10,11,12,12,13,14,14,15,16,17,18,19,20,21,23,24,26,26,27,27,28,28,28,29,29,30,30,31,31,31,32,32,33,33,34,34,35,35,36,37,37,38,38,39,40,40,41,42,42,43,44,45,45,46,47,48,49,50,51,52,53,54,55,56,58,59,60,62,63,65,67,69,71,73,75,77,80,82,85,89,92,96,97,97,97,98,98,99,99,100,100,101,101,102,102,103,103,104,104,105,105,106,106,107,107,108,109,109,110,110,111,112,112,113,114,114,115,116,116,117,118,119,119,120,121,122,122,123,124,125,126,127,128,129,130,131,132,133,134,135,136,137,138,140,141,142,143,145,146,148,149,151,152,154,156,158,160,162,164,166,168,171,174,176,179,182,186,189,193,197,202,207,212,218,226,234,244
Heavy-Tailed,1.2,1,4,784,0,1.0,2.491893818318272,158.4326340010214,2.850736769136139,0.4013012082011101,2.395887613942372,1,1,1,1,1,1,1,1,1,1,1,1,1,1,1,1,1,1,1,1,1,1,1,1,1,1,1,1,1,1,1,1,1,1,1,1,2,2,2,2,2,2,2,2,3,3,3,3,3,3,4,4,4,4,4,4,4,5,5,5,6,6,6,7,7,7,8,8,9,9,10,11,11,12,13,14,15,16,17,19,20,21,21,21,22,22,22,23,23,23,24,24,25,25,26,26,27,27,28,28,29,29,30,30,31,32,32,33,34,34,35,36,36,37,38,39,39,40,41,42,43,44,45,46,47,48,49,50,52,53,54,56,57,59,61,63,64,66,69,71,74,76,79,83,87,91,91,92,92,93,93,94,94,95,95,96,96,97,97,98,98,99,99,100,100,101,101,102,103,103,104,104,105,106,106,107,107,108,109,109,110,111,112,112,113,114,115,115,116,117,118,119,120,121,122,122,123,124,125,126,127,128,130,131,132,133,134,136,137,138,140,141,142,144,145,147,149,150,152,154,156,158,160,162,164,167,170,172,175,179,182,185,189,194,198,204,209,216,223,231,241
Heavy-Tailed,1.2,2,4,784,0,1.0,2.4585778683868393,161.02064063023275,2.8477404876191654,0.406739201901356,2.406117484611072,1,1,1,1,1,1,1,1,1,1,1,1,1,1,1,1,1,1,1,1,1,1,1,1,1,1,1,1,1,1,1,1,1,1,1,1,2,2,2,2,2,2,2,2,2,3,3,3,3,3,3,3,4,4,4,4,4,5,5,5,5,6,6,6,7,7,8,8,9,9,10,11,12,12,13,14,16,17,18,20,21,22,22,22,23,23,23,24,24,25,25,26,26,27,27,28,28,29,29,30,30,31,31,32,33,33,34,35,35,36,37,37,38,39,40,40,41,42,43,44,45,46,47,48,49,50,51,53,54,55,57,58,60,61,63,65,67,69,72,74,77,79,82,86,89,93,94,94,95,95,95,96,96,97,97,98,98,99,99,100,100,101,101,102,102,103,103,104,105,105,106,106,107,108,108,109,109,110,111,112,112,113,114,114,115,116,117,117,118,119,120,121,122,122,123,124,125,126,127,128,129,130,131,132,134,135,136,137,138,140,141,142,144,145,147,148,150,152,154,156,157,160,162,164,166,169,171,174,177,180,184,187,191,196,200,205,211,218,225,233,244
Heavy-Tailed,1.2,3,4,784,0,1.0,2.1316043490993968,159.49416813833304,2.6672601275690764,0.4691302119094006,2.381507089209343,1,1,1,1,1,1,1,1,1,1,1,1,1,1,1,1,1,1,1,1,1,1,1,1,1,1,1,1,1,1,1,1,1,1,1,1,1,1,1,1,1,1,2,2,2,2,2,2,2,3,3,3,3,3,3,4,4,4,4,5,5,5,5,6,6,6,7,7,8,8,9,10,10,11,12,13,14,15,16,17,19,19,20,20,20,21,21,21,22,22,22,23,23,24,24,25,25,26,26,27,27,28,28,29,29,30,30,31,32,32,33,34,34,35,36,37,37,38,39,40,41,42,43,44,45,46,48,49,50,52,53,55,56,58,60,62,64,66,68,70,73,76,79,82,86,90,91,91,92,92,92,93,93,94,94,95,95,96,96,97,97,98,98,99,99,100,101,101,102,102,103,103,104,105,105,106,107,107,108,109,109,110,111,112,112,113,114,115,116,116,117,118,119,120,121,122,123,124,125,126,127,128,129,130,131,132,133,135,136,137,139,140,142,143,145,146,148,150,152,153,155,157,160,162,164,167,170,173,176,179,182,186,190,194,199,204,210,216,224,232,243
Heavy-Tailed,1.2,4,4,784,0,1.0,2.328552946467759,159.85294587382492,2.759321316534727,0.4294512613582291,2.3868860991331013,1,1,1,1,1,1,1,1,1,1,1,1,1,1,1,1,1,1,1,1,1,1,1,1,1,1,1,1,1,1,1,1,1,1,1,1,1,1,2,2,2,2,2,2,2,2,2,3,3,3,3,3,3,3,3,4,4,4,4,5,5,5,6,6,6,7,7,8,8,9,9,10,11,12,12,13,14,16,17,18,20,20,20,21,21,21,22,22,23,23,23,24,24,25,25,26,26,27,27,28,28,29,29,30,30,31,32,32,33,34,34,35,36,37,37,38,39,40,41,42,43,44,45,46,47,48,49,51,52,53,55,56,58,59,61,63,65,67,69,72,74,77,80,83,87,91,92,92,93,93,93,94,94,95,95,96,96,97,97,98,98,99,99,100,101,101,102,102,103,103,104,105,105,106,107,107,108,109,109,110,111,111,112,113,113,114,115,116,117,117,118,119,120,121,122,123,124,125,126,127,128,129,130,131,132,133,135,136,137,138,140,141,143,144,146,147,149,151,153,155,157,159,161,163,165,168,170,173,176,179,183,186,190,195,199,204,210,217,224,233,243
Heavy-Tailed,1.2,5,4,784,0,1.0,2.201251002785137,156.1042721473996,2.718385821602856,0.4542871297888101,2.404754780837991,1,1,1,1,1,1,1,1,1,1,1,1,1,1,1,1,1,1,1,1,1,1,1,1,1,1,1,1,1,1,1,1,1,1,1,1,1,1,1,1,1,2,2,2,2,2,2,2,3,3,3,3,3,4,4,4,4,4,5,5,5,6,6,6,7,7,7,8,8,9,9,10,11,11,12,13,14,16,17,18,20,20,20,21,21,21,22,22,23,23,23,24,24,25,25,25,26,26,27,27,28,28,29,29,30,30,31,32,32,33,34,34,35,36,36,37,38,39,39,40,41,42,43,44,45,46,47,49,50,51,52,54,55,57,59,60,62,64,66,69,71,74,77,80,84,87,88,88,89,89,89,90,90,91,91,92,92,93,93,94,94,95,95,96,96,97,97,98,98,99,100,100,101,101,102,103,103,104,104,105,106,106,107,108,109,109,110,111,112,112,113,114,115,116,117,117,118,119,120,121,122,123,124,126,127,128,129,130,132,133,134,136,137,138,140,142,143,145,147,149,151,153,155,157,160,162,165,168,170,174,177,181,185,189,194,199,205,212,219,228,238
Heavy-Tailed,1.2,6,4,784,0,1.0,2.1169489155944254,158.6893363818053,2.6491569531223713,0.4723779551946375,2.3861409624832004,1,1,1,1,1,1,1,1,1,1,1,1,1,1,1,1,1,1,1,1,1,1,1,1,1,1,1,1,1,1,1,1,1,1,1,1,1,1,1,1,1,1,1,2,2,2,2,2,2,2,3,3,3,3,3,4,4,4,4,4,5,5,5,6,6,6,7,7,7,8,9,9,10,11,12,13,14,15,16,18,19,19,20,20,20,21,21,22,22,22,23,23,24,24,24,25,25,26,26,27,27,28,28,29,29,30,31,31,32,33,33,34,35,35,36,37,38,39,39,40,41,42,43,44,45,46,47,49,50,51,53,54,55,57,59,61,63,65,67,69,72,74,78,81,85,89,89,90,90,90,91,91,92,92,93,93,94,94,95,95,96,96,97,97,98,98,99,100,100,101,101,102,103,103,104,105,105,106,107,107,108,109,109,110,111,112,113,113,114,115,116,117,118,119,120,120,121,122,123,124,126,127,128,129,130,131,133,134,135,137,138,140,141,143,144,146,148,149,151,153,155,157,159,162,164,167,169,172,175,178,182,185,189,193,198,203,209,215,222,231,241
Heavy-Tailed,1.2,7,4,784,0,1.0,2.0615657462544927,155.09616652752112,2.570989578851258,0.48506820692807223,2.396600847458269,1,1,1,1,1,1,1,1,1,1,1,1,1,1,1,1,1,1,1,1,1,1,1,1,1,1,1,1,1,1,1,1,1,1,1,1,1,1,1,1,1,1,1,1,2,2,2,2,2,2,2,3,3,3,3,3,3,4,4,4,4,4,5,5,5,6,6,6,7,7,8,8,9,10,10,11,12,13,15,16,17,18,18,18,19,19,19,20,20,21,21,21,22,22,23,23,24,24,25,25,25,26,26,27,28,28,29,29,30,31,31,32,33,33,34,35,36,36,37,38,39,40,41,42,43,44,45,46,47,49,50,51,53,54,56,58,60,62,64,66,69,71,74,78,81,85,86,86,87,87,88,88,89,89,90,90,90,91,91,92,93,93,94,94,95,95,96,96,97,97,98,99,99,100,101,101,102,102,103,104,104,105,106,107,107,108,109,110,110,111,112,113,114,115,116,117,118,119,120,121,122,123,124,125,126,127,129,130,131,132,134,135,137,138,140,141,143,145,147,149,151,153,155,157,159,162,165,168,170,174,177,181,185,189,194,199,205,211,219,228,238
Heavy-Tailed,1.2,8,4,784,0,1.0,2.284630283571533,158.09086821816683,2.7647759120585635,0.4377075832316785,2.391627436955979,1,1,1,1,1,1,1,1,1,1,1,1,1,1,1,1,1,1,1,1,1,1,1,1,1,1,1,1,1,1,1,1,1,1,1,1,1,1,1,2,2,2,2,2,2,2,2,3,3,3,3,3,3,4,4,4,4,5,5,5,5,6,6,6,7,7,7,8,8,9,10,10,11,12,13,14,15,16,17,19,20,21,21,21,22,22,22,23,23,24,24,24,25,25,26,26,27,27,28,28,29,29,30,30,31,32,32,33,33,34,35,35,36,37,38,38,39,40,41,42,43,44,45,46,47,48,49,50,52,53,54,56,57,59,61,62,64,66,68,71,73,76,79,82,86,90,90,91,91,91,92,92,93,93,94,94,95,95,95,96,96,97,97,98,99,99,100,100,101,101,102,103,103,104,104,105,106,106,107,108,108,109,110,110,111,112,113,113,114,115,116,117,118,119,119,120,121,122,123,124,125,126,127,128,130,131,132,133,134,136,137,138,140,141,143,144,146,148,150,151,153,155,158,160,162,165,167,170,173,176,180,183,187,191,196,201,207,213,220,229,239
Heavy-Tailed,1.2,9,4,784,0,1.0,1.8819716721815871,157.64461065483516,2.4447208885135066,0.5313576260373766,2.369923518262402,1,1,1,1,1,1,1,1,1,1,1,1,1,1,1,1,1,1,1,1,1,1,1,1,1,1,1,1,1,1,1,1,1,1,1,1,1,1,1,1,1,1,1,1,1,1,1,1,1,2,2,2,2,2,2,2,3,3,3,3,4,4,4,4,5,5,6,6,7,7,8,8,9,10,10,11,12,13,14,16,17,17,18,18,18,19,19,19,20,20,20,21,21,21,22,22,23,23,23,24,24,25,25,26,26,27,27,28,29,29,30,30,31,32,33,33,34,35,36,37,38,39,40,41,42,43,44,45,46,48,49,51,52,54,56,57,59,61,64,66,69,71,75,78,82,86,86,87,87,88,88,89,89,90,90,91,91,92,92,93,93,94,94,95,96,96,97,97,98,99,99,100,100,101,102,102,103,104,104,105,106,107,107,108,109,110,110,111,112,113,114,115,116,116,117,118,119,120,121,122,123,124,126,127,128,129,130,132,133,134,136,137,139,140,142,143,145,147,149,151,153,155,157,159,161,164,167,170,173,176,179,183,187,191,196,201,207,214,221,230,241
Heavy-Tailed,1.2,10,4,784,0,1.0,1.97325411914803,154.0080799060143,2.510738299052872,0.5067770999671137,2.3799311421945255,1,1,1,1,1,1,1,1,1,1,1,1,1,1,1,1,1,1,1,1,1,1,1,1,1,1,1,1,1,1,1,1,1,1,1,1,1,1,1,1,1,1,1,1,1,1,2,2,2,2,2,2,2,2,3,3,3,3,4,4,4,4,4,5,5,6,6,6,7,7,8,8,9,10,11,11,12,13,14,16,17,17,18,18,18,19,19,19,20,20,20,21,21,22,22,22,23,23,24,24,25,25,26,26,27,27,28,28,29,30,30,31,31,32,33,34,34,35,36,37,38,38,39,40,41,42,43,45,46,47,48,50,51,53,54,56,58,60,62,65,67,70,73,76,80,83,84,84,85,85,86,86,86,87,87,88,88,89,89,90,90,91,91,92,92,93,93,94,95,95,96,96,97,98,98,99,99,100,101,101,102,103,103,104,105,106,106,107,108,109,110,111,111,112,113,114,115,116,117,118,119,120,121,123,124,125,126,127,129,130,131,133,134,136,137,139,141,142,144,146,148,150,152,155,157,160,162,165,168,171,175,179,183,187,192,197,203,210,217,226,237
Heavy-Tailed,1.2,11,4,784,0,1.0,1.8647168354827564,154.65699619486585,2.4121547381791992,0.5362744524913939,2.3677018808918033,1,1,1,1,1,1,1,1,1,1,1,1,1,1,1,1,1,1,1,1,1,1,1,1,1,1,1,1,1,1,1,1,1,1,1,1,1,1,1,1,1,1,1,1,1,1,1,1,1,2,2,2,2,2,2,3,3,3,3,3,4,4,4,4,5,5,5,6,6,7,7,8,8,9,10,11,11,12,13,15,16,16,16,17,17,17,18,18,18,19,19,19,20,20,21,21,21,22,22,23,23,23,24,24,25,25,26,27,27,28,28,29,30,30,31,32,33,33,34,35,36,37,38,39,40,41,42,43,44,46,47,48,50,52,53,55,57,59,62,64,67,70,73,76,80,84,84,85,85,86,86,87,87,88,88,88,89,89,90,90,91,91,92,93,93,94,94,95,95,96,97,97,98,98,99,100,100,101,102,102,103,104,104,105,106,107,107,108,109,110,111,111,112,113,114,115,116,117,118,119,120,121,122,124,125,126,127,128,130,131,133,134,135,137,139,140,142,144,145,147,149,151,154,156,158,161,164,167,170,173,176,180,184,188,193,198,204,210,218,226,237
Heavy-Tailed,1.2,12,4,784,0,1.0,1.86539782213236,157.52270696627215,2.4170681255505566,0.5360786788401454,2.373605658886609,1,1,1,1,1,1,1,1,1,1,1,1,1,1,1,1,1,1,1,1,1,1,1,1,1,1,1,1,1,1,1,1,1,1,1,1,1,1,1,1,1,1,1,1,1,1,1,1,1,2,2,2,2,2,2,2,3,3,3,3,3,4,4,4,4,5,5,6,6,7,7,8,8,9,10,11,11,12,14,15,16,16,17,17,17,18,18,18,19,19,20,20,20,21,21,22,22,22,23,23,24,24,25,25,26,26,27,28,28,29,30,30,31,32,32,33,34,35,36,36,37,38,39,40,41,42,43,45,46,47,49,50,52,53,55,57,59,61,64,66,69,72,75,78,82,86,87,87,87,88,88,89,89,90,90,91,91,92,92,93,93,94,95,95,96,96,97,97,98,99,99,100,101,101,102,103,103,104,105,105,106,107,108,108,109,110,111,111,112,113,114,115,116,117,118,119,120,121,122,123,124,125,126,127,128,130,131,132,133,135,136,138,139,141,142,144,146,148,149,151,153,156,158,160,162,165,168,170,173,177,180,184,187,192,196,202,207,214,221,230,240
Heavy-Tailed,1.2,13,4,784,0,1.0,2.0202961916662785,158.93188282635717,2.5892154301041375,0.4949769267125286,2.373111628597938,1,1,1,1,1,1,1,1,1,1,1,1,1,1,1,1,1,1,1,1,1,1,1,1,1,1,1,1,1,1,1,1,1,1,1,1,1,1,1,1,1,1,1,1,1,2,2,2,2,2,2,3,3,3,3,3,3,4,4,4,5,5,5,5,6,6,6,7,7,8,9,9,10,11,11,12,13,15,16,17,19,19,19,20,20,20,21,21,21,22,22,23,23,24,24,24,25,25,26,26,27,27,28,28,29,30,30,31,32,32,33,34,34,35,36,37,37,38,39,40,41,42,43,44,45,46,47,48,50,51,52,54,55,57,59,60,62,64,67,69,72,74,77,81,84,88,89,89,90,90,91,91,91,92,92,93,93,94,94,95,95,96,96,97,98,98,99,99,100,100,101,101,102,103,103,104,105,105,106,107,107,108,109,109,110,111,112,113,113,114,115,116,117,118,119,120,121,122,122,123,125,126,127,128,129,130,131,133,134,135,137,138,139,141,143,144,146,148,150,152,154,156,158,160,163,165,168,171,174,177,180,184,188,192,197,202,208,214,222,231,241
Heavy-Tailed,1.2,14,4,784,0,1.0,1.9688326950590114,157.15834099473668,2.5188116949638597,0.5079151735490797,2.383884631335913,1,1,1,1,1,1,1,1,1,1,1,1,1,1,1,1,1,1,1,1,1,1,1,1,1,1,1,1,1,1,1,1,1,1,1,1,1,1,1,1,1,1,1,1,1,1,2,2,2,2,2,2,2,2,3,3,3,3,3,4,4,4,4,5,5,6,6,6,7,7,8,9,9,10,11,12,13,14,15,16,18,18,18,19,19,19,20,20,20,21,21,22,22,22,23,23,24,24,24,25,25,26,26,27,28,28,29,29,30,30,31,32,32,33,34,35,35,36,37,38,39,40,41,42,43,44,45,46,47,48,50,51,53,54,56,58,60,62,64,66,69,72,75,78,82,86,87,87,88,88,89,89,90,90,91,91,92,92,93,93,94,94,95,95,96,96,97,98,98,99,99,100,101,101,102,103,103,104,105,105,106,107,108,108,109,110,111,112,112,113,114,115,116,117,118,119,120,121,122,123,124,125,126,128,129,130,131,132,134,135,136,138,139,141,142,144,146,147,149,151,153,155,157,160,162,165,167,170,173,176,180,183,187,191,196,201,207,213,221,229,239
Heavy-Tailed,1.2,15,4,784,0,1.0,1.9604375149777322,159.92181933887355,2.5400580759831763,0.5100902183109665,2.3612564770520947,1,1,1,1,1,1,1,1,1,1,1,1,1,1,1,1,1,1,1,1,1,1,1,1,1,1,1,1,1,1,1,1,1,1,1,1,1,1,1,1,1,1,1,1,1,1,1,2,2,2,2,2,2,3,3,3,3,3,4,4,4,5,5,5,6,6,6,7,7,8,8,9,10,10,11,12,13,14,15,17,18,19,19,19,20,20,20,21,21,22,22,22,23,23,24,24,24,25,25,26,26,27,27,28,28,29,30,30,31,32,32,33,34,34,35,36,37,37,38,39,40,41,42,43,44,45,46,47,49,50,51,53,54,56,58,59,61,63,66,68,71,74,77,80,84,88,89,89,90,90,91,91,91,92,92,93,93,94,95,95,96,96,97,97,98,98,99,100,100,101,101,102,103,103,104,105,105,106,107,107,108,109,110,110,111,112,113,113,114,115,116,117,118,119,120,120,121,122,123,125,126,127,128,129,130,131,133,134,135,137,138,140,141,143,144,146,148,149,151,153,155,157,160,162,164,167,170,172,175,179,182,186,190,194,199,204,210,217,224,233,243
Heavy-Tailed,1.2,16,4,784,0,1.0,1.709473695051276,158.88595931614995,2.2854969437449646,0.5849753657484649,2.3586661106254634,1,1,1,1,1,1,1,1,1,1,1,1,1,1,1,1,1,1,1,1,1,1,1,1,1,1,1,1,1,1,1,1,1,1,1,1,1,1,1,1,1,1,1,1,1,1,1,1,1,1,1,1,1,1,2,2,2,2,3,3,3,3,4,4,4,4,5,5,6,6,7,8,8,9,10,10,11,13,14,15,16,17,17,17,18,18,18,19,19,19,20,20,20,21,21,22,22,23,23,23,24,24,25,25,26,27,27,28,28,29,30,30,31,32,32,33,34,35,36,36,37,38,39,40,41,42,43,45,46,47,48,50,52,53,55,57,59,61,63,65,68,71,74,77,81,85,85,86,86,86,87,87,88,88,89,89,90,90,91,91,92,92,93,93,94,95,95,96,96,97,98,98,99,99,100,101,101,102,103,104,104,105,106,107,107,108,109,110,111,111,112,113,114,115,116,117,118,119,120,121,122,123,124,125,127,128,129,130,132,133,134,136,137,139,141,142,144,146,148,150,152,154,156,159,161,164,167,170,173,176,179,183,187,191,196,202,207,214,222,231,241
Heavy-Tailed,1.2,17,4,784,0,1.0,1.9714318985007877,159.2715884253853,2.5415804686087466,0.5072455207610613,2.350249912662795,1,1,1,1,1,1,1,1,1,1,1,1,1,1,1,1,1,1,1,1,1,1,1,1,1,1,1,1,1,1,1,1,1,1,1,1,1,1,1,1,1,1,1,1,1,1,2,2,2,2,2,2,2,3,3,3,3,3,4,4,4,4,5,5,5,6,6,7,7,8,8,9,10,11,11,12,13,14,15,17,18,18,19,19,19,20,20,20,21,21,22,22,22,23,23,24,24,24,25,25,26,26,27,27,28,28,29,30,30,31,31,32,33,33,34,35,36,37,37,38,39,40,41,42,43,44,45,46,48,49,50,52,53,55,57,59,61,63,65,67,70,73,76,79,83,87,88,88,89,89,90,90,91,91,92,92,93,93,94,94,95,95,96,96,97,98,98,99,100,100,101,101,102,103,103,104,105,105,106,107,108,108,109,110,111,111,112,113,114,115,116,117,117,118,119,120,121,122,123,124,125,126,128,129,130,131,132,134,135,136,138,139,141,142,144,145,147,149,151,153,155,157,159,161,164,166,169,172,175,178,182,185,189,194,199,204,209,216,223,232,243
Heavy-Tailed,1.2,18,4,784,0,1.0,2.15517204110387,163.3527371357365,2.7153203535058514,0.4640000802385151,2.3655538661217426,1,1,1,1,1,1,1,1,1,1,1,1,1,1,1,1,1,1,1,1,1,1,1,1,1,1,1,1,1,1,1,1,1,1,1,1,1,1,1,1,1,1,2,2,2,2,2,2,2,3,3,3,3,3,4,4,4,4,5,5,5,5,6,6,6,7,7,8,8,9,10,11,11,12,13,14,15,17,18,19,21,21,22,22,22,23,23,24,24,24,25,25,26,26,27,27,28,28,29,29,30,30,31,31,32,33,33,34,35,35,36,37,37,38,39,40,40,41,42,43,44,45,46,47,48,49,50,51,53,54,55,57,58,60,62,64,66,68,70,72,75,78,81,85,88,93,93,94,94,94,95,95,96,96,97,97,98,98,99,99,100,100,101,102,102,103,103,104,104,105,106,106,107,108,108,109,110,110,111,112,112,113,114,115,115,116,117,118,119,119,120,121,122,123,124,125,126,127,128,129,130,131,132,133,135,136,137,138,140,141,142,144,145,147,148,150,151,153,155,157,159,161,163,166,168,171,173,176,179,182,185,189,193,197,202,207,213,220,227,236,246
Heavy-Tailed,1.2,19,4,784,0,1.0,2.001163479744572,161.7755690586405,2.6029003510749797,0.4997092991761171,2.3561196259063526,1,1,1,1,1,1,1,1,1,1,1,1,1,1,1,1,1,1,1,1,1,1,1,1,1,1,1,1,1,1,1,1,1,1,1,1,1,1,1,1,1,1,1,1,1,2,2,2,2,2,2,3,3,3,3,3,4,4,4,4,5,5,5,6,6,7,7,8,8,9,9,10,11,11,12,13,14,15,17,18,19,20,20,20,21,21,21,22,22,23,23,23,24,24,25,25,25,26,26,27,27,28,28,29,30,30,31,31,32,33,33,34,35,35,36,37,38,38,39,40,41,42,43,44,45,47,48,49,50,52,53,54,56,58,60,61,63,66,68,70,73,76,79,83,86,91,91,91,92,92,93,93,94,94,95,95,96,96,97,97,98,99,99,100,100,101,101,102,103,103,104,104,105,106,106,107,108,108,109,110,110,111,112,113,113,114,115,116,117,118,118,119,120,121,122,123,124,125,126,127,128,129,130,131,133,134,135,136,138,139,140,142,143,145,147,148,150,152,154,155,157,159,162,164,166,169,172,174,177,181,184,188,191,196,200,206,211,218,225,234,244
Heavy-Tailed,1.2,20,4,784,0,1.0,1.8384608162843568,162.0570349681604,2.4449508671966615,0.543933268059018,2.3617570837442226,1,1,1,1,1,1,1,1,1,1,1,1,1,1,1,1,1,1,1,1,1,1,1,1,1,1,1,1,1,1,1,1,1,1,1,1,1,1,1,1,1,1,1,1,1,1,1,1,1,1,2,2,2,2,2,2,3,3,3,3,4,4,4,5,5,5,6,6,7,7,8,9,10,10,11,12,13,14,15,17,18,19,19,19,20,20,20,21,21,21,22,22,23,23,23,24,24,25,25,26,26,27,27,28,28,29,29,30,31,31,32,33,33,34,35,36,36,37,38,39,40,41,42,43,44,45,46,47,49,50,51,53,55,56,58,60,62,64,66,69,71,74,77,81,84,89,89,90,90,91,91,92,92,93,93,94,94,95,95,96,96,97,97,98,99,99,100,100,101,102,102,103,103,104,105,105,106,107,108,108,109,110,111,111,112,113,114,114,115,116,117,118,119,120,121,122,123,124,125,126,127,128,129,131,132,133,134,136,137,139,140,141,143,145,146,148,150,151,153,155,157,160,162,164,167,169,172,175,178,181,184,188,192,196,201,206,212,219,226,235,245
Heavy-Tailed,1.2,0,5,784,0,1.0,2.973356835548208,158.83441416069718,3.2019151799816545,0.3363202115684264,2.508793061004253,1,1,1,1,1,1,1,1,1,1,1,1,1,1,1,1,1,1,1,1,1,1,1,1,1,1,1,1,1,2,2,2,2,2,2,2,3,3,3,3,3,4,4,4,4,4,5,5,5,5,6,6,6,7,7,7,8,8,8,9,9,10,10,11,11,12,13,13,14,15,16,17,17,18,20,21,22,23,25,26,28,28,28,29,29,30,30,30,31,31,32,32,32,33,33,34,34,35,35,36,36,37,37,38,38,39,40,40,41,41,42,43,44,44,45,46,47,47,48,49,50,51,52,53,54,55,56,57,59,60,61,63,64,66,67,69,71,73,75,77,79,82,85,88,91,95,95,96,96,97,97,97,98,98,99,99,100,100,101,101,101,102,102,103,103,104,105,105,106,106,107,107,108,108,109,110,110,111,111,112,113,113,114,115,115,116,117,117,118,119,120,120,121,122,123,124,125,125,126,127,128,129,130,131,132,133,134,135,137,138,139,140,142,143,145,146,148,149,151,152,154,156,158,160,162,164,167,169,172,175,178,181,185,189,193,198,203,209,216,224,233
Heavy-Tailed,1.2,1,5,784,0,1.0,2.7354432125946726,153.28279886895538,2.9425168405042514,0.3655714713417362,2.4505214769430594,1,1,1,1,1,1,1,1,1,1,1,1,1,1,1,1,1,1,1,1,1,1,1,1,1,1,1,1,1,1,1,1,2,2,2,2,2,2,2,2,2,3,3,3,3,3,3,3,4,4,4,4,4,4,4,5,5,5,5,6,6,6,7,7,8,8,8,9,9,10,11,11,12,13,14,15,16,17,18,20,21,22,22,22,23,23,23,24,24,25,25,25,26,26,27,27,28,28,29,29,30,30,31,31,32,32,33,34,34,35,36,36,37,38,38,39,40,41,42,43,44,44,45,47,48,49,50,51,52,54,55,57,58,60,61,63,65,67,69,71,74,76,79,82,86,89,90,90,91,91,92,92,92,93,93,94,94,95,95,96,96,97,97,97,98,98,99,100,100,101,101,102,102,103,103,104,105,105,106,106,107,108,108,109,110,110,111,112,113,113,114,115,116,116,117,118,119,120,121,122,123,124,125,126,127,128,129,130,131,133,134,135,137,138,140,141,143,144,146,148,150,152,154,156,158,160,163,165,168,171,174,177,181,185,190,194,200,206,213,221,231
Heavy-Tailed,1.2,2,5,784,0,1.0,2.469200641460665,155.68898398441772,2.8447012334210418,0.40498936506368566,2.4513736387395015,1,1,1,1,1,1,1,1,1,1,1,1,1,1,1,1,1,1,1,1,1,1,1,1,1,1,1,1,1,1,1,1,1,1,1,1,2,2,2,2,2,2,2,2,3,3,3,3,3,3,3,4,4,4,4,4,4,5,5,5,5,6,6,6,7,7,8,8,9,9,10,11,11,12,13,14,15,16,18,19,21,21,22,22,23,23,23,24,24,25,25,26,26,26,27,27,28,28,29,30,30,31,31,32,32,33,34,34,35,36,37,37,38,39,40,40,41,42,43,44,45,46,47,48,49,50,52,53,54,55,57,58,60,62,63,65,67,69,71,73,76,78,81,84,88,91,92,92,93,93,94,94,94,95,95,96,96,97,97,98,98,99,99,100,100,101,101,102,102,103,103,104,104,105,106,106,107,107,108,109,109,110,111,111,112,113,113,114,115,116,116,117,118,119,119,120,121,122,123,124,125,126,127,128,129,130,131,132,134,135,136,137,139,140,142,143,144,146,148,149,151,153,155,157,159,162,164,167,169,172,175,179,182,186,190,195,200,206,213,221,231
Heavy-Tailed,1.2,3,5,784,0,1.0,2.2552520328069847,153.54759242353379,2.7327985311571314,0.4434094218531117,2.4368531351642675,1,1,1,1,1,1,1,1,1,1,1,1,1,1,1,1,1,1,1,1,1,1,1,1,1,1,1,1,1,1,1,1,1,1,1,1,1,1,1,1,2,2,2,2,2,2,3,3,3,3,3,3,3,4,4,4,4,4,5,5,5,5,6,6,6,7,7,7,8,9,9,10,10,11,12,13,14,15,16,18,19,20,20,20,21,21,22,22,22,23,23,24,24,24,25,25,26,26,27,27,28,28,29,29,30,31,31,32,32,33,34,35,35,36,37,38,38,39,40,41,42,43,44,45,46,47,48,50,51,52,54,55,57,58,60,62,63,65,67,70,72,75,78,81,84,88,88,89,89,90,90,90,91,91,92,92,93,93,94,94,95,95,96,96,97,97,98,98,99,99,100,100,101,101,102,102,103,104,104,105,106,106,107,107,108,109,110,110,111,112,113,113,114,115,116,117,118,119,120,120,121,122,124,125,126,127,128,129,130,132,133,134,136,137,138,140,141,143,145,147,149,150,153,155,157,159,162,165,167,170,173,177,180,185,189,194,199,206,213,221,231
Heavy-Tailed,1.2,4,5,784,0,1.0,2.3412514434036718,154.65226977264425,2.764696055396911,0.42712200042308013,2.439755460910364,1,1,1,1,1,1,1,1,1,1,1,1,1,1,1,1,1,1,1,1,1,1,1,1,1,1,1,1,1,1,1,1,1,1,1,1,1,1,2,2,2,2,2,2,2,2,2,3,3,3,3,3,3,4,4,4,4,4,4,5,5,5,6,6,6,7,7,7,8,9,9,10,11,12,13,14,15,16,17,19,20,21,21,21,22,22,23,23,23,24,24,25,25,25,26,26,27,27,28,28,29,29,30,30,31,31,32,33,33,34,35,35,36,37,38,38,39,40,41,42,43,44,45,46,47,48,49,50,52,53,55,56,58,59,61,63,65,67,69,71,74,77,79,83,86,90,90,91,91,92,92,92,93,93,94,94,95,95,96,96,97,97,98,98,99,99,100,100,101,101,102,102,103,104,104,105,105,106,107,107,108,109,109,110,111,111,112,113,114,114,115,116,117,118,118,119,120,121,122,123,124,125,126,127,128,129,130,131,132,134,135,136,138,139,140,142,143,145,147,148,150,152,154,156,158,160,163,165,168,171,174,178,181,185,189,194,200,206,213,221,230
Heavy-Tailed,1.2,5,5,784,0,1.0,2.5838032839361236,151.15594168118125,2.876144250738021,0.3870263677645832,2.4535298352341277,1,1,1,1,1,1,1,1,1,1,1,1,1,1,1,1,1,1,1,1,1,1,1,1,1,1,1,1,1,1,1,1,1,1,2,2,2,2,2,2,2,2,2,3,3,3,3,3,3,3,3,4,4,4,4,5,5,5,5,6,6,6,6,7,7,7,8,8,9,9,10,11,11,12,13,14,15,16,18,19,21,21,22,22,22,23,23,24,24,24,25,25,26,26,27,27,27,28,28,29,29,30,31,31,32,32,33,33,34,35,35,36,37,37,38,39,40,40,41,42,43,44,45,46,47,48,49,50,51,52,54,55,57,58,60,62,63,65,67,70,72,74,77,80,84,87,88,88,88,89,89,90,90,90,91,91,92,92,93,93,94,94,95,95,96,96,97,97,98,98,99,99,100,100,101,101,102,103,103,104,104,105,106,106,107,108,108,109,110,110,111,112,113,114,114,115,116,117,118,119,120,121,122,123,124,125,126,127,128,129,131,132,133,135,136,138,139,141,142,144,146,148,150,152,154,156,159,161,164,167,170,173,177,181,185,190,195,201,209,217,227
Heavy-Tailed,1.2,6,5,784,0,1.0,2.246727304315396,152.91492752915218,2.7103361226857525,0.4450918445150208,2.4448610166132974,1,1,1,1,1,1,1,1,1,1,1,1,1,1,1,1,1,1,1,1,1,1,1,1,1,1,1,1,1,1,1,1,1,1,1,1,1,1,1,1,2,2,2,2,2,2,2,2,3,3,3,3,3,3,4,4,4,4,4,4,5,5,5,6,6,6,7,7,8,8,9,9,10,11,12,13,14,15,17,18,20,20,20,21,21,21,22,22,23,23,23,24,24,25,25,26,26,27,27,28,28,29,29,30,30,31,31,32,33,33,34,34,35,36,37,37,38,39,40,41,41,42,43,44,45,46,47,49,50,51,53,54,55,57,59,60,62,64,66,69,71,74,77,80,83,87,88,88,88,89,89,90,90,91,91,92,92,92,93,93,94,94,95,95,96,96,97,97,98,98,99,100,100,101,101,102,103,103,104,104,105,106,106,107,108,108,109,110,111,111,112,113,114,115,115,116,117,118,119,120,121,122,123,124,125,126,127,129,130,131,132,134,135,136,138,139,141,143,144,146,148,150,152,154,156,159,161,164,167,170,173,177,180,185,189,194,199,205,212,220,230
Heavy-Tailed,1.2,7,5,784,0,1.0,2.2208909826470773,149.905891635806,2.65539639905879,0.45026973760238387,2.455772644007143,1,1,1,1,1,1,1,1,1,1,1,1,1,1,1,1,1,1,1,1,1,1,1,1,1,1,1,1,1,1,1,1,1,1,1,1,1,1,1,1,1,2,2,2,2,2,2,2,2,3,3,3,3,3,3,3,4,4,4,4,4,4,5,5,5,6,6,7,7,8,8,9,9,10,11,12,13,14,15,17,18,19,19,19,20,20,20,21,21,21,22,22,23,23,23,24,24,25,25,26,26,27,27,28,29,29,30,30,31,32,32,33,34,34,35,36,37,38,38,39,40,41,42,43,44,45,46,47,49,50,51,53,54,56,58,59,61,63,65,67,70,72,75,78,82,86,86,86,87,87,88,88,88,89,89,90,90,91,91,92,92,92,93,93,94,94,95,95,96,97,97,98,98,99,99,100,101,101,102,102,103,104,104,105,106,106,107,108,109,109,110,111,112,113,113,114,115,116,117,118,119,120,121,122,123,124,125,127,128,129,130,132,133,134,136,137,139,140,142,144,145,147,149,151,153,156,158,161,163,166,169,172,176,180,184,189,194,200,207,215,224
Heavy-Tailed,1.2,8,5,784,0,1.0,2.2392887356995548,153.16142523208092,2.700002829543656,0.4465703703402052,2.4363658162430726,1,1,1,1,1,1,1,1,1,1,1,1,1,1,1,1,1,1,1,1,1,1,1,1,1,1,1,1,1,1,1,1,1,1,1,1,1,1,1,1,2,2,2,2,2,2,2,2,2,3,3,3,3,3,3,4,4,4,4,5,5,5,5,6,6,6,7,7,8,8,9,9,10,11,12,13,14,15,16,17,19,19,20,20,20,21,21,21,22,22,23,23,23,24,24,25,25,26,26,27,27,28,28,29,29,30,31,31,32,33,33,34,35,35,36,37,38,39,40,40,41,42,43,44,45,46,48,49,50,52,53,55,56,58,60,61,63,66,68,70,73,75,78,81,85,89,89,89,90,90,91,91,92,92,93,93,93,94,94,95,95,96,96,97,97,98,98,99,99,100,101,101,102,102,103,103,104,105,105,106,107,107,108,109,109,110,111,111,112,113,114,114,115,116,117,118,119,119,120,121,122,123,124,125,126,127,128,130,131,132,133,135,136,137,139,140,142,144,145,147,149,151,153,155,157,159,161,164,167,170,173,176,180,183,188,193,198,204,211,219,228
Heavy-Tailed,1.2,9,5,784,0,1.0,1.7446152354185942,149.74170393595182,2.2603302162483407,0.5731922888774182,2.404834556409717,1,1,1,1,1,1,1,1,1,1,1,1,1,1,1,1,1,1,1,1,1,1,1,1,1,1,1,1,1,1,1,1,1,1,1,1,1,1,1,1,1,1,1,1,1,1,1,1,1,1,1,1,1,2,2,2,2,2,2,3,3,3,3,3,4,4,4,5,5,6,6,6,7,8,8,9,10,11,11,13,14,14,14,15,15,15,15,16,16,16,17,17,18,18,18,19,19,20,20,21,21,22,22,23,23,24,24,25,25,26,27,27,28,29,29,30,31,32,33,33,34,35,36,37,38,40,41,42,43,44,46,47,49,51,52,54,56,58,61,63,65,68,71,74,78,82,82,83,83,84,84,84,85,85,86,86,87,87,88,88,89,89,89,90,91,91,92,92,93,93,94,94,95,95,96,97,97,98,99,99,100,100,101,102,103,103,104,105,105,106,107,108,109,109,110,111,112,113,114,115,116,117,118,119,120,121,122,124,125,126,127,128,130,131,133,134,136,137,139,141,143,144,146,149,151,153,155,158,161,164,167,171,174,179,183,188,194,200,207,215,225
Heavy-Tailed,1.2,10,5,784,0,1.0,2.0850013875427575,149.23112689685846,2.5654498168713062,0.47961598777568815,2.426158448408551,1,1,1,1,1,1,1,1,1,1,1,1,1,1,1,1,1,1,1,1,1,1,1,1,1,1,1,1,1,1,1,1,1,1,1,1,1,1,1,1,1,1,1,2,2,2,2,2,2,2,2,2,2,3,3,3,3,3,4,4,4,4,5,5,5,6,6,6,7,7,8,8,9,10,11,11,12,13,14,16,17,17,18,18,18,19,19,19,20,20,20,21,21,22,22,22,23,23,24,24,25,25,26,26,27,27,28,28,29,30,30,31,32,32,33,34,34,35,36,37,38,39,40,41,42,43,44,45,46,48,49,50,52,54,55,57,59,61,63,65,68,70,73,76,80,84,84,84,85,85,86,86,86,87,87,88,88,89,89,90,90,91,91,92,92,93,93,94,94,95,95,96,96,97,98,98,99,99,100,101,101,102,103,103,104,105,105,106,107,108,108,109,110,111,112,112,113,114,115,116,117,118,119,120,121,122,123,124,126,127,128,129,131,132,134,135,137,138,140,142,144,146,148,150,152,154,157,159,162,165,168,171,175,179,183,188,193,199,206,215,224
Heavy-Tailed,1.2,11,5,784,0,1.0,1.9197622253343645,146.94974884979888,2.4150194829205773,0.5208978418282141,2.404755313747756,1,1,1,1,1,1,1,1,1,1,1,1,1,1,1,1,1,1,1,1,1,1,1,1,1,1,1,1,1,1,1,1,1,1,1,1,1,1,1,1,1,1,1,1,1,1,1,1,2,2,2,2,2,2,2,3,3,3,3,3,3,4,4,4,4,5,5,5,6,6,7,7,8,8,9,10,11,11,12,14,15,15,15,16,16,16,16,17,17,17,18,18,19,19,19,20,20,21,21,21,22,22,23,23,24,24,25,25,26,26,27,28,28,29,30,30,31,32,33,34,35,35,36,37,38,39,41,42,43,44,46,47,49,50,52,54,56,58,60,62,64,67,70,73,77,80,81,81,82,82,82,83,83,84,84,85,85,86,86,87,87,88,88,89,89,90,90,91,91,92,92,93,94,94,95,95,96,97,97,98,98,99,100,100,101,102,103,103,104,105,106,106,107,108,109,110,111,112,113,114,115,116,117,118,119,120,121,122,124,125,126,127,129,130,132,133,135,136,138,140,142,144,146,148,150,152,155,157,160,163,166,169,173,177,181,186,191,197,204,213,222
Heavy-Tailed,1.2,12,5,784,0,1.0,1.8277424007981236,151.08430146755074,2.361076965995291,0.5471230516747482,2.408520679657704,1,1,1,1,1,1,1,1,1,1,1,1,1,1,1,1,1,1,1,1,1,1,1,1,1,1,1,1,1,1,1,1,1,1,1,1,1,1,1,1,1,1,1,1,1,1,1,1,1,1,2,2,2,2,2,2,2,3,3,3,3,4,4,4,4,4,5,5,6,6,7,7,8,8,9,10,11,12,13,14,15,16,16,16,17,17,17,18,18,18,19,19,19,20,20,21,21,22,22,22,23,23,24,24,25,26,26,27,27,28,29,29,30,31,31,32,33,34,35,36,37,38,39,40,41,42,43,44,45,46,48,49,51,52,54,56,57,59,61,64,66,69,72,75,78,82,83,83,84,84,85,85,85,86,86,87,87,88,88,89,89,90,90,91,91,92,93,93,94,94,95,95,96,97,97,98,98,99,100,100,101,102,102,103,104,105,105,106,107,108,109,109,110,111,112,113,114,115,116,117,118,119,120,121,122,123,125,126,127,128,130,131,132,134,135,137,138,140,142,144,146,148,150,152,154,156,159,162,164,167,171,174,178,182,186,191,196,202,209,217,227
Heavy-Tailed,1.2,13,5,784,0,1.0,2.0184011128134336,154.52983331609528,2.575076912291428,0.4954416610512605,2.4123499919388682,1,1,1,1,1,1,1,1,1,1,1,1,1,1,1,1,1,1,1,1,1,1,1,1,1,1,1,1,1,1,1,1,1,1,1,1,1,1,1,1,1,1,1,1,1,2,2,2,2,2,2,2,3,3,3,3,3,4,4,4,4,4,5,5,5,6,6,7,7,8,8,9,10,11,11,12,13,15,16,17,19,19,19,20,20,20,21,21,22,22,22,23,23,24,24,25,25,26,26,27,27,28,28,29,29,30,30,31,32,32,33,34,34,35,36,37,38,38,39,40,41,42,43,44,45,46,48,49,50,51,53,54,56,57,59,61,63,65,67,69,72,74,77,80,84,88,88,88,89,89,90,90,91,91,91,92,92,93,93,94,94,95,95,96,96,97,97,98,98,99,99,100,100,101,102,102,103,103,104,105,105,106,107,107,108,109,109,110,111,112,113,113,114,115,116,117,118,118,119,120,121,122,123,124,125,126,128,129,130,131,132,134,135,136,138,139,141,142,144,146,148,150,152,154,156,158,161,163,166,169,172,176,179,183,188,193,198,204,211,220,229
Heavy-Tailed,1.2,14,5,784,0,1.0,1.9556532536099658,151.02017044656094,2.47999592247562,0.5113380903051638,2.4168888547491574,1,1,1,1,1,1,1,1,1,1,1,1,1,1,1,1,1,1,1,1,1,1,1,1,1,1,1,1,1,1,1,1,1,1,1,1,1,1,1,1,1,1,1,1,1,1,1,2,2,2,2,2,2,2,3,3,3,3,3,4,4,4,4,4,5,5,6,6,6,7,7,8,8,9,10,11,12,13,14,15,16,17,17,17,18,18,18,19,19,19,20,20,21,21,21,22,22,23,23,24,24,25,25,26,26,27,27,28,28,29,30,30,31,32,32,33,34,35,35,36,37,38,39,40,41,42,44,45,46,47,49,50,52,53,55,57,59,61,63,65,68,70,73,76,80,84,84,84,85,85,86,86,87,87,87,88,88,89,89,90,90,91,91,92,92,93,93,94,94,95,96,96,97,97,98,99,99,100,101,101,102,103,103,104,105,105,106,107,108,109,109,110,111,112,113,114,115,115,116,117,118,119,120,122,123,124,125,126,127,129,130,131,133,134,136,137,139,141,142,144,146,148,150,152,155,157,160,162,165,168,171,175,178,182,187,192,197,203,210,218,228
Heavy-Tailed,1.2,15,5,784,0,1.0,1.9461330225319953,153.807798923335,2.5052361148836018,0.5138394901181836,2.4000337770927223,1,1,1,1,1,1,1,1,1,1,1,1,1,1,1,1,1,1,1,1,1,1,1,1,1,1,1,1,1,1,1,1,1,1,1,1,1,1,1,1,1,1,1,1,1,1,1,2,2,2,2,2,2,3,3,3,3,3,3,4,4,4,4,5,5,5,6,6,7,7,8,9,9,10,11,12,13,14,15,16,18,18,18,19,19,19,20,20,21,21,21,22,22,23,23,23,24,24,25,25,26,26,27,27,28,28,29,30,30,31,31,32,33,34,34,35,36,37,37,38,39,40,41,42,43,44,45,47,48,49,50,52,53,55,56,58,60,62,64,66,69,72,75,78,81,85,86,86,86,87,87,88,88,89,89,90,90,90,91,91,92,92,93,93,94,94,95,95,96,97,97,98,98,99,99,100,101,101,102,103,103,104,105,105,106,107,108,108,109,110,111,112,112,113,114,115,116,117,118,119,120,121,122,123,124,125,126,128,129,130,131,133,134,136,137,139,140,142,144,145,147,149,151,154,156,158,161,163,166,169,173,176,180,184,189,194,199,206,213,221,231
Heavy-Tailed,1.2,16,5,784,0,1.0,1.8837124379307537,152.30498588516954,2.4517782307304192,0.5308665908149408,2.4038075096954348,1,1,1,1,1,1,1,1,1,1,1,1,1,1,1,1,1,1,1,1,1,1,1,1,1,1,1,1,1,1,1,1,1,1,1,1,1,1,1,1,1,1,1,1,1,1,1,1,1,2,2,2,2,2,3,3,3,3,3,4,4,4,4,4,5,5,6,6,6,7,8,8,9,10,10,11,12,13,15,16,17,18,18,18,19,19,19,20,20,20,21,21,22,22,22,23,23,24,24,25,25,26,26,27,27,28,28,29,29,30,31,31,32,33,33,34,35,36,37,37,38,39,40,41,42,43,44,45,47,48,49,51,52,54,55,57,59,61,63,65,68,70,73,76,80,84,84,84,85,85,86,86,87,87,87,88,88,89,89,90,90,91,91,92,92,93,93,94,95,95,96,96,97,98,98,99,100,100,101,101,102,103,103,104,105,106,106,107,108,109,110,110,111,112,113,114,115,116,117,118,119,120,121,122,123,124,125,126,128,129,130,132,133,134,136,137,139,141,142,144,146,148,150,152,154,156,159,161,164,167,170,173,177,181,185,190,196,202,209,217,228
Heavy-Tailed,1.2,17,5,784,0,1.0,1.8842805924214983,154.6395012034012,2.4612418036551764,0.530706522171889,2.38444461631863,1,1,1,1,1,1,1,1,1,1,1,1,1,1,1,1,1,1,1,1,1,1,1,1,1,1,1,1,1,1,1,1,1,1,1,1,1,1,1,1,1,1,1,1,1,1,1,1,1,2,2,2,2,2,2,3,3,3,3,3,4,4,4,5,5,5,6,6,7,7,8,8,9,10,11,11,12,14,15,16,18,18,18,19,19,19,20,20,21,21,21,22,22,23,23,24,24,24,25,25,26,26,27,28,28,29,29,30,30,31,32,32,33,34,34,35,36,37,38,39,40,41,42,43,44,45,46,47,48,50,51,52,54,56,57,59,61,63,65,67,70,72,75,78,82,85,86,86,87,87,87,88,88,89,89,90,90,90,91,91,92,92,93,93,94,94,95,95,96,96,97,98,98,99,99,100,100,101,102,102,103,104,104,105,106,106,107,108,109,109,110,111,112,113,114,114,115,116,117,118,119,120,121,122,124,125,126,127,128,130,131,132,134,135,137,138,140,142,144,145,147,149,152,154,156,158,161,164,166,169,173,176,180,184,188,194,199,205,213,221,231
Heavy-Tailed,1.2,18,5,784,0,1.0,2.129069794900199,157.82183372841698,2.6636399815480947,0.469688688644834,2.3921193984441276,1,1,1,1,1,1,1,1,1,1,1,1,1,1,1,1,1,1,1,1,1,1,1,1,1,1,1,1,1,1,1,1,1,1,1,1,1,1,1,1,1,1,2,2,2,2,2,2,2,3,3,3,3,3,4,4,4,4,4,5,5,5,5,6,6,6,7,7,8,8,9,9,10,11,12,13,14,15,16,17,19,19,20,20,20,21,21,21,22,22,23,23,24,24,24,25,25,26,26,27,27,28,29,29,30,30,31,32,32,33,34,34,35,36,36,37,38,39,40,41,42,43,44,45,46,47,48,49,51,52,53,55,57,58,60,62,64,66,68,71,73,76,79,82,86,90,90,91,91,92,92,93,93,94,94,95,95,96,96,97,97,98,98,99,99,100,100,101,101,102,103,103,104,104,105,106,106,107,108,109,109,110,111,111,112,113,114,114,115,116,117,118,119,119,120,121,122,123,124,125,126,127,128,129,131,132,133,134,135,137,138,139,141,142,144,145,147,149,150,152,154,156,158,160,163,165,168,170,173,176,179,183,187,191,195,200,206,212,219,227,237
Heavy-Tailed,1.2,19,5,784,0,1.0,2.0015972124086683,156.51134197579498,2.5696242833357266,0.4996010155293067,2.3886007032355403,1,1,1,1,1,1,1,1,1,1,1,1,1,1,1,1,1,1,1,1,1,1,1,1,1,1,1,1,1,1,1,1,1,1,1,1,1,1,1,1,1,1,1,1,1,2,2,2,2,2,2,2,2,3,3,3,3,4,4,4,4,5,5,5,6,6,7,7,7,8,9,9,10,11,11,12,13,14,16,17,18,19,19,19,19,20,20,21,21,21,22,22,23,23,23,24,24,25,25,26,26,27,27,28,29,29,30,30,31,32,32,33,34,34,35,36,37,37,38,39,40,41,42,43,44,45,47,48,49,51,52,53,55,57,58,60,62,64,67,69,72,74,77,81,84,88,89,89,90,90,90,91,91,92,92,93,93,94,94,95,95,96,96,97,97,98,98,99,99,100,100,101,102,102,103,103,104,105,105,106,107,107,108,109,109,110,111,112,113,113,114,115,116,117,118,119,120,121,122,123,124,125,126,127,128,129,130,132,133,134,135,137,138,140,141,143,144,146,148,149,151,153,155,158,160,162,165,167,170,173,176,180,184,188,192,197,203,209,216,224,234
Heavy-Tailed,1.2,20,5,784,0,1.0,1.7994618061955971,155.5314168476267,2.3556841240067463,0.5557217144353785,2.391046601500845,1,1,1,1,1,1,1,1,1,1,1,1,1,1,1,1,1,1,1,1,1,1,1,1,1,1,1,1,1,1,1,1,1,1,1,1,1,1,1,1,1,1,1,1,1,1,1,1,1,1,1,2,2,2,2,2,2,2,3,3,3,3,4,4,4,4,5,5,6,6,6,7,8,9,10,11,12,13,14,15,16,17,17,17,18,18,18,19,19,19,20,20,21,21,22,22,23,23,23,24,24,25,26,26,27,27,28,28,29,30,30,31,32,33,33,34,35,36,37,38,38,39,40,42,43,44,45,46,48,49,50,52,53,55,57,58,60,62,64,67,69,72,75,78,82,86,86,86,87,87,88,88,89,89,90,90,90,91,91,92,92,93,93,94,95,95,96,96,97,97,98,98,99,100,100,101,102,102,103,104,104,105,106,106,107,108,108,109,110,111,112,112,113,114,115,116,117,118,119,120,121,122,123,124,125,126,128,129,130,131,133,134,136,137,139,140,142,143,145,147,149,151,153,155,158,160,163,165,168,171,174,178,182,186,190,195,200,207,214,222,232
Heavy-Tailed,1.2,0,6,784,0,1.0,2.845251276020697,157.13520320543344,3.1648983065099077,0.3514628069681694,2.523447437801917,1,1,1,1,1,1,1,1,1,1,1,1,1,1,1,1,1,1,1,1,1,1,1,1,1,1,1,1,1,1,1,2,2,2,2,2,2,3,3,3,3,3,4,4,4,4,4,5,5,5,6,6,6,7,7,7,8,8,8,9,9,10,10,11,11,12,13,13,14,14,15,16,17,18,19,20,22,23,24,26,28,28,28,29,29,30,30,30,31,31,32,32,32,33,33,34,34,35,35,36,36,37,37,38,38,39,40,40,41,41,42,43,43,44,45,45,46,47,48,48,49,50,51,52,53,54,55,56,58,59,60,62,63,65,66,68,70,72,74,76,78,81,84,87,90,94,94,94,95,95,96,96,96,97,97,98,98,99,99,100,100,100,101,101,102,102,103,103,104,105,105,106,106,107,107,108,108,109,110,110,111,112,112,113,114,114,115,116,116,117,118,119,119,120,121,122,123,124,124,125,126,127,128,129,130,131,133,134,135,136,137,139,140,141,143,144,146,147,149,151,152,154,156,158,160,163,165,168,170,173,176,180,183,187,192,196,201,207,214,222,231
Heavy-Tailed,1.2,1,6,784,0,1.0,2.7405350160742947,150.10050888824492,2.9051771209142,0.36489225429874617,2.452020932125401,1,1,1,1,1,1,1,1,1,1,1,1,1,1,1,1,1,1,1,1,1,1,1,1,1,1,1,1,1,1,1,1,2,2,2,2,2,2,2,2,2,3,3,3,3,3,3,3,3,4,4,4,4,4,4,5,5,5,5,6,6,6,6,7,7,8,8,8,9,9,10,10,11,12,13,14,15,16,17,18,20,20,20,21,21,21,22,22,23,23,23,24,24,25,25,25,26,26,27,27,28,28,29,29,30,30,31,32,32,33,33,34,35,36,36,37,38,39,39,40,41,42,43,44,45,46,47,49,50,51,52,54,55,57,59,60,62,64,66,68,71,73,76,79,83,87,87,87,88,88,89,89,89,90,90,91,91,92,92,93,93,94,94,95,95,96,96,97,97,98,98,99,100,100,101,101,102,103,103,104,105,105,106,107,107,108,109,110,110,111,112,113,114,114,115,116,117,118,119,120,121,122,123,124,125,126,127,128,130,131,132,134,135,136,138,139,141,143,144,146,148,150,152,154,156,158,161,163,166,169,172,176,179,183,188,193,198,204,211,219,228
Heavy-Tailed,1.2,2,6,784,0,1.0,2.5541018242489284,153.26500225332978,2.8560913891539617,0.3915270685396675,2.46508568838933,1,1,1,1,1,1,1,1,1,1,1,1,1,1,1,1,1,1,1,1,1,1,1,1,1,1,1,1,1,1,1,1,1,1,1,2,2,2,2,2,2,2,2,2,3,3,3,3,3,3,3,4,4,4,4,4,4,5,5,5,6,6,6,7,7,7,8,8,9,9,10,10,11,12,13,14,15,16,17,18,20,20,21,21,21,22,22,22,23,23,24,24,24,25,25,26,26,27,27,28,28,29,29,30,31,31,32,33,33,34,35,35,36,37,38,38,39,40,41,42,43,44,45,46,47,48,49,51,52,53,55,56,58,59,61,63,65,67,69,72,74,77,80,83,86,90,91,91,91,92,92,93,93,94,94,95,95,95,96,96,97,97,98,98,99,99,100,100,101,101,102,103,103,104,104,105,105,106,107,107,108,109,109,110,111,111,112,113,114,114,115,116,117,118,119,119,120,121,122,123,124,125,126,127,128,129,130,132,133,134,135,137,138,139,141,142,144,146,147,149,151,153,155,157,159,162,164,167,169,172,176,179,182,186,191,195,200,206,213,221,231
Heavy-Tailed,1.2,3,6,784,0,1.0,2.6075174515521065,150.64359980745147,2.8835987309483593,0.3835065415975479,2.4562888777633587,1,1,1,1,1,1,1,1,1,1,1,1,1,1,1,1,1,1,1,1,1,1,1,1,1,1,1,1,1,1,1,1,1,1,2,2,2,2,2,2,2,2,3,3,3,3,3,3,3,4,4,4,4,4,5,5,5,5,5,6,6,6,6,7,7,7,8,8,9,9,10,11,11,12,13,14,15,16,17,18,20,20,21,21,21,22,22,22,23,23,23,24,24,25,25,26,26,27,27,28,28,29,29,30,30,31,31,32,32,33,34,34,35,36,36,37,38,39,40,41,41,42,43,44,45,46,48,49,50,51,53,54,56,57,59,61,63,65,67,69,71,74,77,80,84,88,88,88,89,89,90,90,90,91,91,92,92,93,93,94,94,95,95,96,96,97,97,98,98,99,99,100,100,101,102,102,103,103,104,105,105,106,107,107,108,109,109,110,111,112,112,113,114,115,116,116,117,118,119,120,121,122,123,124,125,126,127,129,130,131,132,134,135,137,138,140,141,143,144,146,148,150,152,154,156,159,161,164,166,169,172,176,179,183,188,192,198,204,210,218,228
Heavy-Tailed,1.2,4,6,784,0,1.0,2.302831333871358,151.09053212256595,2.732992854298872,0.4342480429597379,2.463020218601045,1,1,1,1,1,1,1,1,1,1,1,1,1,1,1,1,1,1,1,1,1,1,1,1,1,1,1,1,1,1,1,1,1,1,1,1,1,1,1,2,2,2,2,2,2,2,2,3,3,3,3,3,3,3,4,4,4,4,4,5,5,5,5,6,6,7,7,7,8,8,9,10,10,11,12,13,14,15,17,18,19,20,20,20,21,21,21,22,22,23,23,23,24,24,25,25,25,26,26,27,27,28,28,29,30,30,31,31,32,32,33,34,34,35,36,37,37,38,39,40,41,42,43,44,45,46,47,48,49,51,52,53,55,57,58,60,62,64,66,68,71,73,76,79,83,87,87,87,88,88,89,89,90,90,90,91,91,92,92,93,93,94,94,95,95,96,96,97,98,98,99,99,100,100,101,102,102,103,103,104,105,105,106,107,108,108,109,110,111,111,112,113,114,115,115,116,117,118,119,120,121,122,123,124,125,126,127,129,130,131,132,134,135,136,138,139,141,142,144,146,147,149,151,153,156,158,160,163,166,169,172,175,179,183,187,191,197,203,210,218,227
Heavy-Tailed,1.2,5,6,784,0,1.0,2.572734980931612,147.9808483880232,2.8364490971231135,0.3886914149384677,2.452853254198482,1,1,1,1,1,1,1,1,1,1,1,1,1,1,1,1,1,1,1,1,1,1,1,1,1,1,1,1,1,1,1,1,1,1,2,2,2,2,2,2,2,2,2,2,3,3,3,3,3,3,3,4,4,4,4,4,5,5,5,5,6,6,6,6,7,7,7,8,8,9,9,10,11,11,12,13,14,15,17,18,19,20,20,20,21,21,21,22,22,22,23,23,24,24,24,25,25,26,26,27,27,28,28,29,29,30,30,31,31,32,33,33,34,35,36,36,37,38,39,39,40,41,42,43,44,45,46,47,49,50,51,53,54,56,57,59,61,63,65,67,69,72,75,78,81,85,85,86,86,86,87,87,88,88,88,89,89,90,90,91,91,92,92,93,93,94,94,95,95,96,96,97,97,98,98,99,100,100,101,102,102,103,104,104,105,106,106,107,108,109,109,110,111,112,113,114,114,115,116,117,118,119,120,121,122,123,124,126,127,128,129,130,132,133,135,136,138,139,141,143,144,146,148,150,152,155,157,160,162,165,168,172,175,179,184,188,194,200,207,215,224
Heavy-Tailed,1.2,6,6,784,0,1.0,2.3798017305254877,150.147762280256,2.760935558844317,0.42020307287497793,2.460492942774142,1,1,1,1,1,1,1,1,1,1,1,1,1,1,1,1,1,1,1,1,1,1,1,1,1,1,1,1,1,1,1,1,1,1,1,1,1,1,2,2,2,2,2,2,2,2,3,3,3,3,3,3,4,4,4,4,4,4,4,5,5,5,5,6,6,7,7,7,8,8,9,9,10,11,12,13,14,15,17,18,20,20,20,21,21,21,22,22,23,23,23,24,24,25,25,25,26,26,27,27,28,28,29,29,30,30,31,31,32,33,33,34,35,35,36,37,37,38,39,40,41,42,43,44,45,46,47,48,49,50,52,53,55,56,58,59,61,63,65,67,70,72,75,78,82,86,86,87,87,87,88,88,89,89,90,90,90,91,91,92,92,93,93,94,94,95,95,96,96,97,97,98,99,99,100,100,101,101,102,103,103,104,105,105,106,107,107,108,109,110,110,111,112,113,114,115,115,116,117,118,119,120,121,122,123,125,126,127,128,129,131,132,133,135,136,138,140,141,143,145,147,148,150,153,155,157,160,162,165,168,171,174,178,182,186,191,197,203,210,218,227
Heavy-Tailed,1.2,7,6,784,0,1.0,2.2121233386906987,147.50047859352895,2.6354631204724033,0.4520543599489689,2.473015376749689,1,1,1,1,1,1,1,1,1,1,1,1,1,1,1,1,1,1,1,1,1,1,1,1,1,1,1,1,1,1,1,1,1,1,1,1,1,1,1,1,1,2,2,2,2,2,2,2,3,3,3,3,3,3,3,4,4,4,4,4,4,4,5,5,5,6,6,6,7,7,8,8,9,10,10,11,12,13,14,16,17,18,18,18,19,19,19,20,20,21,21,21,22,22,23,23,23,24,24,25,25,26,26,27,27,28,28,29,30,30,31,31,32,33,34,34,35,36,37,37,38,39,40,41,42,43,44,45,46,48,49,51,52,54,55,57,59,61,63,65,68,70,73,76,80,84,84,85,85,85,86,86,87,87,88,88,89,89,89,90,90,91,91,92,92,93,93,94,94,95,96,96,97,97,98,98,99,100,100,101,102,102,103,104,104,105,106,106,107,108,109,110,110,111,112,113,114,115,116,117,118,119,120,121,122,123,124,125,126,128,129,130,132,133,134,136,137,139,141,143,144,146,148,150,153,155,157,160,163,166,169,172,176,180,184,188,194,200,206,214,223
Heavy-Tailed,1.2,8,6,784,0,1.0,2.1048711659728983,151.1591295318636,2.5721959655164386,0.4750884596482119,2.439529383480608,1,1,1,1,1,1,1,1,1,1,1,1,1,1,1,1,1,1,1,1,1,1,1,1,1,1,1,1,1,1,1,1,1,1,1,1,1,1,1,1,1,1,1,2,2,2,2,2,2,2,2,2,3,3,3,3,3,3,4,4,4,4,4,5,5,5,6,6,6,7,7,8,9,9,10,11,12,13,14,15,17,17,18,18,18,19,19,19,20,20,21,21,21,22,22,23,23,24,24,25,25,26,26,27,28,28,29,29,30,31,32,32,33,34,35,35,36,37,38,39,40,41,42,43,44,45,46,47,49,50,51,53,54,56,57,59,61,63,65,68,70,73,76,79,83,86,87,87,88,88,88,89,89,90,90,91,91,92,92,93,93,94,94,95,95,96,96,97,97,98,98,99,99,100,101,101,102,102,103,104,104,105,106,106,107,108,108,109,110,111,111,112,113,114,115,116,117,117,118,119,120,121,122,123,125,126,127,128,129,130,132,133,134,136,137,139,140,142,143,145,147,149,151,153,155,157,160,162,165,168,171,175,178,182,186,191,196,202,209,217,226
Heavy-Tailed,1.2,9,6,784,0,1.0,1.9296667080064995,145.8391288661926,2.4362215367013276,0.5182242072430633,2.42440772316837,1,1,1,1,1,1,1,1,1,1,1,1,1,1,1,1,1,1,1,1,1,1,1,1,1,1,1,1,1,1,1,1,1,1,1,1,1,1,1,1,1,1,1,1,1,1,1,2,2,2,2,2,2,2,3,3,3,3,3,3,4,4,4,4,5,5,5,6,6,7,7,8,8,9,9,10,11,12,13,14,15,15,16,16,16,16,17,17,17,18,18,19,19,19,20,20,20,21,21,22,22,23,23,24,24,25,25,26,26,27,27,28,29,29,30,31,31,32,33,34,34,35,36,37,38,39,40,41,42,44,45,47,48,50,51,53,55,57,59,61,64,66,69,73,76,80,80,81,81,82,82,82,83,83,84,84,85,85,86,86,87,87,88,88,89,89,90,90,91,91,92,92,93,93,94,95,95,96,96,97,98,98,99,100,100,101,102,103,103,104,105,106,107,107,108,109,110,111,112,113,114,115,116,117,118,119,120,121,123,124,125,126,128,129,131,132,134,135,137,139,141,143,145,147,149,151,154,157,159,162,166,169,173,177,181,186,192,198,205,213,222
Heavy-Tailed,1.2,10,6,784,0,1.0,2.389986143158859,146.3940815520369,2.7292865490070803,0.41841246773016605,2.4431948785890856,1,1,1,1,1,1,1,1,1,1,1,1,1,1,1,1,1,1,1,1,1,1,1,1,1,1,1,1,1,1,1,1,1,1,1,1,1,2,2,2,2,2,2,2,2,2,2,2,3,3,3,3,3,3,4,4,4,4,4,5,5,5,5,6,6,6,7,7,8,8,9,9,10,11,12,13,13,15,16,17,18,19,19,19,20,20,20,21,21,21,22,22,22,23,23,24,24,24,25,25,26,26,27,27,28,28,29,29,30,30,31,32,32,33,33,34,35,36,36,37,38,39,40,41,42,43,44,45,46,47,49,50,51,53,54,56,58,60,62,64,66,69,72,75,78,82,83,83,83,84,84,85,85,86,86,86,87,87,88,88,89,89,90,90,91,91,92,92,93,93,94,94,95,95,96,97,97,98,98,99,100,100,101,102,102,103,104,104,105,106,107,107,108,109,110,111,112,113,114,114,115,116,117,118,120,121,122,123,124,125,127,128,129,131,132,134,135,137,138,140,142,144,146,148,150,153,155,158,160,163,167,170,174,178,182,187,193,199,206,214,223
Heavy-Tailed,1.2,11,6,784,0,1.0,1.9828318109788834,142.5607639755053,2.4231186039842383,0.5043292095996385,2.4115246095388922,1,1,1,1,1,1,1,1,1,1,1,1,1,1,1,1,1,1,1,1,1,1,1,1,1,1,1,1,1,1,1,1,1,1,1,1,1,1,1,1,1,1,1,1,1,1,2,2,2,2,2,2,2,2,2,3,3,3,3,3,3,4,4,4,4,4,5,5,6,6,7,7,7,8,9,9,10,11,12,13,14,14,15,15,15,15,16,16,16,17,17,17,18,18,18,19,19,19,20,20,21,21,21,22,22,23,23,24,24,25,25,26,27,27,28,28,29,30,30,31,32,33,34,35,36,37,38,39,40,41,43,44,45,47,49,50,52,54,56,58,60,63,66,69,72,76,77,77,77,78,78,79,79,80,80,81,81,81,82,82,83,83,84,84,85,86,86,87,87,88,88,89,90,90,91,91,92,93,93,94,95,95,96,97,97,98,99,100,100,101,102,103,104,105,106,106,107,108,109,110,111,112,113,114,116,117,118,119,120,121,123,124,126,127,128,130,132,133,135,137,139,141,143,145,147,149,152,155,157,160,163,167,171,175,179,184,189,196,202,211,220
Heavy-Tailed,1.2,12,6,784,0,1.0,1.9456399379952998,148.74339997787854,2.4498155146125327,0.5139697127261662,2.4392091268988065,1,1,1,1,1,1,1,1,1,1,1,1,1,1,1,1,1,1,1,1,1,1,1,1,1,1,1,1,1,1,1,1,1,1,1,1,1,1,1,1,1,1,1,1,1,1,1,2,2,2,2,2,2,2,2,3,3,3,3,3,4,4,4,4,5,5,5,6,6,6,7,7,8,8,9,10,11,12,13,14,15,16,16,16,17,17,17,18,18,18,19,19,19,20,20,21,21,22,22,22,23,23,24,24,25,26,26,27,27,28,29,29,30,31,31,32,33,34,35,35,36,37,38,39,40,41,42,44,45,46,47,49,50,52,54,55,57,59,61,64,66,69,72,75,79,82,83,83,84,84,85,85,85,86,86,87,87,88,88,89,89,90,90,91,91,92,92,93,94,94,95,95,96,96,97,98,98,99,100,100,101,102,102,103,104,105,105,106,107,108,108,109,110,111,112,113,114,115,116,117,118,119,120,121,122,123,124,125,127,128,129,130,132,133,135,136,138,140,141,143,145,147,149,151,153,155,158,160,163,166,169,173,176,180,184,189,195,201,208,216,225
Heavy-Tailed,1.2,13,6,784,0,1.0,2.1023139648188076,152.57132235287222,2.6057370424017807,0.47566634514849315,2.4286458039094883,1,1,1,1,1,1,1,1,1,1,1,1,1,1,1,1,1,1,1,1,1,1,1,1,1,1,1,1,1,1,1,1,1,1,1,1,1,1,1,1,1,1,1,2,2,2,2,2,2,2,2,2,3,3,3,3,3,3,4,4,4,4,5,5,5,6,6,7,7,8,8,9,10,10,11,12,13,15,16,17,19,19,19,20,20,20,21,21,21,22,22,23,23,24,24,24,25,25,26,26,27,27,28,28,29,29,30,30,31,32,32,33,34,34,35,36,36,37,38,39,40,41,42,43,44,45,46,47,48,50,51,53,54,56,57,59,61,63,65,68,70,73,76,79,82,86,87,87,88,88,88,89,89,90,90,91,91,92,92,93,93,94,94,95,95,96,96,97,97,98,98,99,100,100,101,101,102,102,103,104,104,105,106,106,107,108,109,109,110,111,112,112,113,114,115,116,117,118,119,120,121,122,123,124,125,126,127,128,129,131,132,133,135,136,137,139,141,142,144,146,147,149,151,154,156,158,161,163,166,169,172,176,179,183,188,192,198,204,211,219,229
Heavy-Tailed,1.2,14,6,784,0,1.0,1.9580383135232953,147.37972933307765,2.4428362368627825,0.5107152363125109,2.409955825932972,1,1,1,1,1,1,1,1,1,1,1,1,1,1,1,1,1,1,1,1,1,1,1,1,1,1,1,1,1,1,1,1,1,1,1,1,1,1,1,1,1,1,1,1,1,1,1,2,2,2,2,2,2,2,3,3,3,3,3,4,4,4,4,4,5,5,5,6,6,6,7,7,7,8,9,9,10,11,12,13,14,15,15,15,16,16,16,17,17,17,18,18,18,19,19,19,20,20,21,21,22,22,22,23,24,24,25,25,26,26,27,28,28,29,30,30,31,32,33,34,35,36,37,38,39,40,41,42,43,44,46,47,49,50,52,54,56,58,60,62,65,68,70,74,77,81,81,82,82,83,83,83,84,84,85,85,86,86,87,87,88,88,89,89,90,90,91,91,92,92,93,94,94,95,95,96,97,97,98,99,99,100,101,101,102,103,103,104,105,106,107,107,108,109,110,111,112,113,114,115,116,117,118,119,120,121,122,124,125,126,127,129,130,132,133,135,136,138,140,141,143,145,147,150,152,154,157,159,162,165,169,172,176,180,184,189,195,201,208,216,226
Heavy-Tailed,1.2,15,6,784,0,1.0,1.862055671468452,150.325651932907,2.3875653465827793,0.5370408711847918,2.4074229622445045,1,1,1,1,1,1,1,1,1,1,1,1,1,1,1,1,1,1,1,1,1,1,1,1,1,1,1,1,1,1,1,1,1,1,1,1,1,1,1,1,1,1,1,1,1,1,1,1,1,2,2,2,2,2,2,2,3,3,3,3,3,3,4,4,4,4,5,5,5,6,6,7,8,8,9,10,11,12,13,14,16,16,17,17,17,18,18,18,19,19,19,20,20,21,21,21,22,22,23,23,24,24,25,25,26,26,27,28,28,29,30,30,31,32,32,33,34,35,35,36,37,38,39,40,41,42,43,44,45,47,48,50,51,53,54,56,58,60,62,64,67,70,72,76,79,83,83,84,84,84,85,85,86,86,87,87,87,88,88,89,89,90,90,91,91,92,92,93,93,94,95,95,96,96,97,97,98,99,99,100,101,101,102,103,103,104,105,106,106,107,108,109,109,110,111,112,113,114,115,116,117,118,119,120,121,122,123,124,125,126,128,129,130,132,133,135,136,138,140,141,143,145,147,149,152,154,156,159,162,165,168,172,175,179,184,189,194,200,207,216,226
Heavy-Tailed,1.2,16,6,784,0,1.0,1.9467125691325908,149.96750849025722,2.469482081086002,0.5136865173915102,2.420919838778483,1,1,1,1,1,1,1,1,1,1,1,1,1,1,1,1,1,1,1,1,1,1,1,1,1,1,1,1,1,1,1,1,1,1,1,1,1,1,1,1,1,1,1,1,1,1,1,2,2,2,2,2,2,3,3,3,3,3,3,4,4,4,4,4,5,5,5,6,6,7,7,8,8,9,10,11,12,13,14,15,17,17,17,17,18,18,18,19,19,19,20,20,21,21,21,22,22,23,23,24,24,24,25,25,26,26,27,28,28,29,30,30,31,32,32,33,34,35,35,36,37,38,39,40,41,42,43,45,46,47,48,50,51,53,54,56,58,60,62,64,67,69,72,76,79,83,83,84,84,85,85,85,86,86,87,87,88,88,89,89,90,90,91,91,92,92,93,93,94,95,95,96,96,97,98,98,99,99,100,101,101,102,103,103,104,105,106,106,107,108,109,110,111,111,112,113,114,115,116,117,118,119,120,121,122,124,125,126,127,128,130,131,132,134,135,137,138,140,142,143,145,147,149,151,154,156,159,161,164,167,170,173,177,181,185,190,195,201,208,216,226
Heavy-Tailed,1.2,17,6,784,0,1.0,1.8240362086374184,150.1724633149121,2.334402454179494,0.5482347309031845,2.3845084697875643,1,1,1,1,1,1,1,1,1,1,1,1,1,1,1,1,1,1,1,1,1,1,1,1,1,1,1,1,1,1,1,1,1,1,1,1,1,1,1,1,1,1,1,1,1,1,1,1,1,1,2,2,2,2,2,2,2,2,3,3,3,3,3,4,4,4,4,5,5,6,6,7,7,8,9,9,10,11,12,14,15,15,16,16,16,17,17,17,18,18,18,19,19,19,20,20,21,21,22,22,22,23,23,24,24,25,26,26,27,27,28,29,29,30,31,31,32,33,34,35,35,36,37,38,39,40,41,42,44,45,46,48,49,51,52,54,56,58,60,62,65,67,70,74,77,81,81,82,82,83,83,83,84,84,85,85,86,86,87,87,88,88,89,89,90,90,91,91,92,92,93,93,94,95,95,96,96,97,98,98,99,100,100,101,102,103,103,104,105,106,106,107,108,109,110,111,112,113,114,115,116,117,118,119,120,121,122,123,125,126,127,129,130,132,133,135,137,138,140,142,144,146,148,150,153,155,158,161,164,167,170,174,177,182,186,191,197,203,210,219,228
Heavy-Tailed,1.2,18,6,784,0,1.0,2.0973164112603766,154.7119985183457,2.5960724031006226,0.47679977834105286,2.3899325015095036,1,1,1,1,1,1,1,1,1,1,1,1,1,1,1,1,1,1,1,1,1,1,1,1,1,1,1,1,1,1,1,1,1,1,1,1,1,1,1,1,1,1,1,2,2,2,2,2,2,2,2,3,3,3,3,3,4,4,4,4,4,5,5,5,5,6,6,6,7,7,8,8,9,10,10,11,12,13,14,16,17,18,18,18,19,19,19,20,20,21,21,21,22,22,23,23,24,24,25,25,26,26,27,27,28,28,29,29,30,31,31,32,33,33,34,35,36,36,37,38,39,40,41,42,43,44,45,46,47,49,50,52,53,55,56,58,60,62,65,67,70,72,75,79,82,87,87,87,88,88,89,89,90,90,91,91,92,92,93,93,94,94,95,95,96,96,97,98,98,99,99,100,100,101,102,102,103,104,104,105,106,106,107,108,109,109,110,111,112,113,113,114,115,116,117,118,119,120,121,122,123,124,125,126,127,129,130,131,132,134,135,136,138,139,141,143,144,146,148,150,152,154,156,158,161,163,166,168,171,174,178,181,185,189,194,199,204,210,218,226,236
Heavy-Tailed,1.2,19,6,784,0,1.0,2.020066827990475,153.92706384990402,2.559231092123523,0.4950331276885435,2.3943509461275414,1,1,1,1,1,1,1,1,1,1,1,1,1,1,1,1,1,1,1,1,1,1,1,1,1,1,1,1,1,1,1,1,1,1,1,1,1,1,1,1,1,1,1,1,1,2,2,2,2,2,2,2,3,3,3,3,3,4,4,4,4,5,5,5,6,6,6,7,7,8,8,9,9,10,11,12,13,14,15,16,17,17,18,18,18,19,19,19,20,20,21,21,21,22,22,22,23,23,24,24,25,25,25,26,26,27,28,28,29,29,30,31,31,32,33,33,34,35,36,37,38,39,40,41,42,43,44,45,47,48,49,51,53,54,56,58,60,62,64,66,69,72,75,78,82,86,86,87,87,88,88,88,89,89,90,90,91,91,92,92,93,93,94,94,95,96,96,97,97,98,98,99,100,100,101,102,102,103,104,104,105,106,107,107,108,109,110,110,111,112,113,114,115,115,116,117,118,119,120,121,122,123,125,126,127,128,129,130,132,133,134,136,137,139,140,142,143,145,147,149,151,153,155,157,159,162,164,167,170,173,176,180,183,188,192,197,202,209,216,224,234
Heavy-Tailed,1.2,20,6,784,0,1.0,1.8448808322903556,151.45010936467753,2.349177857226562,0.5420404301987,2.39738014455352,1,1,1,1,1,1,1,1,1,1,1,1,1,1,1,1,1,1,1,1,1,1,1,1,1,1,1,1,1,1,1,1,1,1,1,1,1,1,1,1,1,1,1,1,1,1,1,1,1,1,2,2,2,2,2,2,2,3,3,3,3,3,4,4,4,4,4,5,5,6,6,7,7,8,9,9,10,11,12,13,15,15,15,16,16,16,16,17,17,17,18,18,19,19,19,20,20,21,21,21,22,22,23,23,24,24,25,26,26,27,27,28,29,29,30,31,32,32,33,34,35,36,37,38,39,40,41,42,43,45,46,47,49,51,52,54,56,58,60,63,66,68,72,75,79,83,83,84,84,85,85,86,86,87,87,87,88,88,89,90,90,91,91,92,92,93,93,94,94,95,95,96,97,97,98,99,99,100,101,101,102,103,103,104,105,106,106,107,108,109,110,111,111,112,113,114,115,116,117,118,119,120,121,122,124,125,126,127,128,130,131,132,134,135,137,138,140,142,144,145,147,149,152,154,156,158,161,164,167,170,173,176,180,184,189,194,199,206,213,221,231
Heavy-Tailed,1.2,0,7,784,0,1.0,3.0090505822502567,158.96726662357955,3.230781655747823,0.33233073777449446,2.495936467090308,1,1,1,1,1,1,1,1,1,1,1,1,1,1,1,1,1,1,1,1,1,1,1,1,1,1,1,1,1,2,2,2,2,2,2,3,3,3,3,3,3,4,4,4,4,5,5,5,5,6,6,6,7,7,7,8,8,8,9,9,10,10,11,11,12,12,13,14,15,15,16,17,18,19,20,21,22,24,25,27,28,29,29,29,30,30,30,31,31,32,32,33,33,33,34,34,35,35,36,36,37,37,38,38,39,40,40,41,41,42,43,43,44,45,46,46,47,48,49,50,51,52,53,54,55,56,57,58,59,60,62,63,65,66,68,70,72,74,76,78,80,83,85,89,92,96,96,96,97,97,98,98,98,99,99,100,100,101,101,102,102,103,103,104,104,105,105,106,106,107,107,108,108,109,109,110,111,111,112,112,113,114,114,115,116,116,117,118,118,119,120,121,121,122,123,124,125,126,126,127,128,129,130,131,132,133,134,135,137,138,139,140,142,143,144,146,147,149,151,152,154,156,158,160,162,164,167,169,172,174,177,181,184,188,192,197,202,208,215,223,232
Heavy-Tailed,1.2,1,7,784,0,1.0,2.8853014425087977,149.34738378786196,2.8577668650274255,0.3465842373580523,2.417574050740034,1,1,1,1,1,1,1,1,1,1,1,1,1,1,1,1,1,1,1,1,1,1,1,1,1,1,1,1,1,1,2,2,2,2,2,2,2,2,2,2,2,2,3,3,3,3,3,3,3,3,3,4,4,4,4,4,4,4,5,5,5,5,6,6,6,7,7,7,8,8,9,9,10,10,11,12,13,14,15,16,18,18,18,19,19,19,20,20,20,21,21,22,22,22,23,23,24,24,25,25,26,26,27,27,28,28,29,29,30,31,31,32,33,33,34,35,36,37,37,38,39,40,41,42,43,44,45,46,48,49,50,52,53,55,57,59,60,63,65,67,70,72,75,79,82,86,87,87,87,88,88,89,89,90,90,91,91,92,92,93,93,94,94,95,95,96,96,97,97,98,98,99,100,100,101,101,102,103,103,104,105,105,106,107,107,108,109,109,110,111,112,113,113,114,115,116,117,118,119,120,121,122,123,124,125,126,127,128,130,131,132,134,135,136,138,140,141,143,145,146,148,150,152,154,157,159,161,164,167,170,173,176,180,184,188,193,199,205,212,220,230
Heavy-Tailed,1.2,2,7,784,0,1.0,2.778674635823943,151.50948259001328,2.8765446749992574,0.3598838047130611,2.4327995263720403,1,1,1,1,1,1,1,1,1,1,1,1,1,1,1,1,1,1,1,1,1,1,1,1,1,1,1,1,1,1,1,2,2,2,2,2,2,2,2,2,2,2,3,3,3,3,3,3,3,3,4,4,4,4,4,4,4,5,5,5,5,6,6,6,7,7,7,8,8,8,9,9,10,11,12,13,14,15,16,17,18,19,19,19,20,20,20,21,21,22,22,22,23,23,24,24,25,25,26,26,27,27,28,28,29,29,30,30,31,32,33,33,34,35,36,36,37,38,39,40,41,42,43,44,45,46,47,48,50,51,53,54,56,57,59,61,63,65,67,70,72,75,78,81,85,89,89,90,90,91,91,91,92,92,93,93,94,94,95,95,96,96,97,97,98,98,99,99,100,101,101,102,102,103,103,104,105,105,106,107,107,108,109,109,110,111,112,112,113,114,115,116,116,117,118,119,120,121,122,123,124,125,126,127,128,129,130,131,133,134,135,136,138,139,141,142,144,145,147,149,151,153,155,157,159,161,164,167,169,172,175,179,182,186,190,195,200,206,213,221,231
Heavy-Tailed,1.2,3,7,784,0,1.0,2.7387068042655507,149.34729387081214,2.859342535483017,0.36513583653514664,2.433013925821532,1,1,1,1,1,1,1,1,1,1,1,1,1,1,1,1,1,1,1,1,1,1,1,1,1,1,1,1,1,1,1,1,2,2,2,2,2,2,2,2,2,3,3,3,3,3,3,3,3,4,4,4,4,4,4,4,5,5,5,5,5,6,6,6,6,7,7,7,8,8,9,9,10,11,11,12,13,14,16,17,18,19,19,19,20,20,20,21,21,22,22,22,23,23,24,24,24,25,25,26,26,27,27,28,28,29,30,30,31,31,32,33,33,34,35,36,36,37,38,39,40,41,42,43,44,45,46,47,48,50,51,53,54,56,57,59,61,63,65,68,70,73,76,79,82,86,87,87,88,88,89,89,89,90,90,91,91,92,92,93,93,94,94,95,95,96,96,97,97,98,98,99,99,100,101,101,102,103,103,104,105,105,106,107,107,108,109,110,110,111,112,113,114,114,115,116,117,118,119,120,121,122,123,124,125,126,127,128,130,131,132,134,135,136,138,139,141,143,144,146,148,150,152,154,156,158,161,163,166,169,172,176,179,183,188,193,198,204,211,219,228
Heavy-Tailed,1.2,4,7,784,0,1.0,2.5275417435331407,149.90930618726316,2.7636406087990903,0.3956413390831454,2.4402677290698467,1,1,1,1,1,1,1,1,1,1,1,1,1,1,1,1,1,1,1,1,1,1,1,1,1,1,1,1,1,1,1,1,1,1,1,2,2,2,2,2,2,2,2,2,2,3,3,3,3,3,3,3,3,4,4,4,4,4,4,4,5,5,5,6,6,6,6,7,7,8,8,9,9,10,11,12,13,14,15,16,17,18,18,18,19,19,19,20,20,20,21,21,21,22,22,23,23,24,24,25,25,26,26,27,27,28,28,29,30,30,31,32,33,33,34,35,36,37,37,38,39,40,41,43,44,45,46,47,48,50,51,53,54,56,58,59,61,63,66,68,71,73,76,80,83,87,88,88,89,89,90,90,91,91,91,92,92,93,93,94,94,95,95,96,96,97,97,98,98,99,100,100,101,101,102,103,103,104,104,105,106,106,107,108,108,109,110,111,111,112,113,114,115,115,116,117,118,119,120,121,122,123,124,125,126,127,128,129,130,132,133,134,136,137,138,140,142,143,145,147,148,150,152,154,156,159,161,164,166,169,172,176,179,183,188,192,197,203,210,218,228
Heavy-Tailed,1.2,5,7,784,0,1.0,2.775429136173745,147.88462471635358,2.8184092051362275,0.36030464152964015,2.425919830935788,1,1,1,1,1,1,1,1,1,1,1,1,1,1,1,1,1,1,1,1,1,1,1,1,1,1,1,1,1,1,1,1,2,2,2,2,2,2,2,2,2,2,2,2,3,3,3,3,3,3,3,4,4,4,4,4,4,4,4,5,5,5,5,6,6,6,7,7,7,8,8,9,10,10,11,12,13,14,15,16,18,18,18,19,19,19,20,20,20,21,21,21,22,22,23,23,24,24,24,25,25,26,26,27,27,28,29,29,30,30,31,32,32,33,34,34,35,36,37,38,39,40,41,42,43,44,45,46,47,49,50,51,53,54,56,58,60,62,64,66,69,71,74,77,81,85,85,86,86,86,87,87,88,88,89,89,90,90,90,91,91,92,92,93,93,94,95,95,96,96,97,97,98,98,99,100,100,101,102,102,103,104,104,105,106,106,107,108,109,109,110,111,112,113,113,114,115,116,117,118,119,120,121,122,123,124,126,127,128,129,130,132,133,135,136,138,139,141,143,144,146,148,150,152,154,157,159,162,165,167,171,174,178,182,186,191,196,202,209,217,227
Heavy-Tailed,1.2,6,7,784,0,1.0,2.613053048821092,147.98202114487606,2.761355784189938,0.3826941058281083,2.4267483652403534,1,1,1,1,1,1,1,1,1,1,1,1,1,1,1,1,1,1,1,1,1,1,1,1,1,1,1,1,1,1,1,1,1,1,2,2,2,2,2,2,2,2,2,2,2,3,3,3,3,3,3,3,3,4,4,4,4,4,4,4,5,5,5,5,6,6,6,7,7,7,8,8,9,9,10,11,12,13,14,16,17,17,18,18,18,19,19,19,20,20,20,21,21,22,22,22,23,23,24,24,25,25,26,26,27,27,28,29,29,30,31,31,32,33,33,34,35,36,37,38,39,40,40,41,43,44,45,46,47,48,50,51,53,54,56,58,60,62,64,66,68,71,74,77,81,84,85,85,86,86,87,87,87,88,88,89,89,90,90,91,91,92,92,93,93,94,94,95,95,96,97,97,98,98,99,100,100,101,101,102,103,103,104,105,106,106,107,108,109,109,110,111,112,113,114,115,115,116,117,118,119,120,121,122,123,125,126,127,128,129,131,132,133,135,136,138,139,141,142,144,146,148,150,152,154,157,159,162,164,167,170,174,178,182,186,191,196,202,209,217,227
Heavy-Tailed,1.2,7,7,784,0,1.0,2.570336438252885,145.48113141703124,2.701185264536213,0.38905412735763195,2.435778135324518,1,1,1,1,1,1,1,1,1,1,1,1,1,1,1,1,1,1,1,1,1,1,1,1,1,1,1,1,1,1,1,1,1,1,2,2,2,2,2,2,2,2,2,2,3,3,3,3,3,3,3,3,3,4,4,4,4,4,4,4,4,4,5,5,5,5,5,6,6,7,7,8,8,9,9,10,11,12,13,15,16,16,16,17,17,17,18,18,19,19,19,20,20,20,21,21,22,22,23,23,23,24,25,25,26,26,27,27,28,29,29,30,31,31,32,33,34,34,35,36,37,38,39,40,41,42,43,44,45,47,48,49,51,52,54,56,58,60,62,64,66,69,72,75,78,82,82,83,83,84,84,85,85,86,86,86,87,87,88,88,89,89,90,90,91,92,92,93,93,94,94,95,95,96,97,97,98,99,99,100,100,101,102,103,103,104,105,105,106,107,108,109,109,110,111,112,113,114,115,116,117,118,119,120,121,122,123,124,126,127,128,130,131,132,134,135,137,139,140,142,144,146,148,150,152,154,157,159,162,165,168,172,175,179,184,188,194,200,207,215,224
Heavy-Tailed,1.2,8,7,784,0,1.0,2.2620168779032026,149.39721786336952,2.558061894025649,0.44208335038019664,2.4169006779132785,1,1,1,1,1,1,1,1,1,1,1,1,1,1,1,1,1,1,1,1,1,1,1,1,1,1,1,1,1,1,1,1,1,1,1,1,1,1,1,1,2,2,2,2,2,2,2,2,2,2,2,2,3,3,3,3,3,3,3,3,4,4,4,4,4,5,5,5,5,6,6,7,7,8,8,9,10,11,12,13,15,15,15,16,16,16,17,17,17,18,18,19,19,19,20,20,21,21,22,22,22,23,24,24,25,25,26,26,27,28,28,29,30,31,31,32,33,34,35,36,37,38,39,40,41,42,43,45,46,47,49,50,52,54,55,57,59,61,64,66,69,72,75,78,82,86,86,87,87,87,88,88,89,89,90,90,91,91,92,92,93,93,94,94,95,95,96,96,97,97,98,99,99,100,100,101,102,102,103,104,104,105,106,106,107,108,108,109,110,111,112,112,113,114,115,116,117,118,119,120,121,122,123,124,125,126,127,128,130,131,132,133,135,136,138,139,141,142,144,146,148,150,152,154,156,158,161,163,166,169,172,175,179,183,187,192,197,203,210,218,227
Heavy-Tailed,1.2,9,7,784,0,1.0,2.0470025494659176,143.5086190201813,2.4377124708818454,0.48851917661798194,2.415296726299961,1,1,1,1,1,1,1,1,1,1,1,1,1,1,1,1,1,1,1,1,1,1,1,1,1,1,1,1,1,1,1,1,1,1,1,1,1,1,1,1,1,1,1,1,2,2,2,2,2,2,2,2,2,3,3,3,3,3,3,3,4,4,4,4,4,4,5,5,5,5,6,6,7,7,8,8,9,10,11,12,13,13,13,14,14,14,15,15,15,16,16,16,17,17,17,18,18,19,19,19,20,20,21,21,22,22,23,23,24,25,25,26,27,27,28,29,29,30,31,32,32,33,34,35,36,37,38,40,41,42,43,45,46,48,50,51,53,55,58,60,62,65,68,71,75,79,79,80,80,81,81,81,82,82,83,83,84,84,85,85,86,86,87,87,88,88,89,89,90,90,91,91,92,93,93,94,95,95,96,97,97,98,99,99,100,101,102,102,103,104,105,106,106,107,108,109,110,111,112,113,114,115,116,117,118,119,120,121,123,124,125,127,128,129,131,132,134,136,137,139,141,143,145,147,149,152,154,157,159,162,166,169,173,177,181,186,191,197,204,212,222
Heavy-Tailed,1.2,10,7,784,0,1.0,2.2984677027832383,145.4979803168064,2.5743398181367003,0.4350724610091713,2.4073648162319152,1,1,1,1,1,1,1,1,1,1,1,1,1,1,1,1,1,1,1,1,1,1,1,1,1,1,1,1,1,1,1,1,1,1,1,1,1,1,1,2,2,2,2,2,2,2,2,2,2,2,2,3,3,3,3,3,3,3,4,4,4,4,4,4,5,5,5,5,6,6,7,7,7,8,9,9,10,11,12,13,15,15,15,16,16,16,17,17,17,18,18,18,19,19,20,20,20,21,21,22,22,23,23,24,24,25,25,26,26,27,27,28,29,29,30,31,31,32,33,34,35,36,36,37,38,39,41,42,43,44,45,47,48,50,52,53,55,57,59,62,64,67,70,73,77,81,81,82,82,83,83,83,84,84,85,85,86,86,87,87,88,88,89,89,90,90,91,91,92,93,93,94,94,95,96,96,97,97,98,99,99,100,101,101,102,103,104,104,105,106,107,108,108,109,110,111,112,113,114,115,116,117,118,119,120,121,122,124,125,126,127,129,130,132,133,135,136,138,140,142,143,145,147,150,152,154,157,159,162,165,168,172,175,179,184,189,194,200,207,215,224
Heavy-Tailed,1.2,11,7,784,0,1.0,2.1405804775547312,141.4356560737372,2.4607024926057344,0.4671630011044196,2.3945987718103203,1,1,1,1,1,1,1,1,1,1,1,1,1,1,1,1,1,1,1,1,1,1,1,1,1,1,1,1,1,1,1,1,1,1,1,1,1,1,1,1,1,1,2,2,2,2,2,2,2,2,2,2,2,2,3,3,3,3,3,3,4,4,4,4,4,4,5,5,5,6,6,6,7,7,8,8,9,10,11,12,13,13,13,14,14,14,15,15,15,16,16,16,17,17,17,18,18,19,19,19,20,20,21,21,22,22,23,23,24,24,25,25,26,27,27,28,29,29,30,31,31,32,33,34,35,36,37,38,39,40,41,42,44,45,47,48,50,52,54,56,59,61,64,67,71,75,76,76,76,77,77,78,78,79,79,80,80,81,81,82,82,83,83,84,84,85,85,86,86,87,88,88,89,89,90,91,91,92,93,93,94,95,96,96,97,98,98,99,100,101,102,103,103,104,105,106,107,108,109,110,111,112,113,114,116,117,118,119,120,122,123,125,126,127,129,130,132,134,136,138,139,142,144,146,148,151,153,156,159,162,165,168,172,176,180,185,191,197,204,212,221
Heavy-Tailed,1.2,12,7,784,0,1.0,2.143851001586026,146.74079523475424,2.4872899720144495,0.4664503266599207,2.422430092565776,1,1,1,1,1,1,1,1,1,1,1,1,1,1,1,1,1,1,1,1,1,1,1,1,1,1,1,1,1,1,1,1,1,1,1,1,1,1,1,1,1,1,2,2,2,2,2,2,2,2,2,2,2,3,3,3,3,3,3,3,4,4,4,4,4,4,5,5,5,5,6,6,7,7,8,8,9,10,11,12,14,14,14,14,15,15,15,16,16,16,17,17,18,18,18,19,19,20,20,21,21,22,22,23,23,24,24,25,25,26,27,27,28,29,30,30,31,32,33,34,35,36,37,38,39,40,41,42,43,45,46,48,49,51,52,54,56,58,60,63,65,68,71,74,78,82,83,83,83,84,84,85,85,86,86,87,87,88,88,89,89,90,90,91,91,92,92,93,93,94,95,95,96,96,97,97,98,99,99,100,101,101,102,103,104,104,105,106,107,107,108,109,110,111,112,113,114,115,116,117,118,119,120,121,122,123,124,125,127,128,129,131,132,133,135,136,138,140,141,143,145,147,149,151,153,156,158,161,164,167,170,173,177,181,185,190,195,201,208,216,226
Heavy-Tailed,1.2,13,7,784,0,1.0,2.227848719082923,151.47174246667353,2.5908949419831795,0.4488635118867687,2.4078683059688393,1,1,1,1,1,1,1,1,1,1,1,1,1,1,1,1,1,1,1,1,1,1,1,1,1,1,1,1,1,1,1,1,1,1,1,1,1,1,1,1,2,2,2,2,2,2,2,2,2,3,3,3,3,3,3,3,3,3,4,4,4,4,4,4,5,5,5,6,6,6,7,7,8,8,9,10,11,12,13,14,16,16,16,17,17,17,18,18,19,19,19,20,20,21,21,21,22,22,23,23,24,24,25,26,26,27,27,28,29,29,30,31,32,32,33,34,35,36,37,37,38,39,41,42,43,44,45,46,48,49,51,52,54,55,57,59,61,63,65,68,70,73,76,79,83,87,87,88,88,88,89,89,90,90,91,91,92,92,92,93,93,94,94,95,95,96,96,97,97,98,99,99,100,100,101,101,102,103,103,104,105,105,106,107,108,108,109,110,111,111,112,113,114,115,116,117,118,118,119,120,121,122,123,124,126,127,128,129,130,132,133,134,135,137,138,140,142,143,145,147,149,150,153,155,157,159,162,164,167,170,173,177,180,184,189,194,199,205,212,221,230
Heavy-Tailed,1.2,14,7,784,0,1.0,2.152221980816688,145.76097484538315,2.504845828086336,0.4646360872220705,2.396622896129239,1,1,1,1,1,1,1,1,1,1,1,1,1,1,1,1,1,1,1,1,1,1,1,1,1,1,1,1,1,1,1,1,1,1,1,1,1,1,1,1,1,1,2,2,2,2,2,2,2,2,2,2,3,3,3,3,3,3,3,4,4,4,4,4,4,5,5,5,5,6,6,7,7,8,8,9,9,10,11,13,14,14,14,15,15,15,16,16,16,17,17,17,18,18,18,19,19,20,20,21,21,22,22,23,23,24,24,25,25,26,27,27,28,29,29,30,31,31,32,33,34,35,36,37,38,39,40,41,42,44,45,46,48,49,51,53,55,57,59,61,63,66,69,72,76,80,80,81,81,81,82,82,83,83,84,84,85,85,86,86,87,87,88,88,89,89,90,90,91,91,92,92,93,94,94,95,96,96,97,98,98,99,100,100,101,102,103,103,104,105,106,107,108,108,109,110,111,112,113,114,115,116,117,118,119,121,122,123,124,126,127,128,130,131,133,134,136,138,139,141,143,145,147,149,152,154,157,160,162,165,169,172,176,180,184,189,195,201,208,216,226
Heavy-Tailed,1.2,15,7,784,0,1.0,1.8530052699754098,148.7399070995094,2.292621061689231,0.5396638726306863,2.3932766802235195,1,1,1,1,1,1,1,1,1,1,1,1,1,1,1,1,1,1,1,1,1,1,1,1,1,1,1,1,1,1,1,1,1,1,1,1,1,1,1,1,1,1,1,1,1,1,1,1,1,2,2,2,2,2,2,2,2,2,3,3,3,3,3,3,3,4,4,4,4,5,5,5,6,6,7,7,8,9,10,11,13,13,13,14,14,14,15,15,15,16,16,16,17,17,18,18,18,19,19,20,20,21,21,22,22,23,24,24,25,25,26,27,28,28,29,30,31,31,32,33,34,35,36,37,38,39,40,42,43,44,46,47,49,50,52,54,56,58,60,62,65,68,71,74,78,82,82,82,83,83,84,84,85,85,86,86,87,87,88,88,89,89,90,90,91,91,92,92,93,93,94,95,95,96,96,97,98,98,99,100,100,101,102,102,103,104,105,105,106,107,108,108,109,110,111,112,113,114,115,116,117,118,119,120,121,122,123,124,126,127,128,130,131,133,134,136,137,139,141,143,144,146,149,151,153,155,158,161,163,166,170,173,177,181,185,190,195,201,208,217,226
Heavy-Tailed,1.2,16,7,784,0,1.0,1.9942739836399805,146.4196911348481,2.3918631006188424,0.50143561426539,2.3887415332476603,1,1,1,1,1,1,1,1,1,1,1,1,1,1,1,1,1,1,1,1,1,1,1,1,1,1,1,1,1,1,1,1,1,1,1,1,1,1,1,1,1,1,1,1,1,1,2,2,2,2,2,2,2,2,3,3,3,3,3,3,3,3,4,4,4,4,4,4,5,5,5,6,6,7,8,8,9,10,11,12,13,13,13,14,14,14,15,15,15,15,16,16,16,17,17,17,18,18,19,19,20,20,20,21,21,22,23,23,24,24,25,26,26,27,28,28,29,30,31,32,33,34,35,36,37,38,39,40,41,43,44,46,47,49,51,52,54,57,59,61,64,67,70,73,76,80,81,81,82,82,83,83,83,84,84,85,85,86,86,87,87,88,88,89,89,90,90,91,92,92,93,93,94,95,95,96,96,97,98,98,99,100,100,101,102,103,103,104,105,106,107,107,108,109,110,111,112,113,114,115,116,117,118,119,120,121,123,124,125,126,128,129,130,132,133,135,137,138,140,142,144,146,148,150,152,154,157,159,162,165,168,172,176,180,184,189,194,200,207,216,226
Heavy-Tailed,1.2,17,7,784,0,1.0,1.9966740158217031,148.3090970635799,2.388734498623731,0.5008328811192868,2.3791915415448455,1,1,1,1,1,1,1,1,1,1,1,1,1,1,1,1,1,1,1,1,1,1,1,1,1,1,1,1,1,1,1,1,1,1,1,1,1,1,1,1,1,1,1,1,1,1,2,2,2,2,2,2,2,2,2,2,3,3,3,3,3,3,4,4,4,4,4,4,5,5,5,6,6,7,7,8,9,10,11,12,13,13,14,14,14,15,15,15,16,16,16,17,17,18,18,18,19,19,20,20,21,21,22,22,23,23,24,24,25,25,26,27,27,28,29,30,30,31,32,33,34,35,36,37,38,39,40,41,42,44,45,47,48,50,52,53,55,57,60,62,65,67,70,74,77,81,82,82,83,83,84,84,84,85,85,86,86,87,87,88,88,89,89,90,90,91,91,92,93,93,94,94,95,95,96,97,97,98,99,99,100,101,101,102,103,103,104,105,106,107,107,108,109,110,111,112,113,114,114,115,117,118,119,120,121,122,123,124,126,127,128,130,131,133,134,136,137,139,141,143,144,146,148,151,153,155,158,161,164,167,170,173,177,181,186,191,197,203,210,219,229
Heavy-Tailed,1.2,18,7,784,0,1.0,2.308337003731151,153.26427855242287,2.6435462618426233,0.4332123075545813,2.373528270812202,1,1,1,1,1,1,1,1,1,1,1,1,1,1,1,1,1,1,1,1,1,1,1,1,1,1,1,1,1,1,1,1,1,1,1,1,1,1,1,2,2,2,2,2,2,2,2,2,3,3,3,3,3,3,3,3,4,4,4,4,4,4,4,5,5,5,5,6,6,7,7,8,8,9,10,10,11,12,14,15,17,17,17,18,18,18,19,19,19,20,20,21,21,21,22,22,23,23,24,24,25,25,26,26,27,27,28,28,29,30,30,31,32,32,33,34,35,35,36,37,38,39,40,41,42,43,44,45,47,48,49,51,52,54,56,58,59,62,64,66,69,71,74,78,82,86,86,87,87,88,88,89,89,89,90,90,91,91,92,92,93,94,94,95,95,96,96,97,98,98,99,99,100,101,101,102,103,103,104,105,105,106,107,107,108,109,110,111,111,112,113,114,115,116,117,118,119,120,121,122,123,124,125,126,127,128,130,131,132,133,135,136,138,139,141,142,144,146,148,149,151,154,156,158,160,163,165,168,171,174,178,181,185,189,194,199,205,211,218,226,236
Heavy-Tailed,1.2,19,7,784,0,1.0,2.1303048618236424,150.97449685720625,2.530851997423048,0.46941638162715943,2.3630761001551663,1,1,1,1,1,1,1,1,1,1,1,1,1,1,1,1,1,1,1,1,1,1,1,1,1,1,1,1,1,1,1,1,1,1,1,1,1,1,1,1,1,1,2,2,2,2,2,2,2,2,2,2,3,3,3,3,3,3,3,4,4,4,4,4,5,5,5,6,6,6,7,7,8,8,9,10,11,12,13,14,15,15,16,16,16,16,17,17,17,18,18,18,19,19,19,20,20,21,21,22,22,23,23,24,24,25,25,26,26,27,28,28,29,30,30,31,32,32,33,34,35,36,37,38,39,40,41,42,44,45,46,48,49,51,53,54,56,59,61,63,66,69,72,75,79,83,84,84,85,85,85,86,86,87,87,88,88,89,89,90,90,91,92,92,93,93,94,94,95,96,96,97,97,98,99,99,100,101,101,102,103,104,104,105,106,107,107,108,109,110,111,112,112,113,114,115,116,117,118,119,120,121,122,124,125,126,127,128,130,131,132,134,135,137,138,140,142,143,145,147,149,151,153,156,158,160,163,166,169,172,175,179,182,187,191,196,202,208,215,224,234
Heavy-Tailed,1.2,20,7,784,0,1.0,1.9541468970610205,149.5021207380506,2.357920166632211,0.5117322559035713,2.378073653071537,1,1,1,1,1,1,1,1,1,1,1,1,1,1,1,1,1,1,1,1,1,1,1,1,1,1,1,1,1,1,1,1,1,1,1,1,1,1,1,1,1,1,1,1,1,1,1,2,2,2,2,2,2,2,2,2,3,3,3,3,3,3,3,4,4,4,4,4,4,5,5,5,6,7,7,8,9,10,11,12,13,13,13,14,14,14,15,15,15,16,16,16,17,17,17,18,18,18,19,19,20,20,21,21,22,22,23,23,24,25,25,26,27,27,28,29,30,30,31,32,33,34,35,36,37,39,40,41,42,44,45,47,48,50,52,54,56,58,60,63,65,68,72,75,79,83,84,84,84,85,85,86,86,87,87,88,88,89,89,90,90,91,91,92,92,93,93,94,95,95,96,96,97,98,98,99,99,100,101,101,102,103,103,104,105,106,106,107,108,109,110,110,111,112,113,114,115,116,117,118,119,120,121,122,123,124,125,127,128,129,130,132,133,135,136,138,139,141,143,145,147,149,151,153,155,158,160,163,166,169,172,175,179,183,188,193,198,204,211,219,229
Heavy-Tailed,1.2,0,8,784,0,1.0,3.2129324777934634,157.3632536929054,3.299484518748738,0.3112421462049421,2.5167476558487465,1,1,1,1,1,1,1,1,1,1,1,1,1,1,1,1,1,1,1,1,1,1,1,1,1,1,1,2,2,2,2,2,2,3,3,3,3,3,3,4,4,4,4,5,5,5,5,6,6,6,6,7,7,8,8,8,9,9,10,10,11,11,12,12,13,14,14,15,16,16,17,18,19,20,21,22,23,25,26,28,29,30,30,30,31,31,31,32,32,32,33,33,34,34,35,35,35,36,36,37,37,38,38,39,39,40,41,41,42,42,43,44,44,45,46,47,47,48,49,50,51,52,53,54,55,56,57,58,59,60,62,63,65,66,68,69,71,73,75,77,79,82,85,88,91,95,96,96,96,97,97,98,98,98,99,99,100,100,101,101,101,102,102,103,103,104,104,105,105,106,106,107,108,108,109,109,110,110,111,112,112,113,114,114,115,116,116,117,118,118,119,120,121,122,122,123,124,125,126,127,128,129,130,131,132,133,134,135,136,137,138,140,141,142,144,145,147,148,150,151,153,155,157,159,161,163,165,168,170,173,176,179,182,186,190,194,200,205,212,220,229
Heavy-Tailed,1.2,1,8,784,0,1.0,3.520805196353149,146.54231826952818,2.9892209776634404,0.28402593845174967,2.424798280031721,1,1,1,1,1,1,1,1,1,1,1,1,1,1,1,1,1,1,1,1,1,1,1,1,2,2,2,2,2,2,2,2,2,2,2,2,3,3,3,3,3,3,3,3,3,3,4,4,4,4,4,4,4,4,5,5,5,5,5,6,6,6,6,7,7,7,7,8,8,8,9,10,10,11,12,13,14,15,16,18,19,19,20,20,20,21,21,21,22,22,23,23,23,24,24,25,25,26,26,26,27,27,28,28,29,30,30,31,31,32,32,33,34,34,35,36,37,37,38,39,40,41,42,43,44,45,46,47,48,49,50,52,53,55,56,58,60,62,64,66,69,71,74,77,81,85,85,85,86,86,87,87,87,88,88,89,89,90,90,91,91,92,92,93,93,94,94,95,95,96,96,97,97,98,99,99,100,100,101,102,102,103,104,104,105,106,106,107,108,109,109,110,111,112,113,114,114,115,116,117,118,119,120,121,122,123,125,126,127,128,130,131,132,134,135,137,138,140,142,143,145,147,149,151,153,156,158,161,163,166,169,173,176,180,185,189,195,201,208,215,225
Heavy-Tailed,1.2,2,8,784,0,1.0,3.4408578118484465,148.46037788755018,2.9955640042848506,0.2906252029818096,2.4361001298771474,1,1,1,1,1,1,1,1,1,1,1,1,1,1,1,1,1,1,1,1,1,1,1,1,1,2,2,2,2,2,2,2,2,2,2,2,3,3,3,3,3,3,3,3,3,3,4,4,4,4,4,4,4,4,5,5,5,5,5,6,6,6,6,7,7,7,8,8,8,9,9,10,11,11,12,13,14,15,16,18,19,20,20,20,21,21,21,22,22,23,23,23,24,24,25,25,26,26,26,27,27,28,29,29,30,30,31,31,32,33,33,34,35,35,36,37,38,38,39,40,41,42,43,44,45,46,47,48,50,51,52,54,55,57,58,60,62,64,66,68,71,73,76,79,83,87,87,87,88,88,89,89,90,90,90,91,91,92,92,93,93,94,94,95,95,96,96,97,97,98,99,99,100,100,101,101,102,103,103,104,104,105,106,107,107,108,109,109,110,111,112,112,113,114,115,116,117,118,119,119,120,121,122,123,125,126,127,128,129,130,132,133,134,136,137,138,140,142,143,145,147,149,151,153,155,157,160,162,165,168,171,174,178,182,186,191,197,203,210,218,228
Heavy-Tailed,1.2,3,8,784,0,1.0,3.236860626103147,147.58946253313096,2.9602799859880284,0.30894132170401756,2.4402141348138495,1,1,1,1,1,1,1,1,1,1,1,1,1,1,1,1,1,1,1,1,1,1,1,1,1,1,2,2,2,2,2,2,2,2,2,2,2,2,3,3,3,3,3,3,3,3,3,4,4,4,4,4,4,4,4,5,5,5,5,5,5,6,6,6,7,7,7,8,8,9,9,10,10,11,12,13,14,15,17,18,20,20,20,21,21,21,22,22,22,23,23,24,24,24,25,25,26,26,26,27,27,28,28,29,29,30,31,31,32,32,33,34,34,35,36,37,37,38,39,40,41,42,43,44,45,46,47,48,49,51,52,53,55,56,58,60,61,63,65,67,70,72,75,78,81,85,86,86,86,87,87,88,88,89,89,89,90,90,91,91,92,92,93,93,94,94,95,95,96,96,97,97,98,99,99,100,100,101,102,102,103,104,104,105,106,106,107,108,108,109,110,111,112,112,113,114,115,116,117,118,119,120,121,122,123,124,125,126,127,129,130,131,132,134,135,137,138,140,142,143,145,147,149,151,154,156,158,161,164,167,170,173,177,181,185,190,195,201,208,216,225
Heavy-Tailed,1.2,4,8,784,0,1.0,2.898654935129179,146.76279764000384,2.852860570961919,0.3449875967921773,2.439001817932737,1,1,1,1,1,1,1,1,1,1,1,1,1,1,1,1,1,1,1,1,1,1,1,1,1,1,1,1,1,1,2,2,2,2,2,2,2,2,2,2,2,3,3,3,3,3,3,3,3,3,3,4,4,4,4,4,4,4,5,5,5,5,5,6,6,6,7,7,7,8,8,9,10,10,11,12,13,14,15,17,18,19,19,19,20,20,20,21,21,21,22,22,23,23,23,24,24,25,25,26,26,27,27,28,28,29,30,30,31,31,32,33,33,34,35,36,36,37,38,39,40,40,41,42,43,44,46,47,48,49,50,52,53,55,57,58,60,62,64,66,69,71,74,77,81,84,85,85,86,86,86,87,87,88,88,89,89,89,90,90,91,91,92,92,93,93,94,94,95,95,96,97,97,98,98,99,100,100,101,101,102,103,103,104,105,106,106,107,108,108,109,110,111,112,112,113,114,115,116,117,118,119,120,121,122,123,124,126,127,128,129,131,132,133,135,136,138,139,141,143,144,146,148,150,152,155,157,160,162,165,168,172,175,179,183,188,193,199,206,214,224
Heavy-Tailed,1.2,5,8,784,0,1.0,3.054110036752783,146.2968381841421,2.881858137794636,0.3274276263677875,2.4351991219048617,1,1,1,1,1,1,1,1,1,1,1,1,1,1,1,1,1,1,1,1,1,1,1,1,1,1,1,1,2,2,2,2,2,2,2,2,2,2,2,2,3,3,3,3,3,3,3,3,3,3,4,4,4,4,4,4,4,4,5,5,5,5,5,6,6,6,7,7,7,8,8,9,10,11,11,12,13,15,16,17,19,19,19,20,20,20,21,21,22,22,22,23,23,24,24,24,25,25,26,26,27,27,28,28,29,29,30,30,31,32,32,33,34,34,35,36,36,37,38,39,40,41,42,42,43,44,46,47,48,49,50,52,53,55,56,58,60,62,64,66,68,71,73,76,80,84,84,84,85,85,86,86,87,87,87,88,88,89,89,90,90,91,91,92,92,93,93,94,94,95,96,96,97,97,98,98,99,100,100,101,102,102,103,104,104,105,106,106,107,108,109,110,110,111,112,113,114,115,116,117,118,119,120,121,122,123,124,125,126,127,129,130,131,133,134,136,137,139,141,142,144,146,148,150,152,155,157,160,162,165,168,172,175,179,183,188,193,199,206,214,223
Heavy-Tailed,1.2,6,8,784,0,1.0,3.0901757661534344,146.63237475619482,2.908426668124117,0.3236061880210693,2.428564708757893,1,1,1,1,1,1,1,1,1,1,1,1,1,1,1,1,1,1,1,1,1,1,1,1,1,1,1,1,2,2,2,2,2,2,2,2,2,2,2,2,3,3,3,3,3,3,3,3,3,4,4,4,4,4,4,4,4,5,5,5,5,5,6,6,6,7,7,7,8,8,9,9,10,11,12,13,14,15,16,17,19,19,20,20,20,21,21,21,22,22,23,23,23,24,24,25,25,26,26,26,27,27,28,29,29,30,30,31,31,32,33,33,34,35,35,36,37,38,38,39,40,41,42,43,44,45,46,47,48,49,51,52,53,55,56,58,60,62,64,66,68,71,73,76,80,83,84,84,85,85,86,86,86,87,87,88,88,89,89,89,90,90,91,91,92,92,93,94,94,95,95,96,96,97,97,98,99,99,100,101,101,102,103,103,104,105,105,106,107,108,108,109,110,111,112,113,113,114,115,116,117,118,119,120,121,122,124,125,126,127,128,130,131,132,134,135,137,138,140,142,144,146,148,150,152,154,157,159,162,165,168,171,175,179,183,188,194,200,207,215,225
Heavy-Tailed,1.2,7,8,784,0,1.0,3.175540760173863,143.95546292305892,2.840019391218183,0.314906995539635,2.4386667644597777,1,1,1,1,1,1,1,1,1,1,1,1,1,1,1,1,1,1,1,1,1,1,1,1,1,1,1,2,2,2,2,2,2,2,2,2,2,2,2,2,3,3,3,3,3,3,3,3,3,3,3,4,4,4,4,4,4,4,4,4,5,5,5,5,5,6,6,6,7,7,8,8,9,9,10,11,12,13,14,16,17,17,18,18,18,19,19,19,20,20,20,21,21,22,22,22,23,23,24,24,25,25,26,26,27,27,28,29,29,30,30,31,32,32,33,34,35,35,36,37,38,39,40,41,42,43,44,45,46,47,49,50,52,53,55,56,58,60,62,64,66,69,71,74,78,81,82,82,83,83,84,84,84,85,85,86,86,87,87,88,88,89,89,90,90,91,91,92,92,93,93,94,94,95,95,96,97,97,98,99,99,100,101,101,102,103,103,104,105,106,106,107,108,109,110,111,112,113,113,114,115,116,117,118,119,121,122,123,124,125,127,128,129,131,132,134,135,137,138,140,142,144,146,148,150,153,155,158,160,163,166,170,173,177,182,186,192,198,205,213,222
Heavy-Tailed,1.2,8,8,784,0,1.0,2.7053292784162872,146.46828155687737,2.740071946726862,0.3696407708955136,2.443394008658749,1,1,1,1,1,1,1,1,1,1,1,1,1,1,1,1,1,1,1,1,1,1,1,1,1,1,1,1,1,1,1,1,2,2,2,2,2,2,2,2,2,2,2,2,2,3,3,3,3,3,3,3,3,3,3,4,4,4,4,4,4,4,5,5,5,5,6,6,6,7,7,8,8,9,10,10,11,12,14,15,17,17,17,18,18,18,19,19,20,20,20,21,21,22,22,23,23,24,24,25,25,26,26,27,27,28,28,29,30,30,31,32,32,33,34,34,35,36,37,38,39,40,40,41,42,44,45,46,47,48,50,51,52,54,56,57,59,61,63,66,68,71,73,77,80,84,84,85,85,85,86,86,87,87,88,88,88,89,89,90,90,91,91,92,92,93,93,94,95,95,96,96,97,97,98,99,99,100,100,101,102,102,103,104,104,105,106,107,107,108,109,110,111,111,112,113,114,115,116,117,118,119,120,121,122,123,124,125,126,128,129,130,132,133,134,136,137,139,141,142,144,146,148,150,152,155,157,160,162,165,168,172,176,180,184,189,194,200,207,215,224
Heavy-Tailed,1.2,9,8,784,0,1.0,2.4635433416083345,141.92247309904394,2.6638795764855434,0.4059193857523716,2.44253813109291,1,1,1,1,1,1,1,1,1,1,1,1,1,1,1,1,1,1,1,1,1,1,1,1,1,1,1,1,1,1,1,1,1,1,1,1,2,2,2,2,2,2,2,2,2,2,2,3,3,3,3,3,3,3,3,3,4,4,4,4,4,4,5,5,5,5,5,6,6,7,7,7,8,9,9,10,11,12,13,15,16,17,17,17,18,18,18,19,19,19,20,20,20,21,21,22,22,22,23,23,24,24,25,25,25,26,27,27,28,28,29,29,30,31,31,32,33,34,34,35,36,37,38,39,39,40,41,43,44,45,46,48,49,51,52,54,55,57,59,61,64,66,69,72,75,79,80,80,80,81,81,82,82,83,83,83,84,84,85,85,86,86,87,87,88,88,89,89,90,90,91,91,92,92,93,94,94,95,95,96,97,97,98,99,99,100,101,101,102,103,104,104,105,106,107,108,108,109,110,111,112,113,114,115,116,117,118,120,121,122,123,125,126,127,129,130,132,133,135,137,139,140,142,144,147,149,151,154,156,159,162,165,169,173,177,182,187,193,200,208,217
Heavy-Tailed,1.2,10,8,784,0,1.0,2.3935846441971216,143.55101436784003,2.625631387948873,0.4177834288937082,2.426995778003508,1,1,1,1,1,1,1,1,1,1,1,1,1,1,1,1,1,1,1,1,1,1,1,1,1,1,1,1,1,1,1,1,1,1,1,1,1,2,2,2,2,2,2,2,2,2,2,2,2,3,3,3,3,3,3,3,3,4,4,4,4,4,4,5,5,5,5,5,6,6,7,7,7,8,9,10,11,12,13,14,16,16,16,17,17,17,18,18,18,19,19,19,20,20,21,21,21,22,22,23,23,24,24,25,25,26,26,27,28,28,29,29,30,31,32,32,33,34,35,35,36,37,38,39,40,41,42,43,44,46,47,48,50,51,53,54,56,58,60,62,65,67,70,73,76,80,80,80,81,81,81,82,82,83,83,84,84,84,85,85,86,86,87,87,88,88,89,89,90,90,91,91,92,92,93,94,94,95,95,96,97,97,98,98,99,100,101,101,102,103,104,104,105,106,107,108,108,109,110,111,112,113,114,115,116,117,118,120,121,122,123,125,126,127,129,130,132,134,135,137,139,141,143,145,147,150,152,155,158,161,164,168,171,175,180,185,190,197,204,212,221
Heavy-Tailed,1.2,11,8,784,0,1.0,2.318159073529183,139.47827678447325,2.5674435353875715,0.4313767814378642,2.421138343021221,1,1,1,1,1,1,1,1,1,1,1,1,1,1,1,1,1,1,1,1,1,1,1,1,1,1,1,1,1,1,1,1,1,1,1,1,1,1,1,2,2,2,2,2,2,2,2,2,2,2,3,3,3,3,3,3,3,4,4,4,4,4,4,4,5,5,5,5,6,6,6,7,7,8,8,9,10,11,12,13,14,15,15,15,15,16,16,16,17,17,17,18,18,18,19,19,20,20,20,21,21,22,22,23,23,24,24,25,25,26,26,27,28,28,29,30,30,31,32,32,33,34,35,36,37,38,39,40,41,42,43,44,46,47,49,50,52,54,56,58,60,62,65,68,71,75,75,75,76,76,77,77,77,78,78,79,79,80,80,81,81,82,82,82,83,83,84,85,85,86,86,87,87,88,88,89,90,90,91,92,92,93,94,94,95,96,96,97,98,99,99,100,101,102,103,104,105,105,106,107,108,109,110,111,112,114,115,116,117,118,120,121,122,124,125,127,128,130,132,133,135,137,139,141,144,146,149,151,154,157,160,164,167,171,176,181,186,193,200,208,218
Heavy-Tailed,1.2,12,8,784,0,1.0,2.5245130722231264,143.93582928272187,2.6464955035911326,0.3961159920314392,2.435217045505341,1,1,1,1,1,1,1,1,1,1,1,1,1,1,1,1,1,1,1,1,1,1,1,1,1,1,1,1,1,1,1,1,1,1,1,2,2,2,2,2,2,2,2,2,2,2,2,2,3,3,3,3,3,3,3,3,4,4,4,4,4,4,4,5,5,5,5,5,6,6,6,7,7,8,8,9,10,11,12,13,15,15,15,16,16,16,17,17,18,18,18,19,19,20,20,20,21,21,22,22,23,23,24,24,25,25,26,26,27,28,28,29,30,30,31,32,33,33,34,35,36,37,38,39,40,41,42,43,45,46,47,49,50,52,53,55,57,59,61,63,65,68,71,74,77,81,81,82,82,82,83,83,84,84,85,85,85,86,86,87,87,88,88,89,89,90,90,91,91,92,92,93,94,94,95,95,96,97,97,98,99,99,100,101,101,102,103,104,104,105,106,107,107,108,109,110,111,112,113,114,115,116,117,118,119,120,121,123,124,125,126,128,129,131,132,134,135,137,138,140,142,144,146,148,150,153,155,158,160,163,166,170,173,177,182,186,192,197,204,212,222
Heavy-Tailed,1.2,13,8,784,0,1.0,2.352523525730715,147.8151384451275,2.6025720182005303,0.42507545155765913,2.415734879372952,1,1,1,1,1,1,1,1,1,1,1,1,1,1,1,1,1,1,1,1,1,1,1,1,1,1,1,1,1,1,1,1,1,1,1,1,1,1,2,2,2,2,2,2,2,2,2,2,2,2,3,3,3,3,3,3,3,4,4,4,4,4,4,4,4,5,5,5,5,6,6,7,7,8,9,9,10,11,13,14,16,16,16,17,17,17,18,18,19,19,19,20,20,21,21,22,22,22,23,23,24,24,25,26,26,27,27,28,29,29,30,31,31,32,33,34,34,35,36,37,38,39,40,41,42,43,44,45,46,48,49,51,52,54,55,57,59,61,63,65,68,70,73,76,80,84,84,85,85,85,86,86,87,87,87,88,88,89,89,90,90,91,91,92,92,93,93,94,94,95,95,96,96,97,98,98,99,99,100,101,101,102,103,103,104,105,105,106,107,108,109,109,110,111,112,113,114,114,115,116,117,118,119,120,121,123,124,125,126,127,129,130,131,133,134,136,137,139,141,143,144,146,148,151,153,155,157,160,163,166,169,172,176,180,184,189,194,200,207,215,225
Heavy-Tailed,1.2,14,8,784,0,1.0,2.4273196722671955,144.6305689630321,2.6444300136302297,0.41197705082906017,2.4093283231305604,1,1,1,1,1,1,1,1,1,1,1,1,1,1,1,1,1,1,1,1,1,1,1,1,1,1,1,1,1,1,1,1,1,1,1,1,1,2,2,2,2,2,2,2,2,2,2,2,3,3,3,3,3,3,3,3,4,4,4,4,4,4,4,5,5,5,5,6,6,6,7,7,8,8,9,10,11,12,13,14,16,16,16,17,17,17,18,18,18,19,19,19,20,20,21,21,22,22,22,23,23,24,24,25,25,26,27,27,28,28,29,30,30,31,32,32,33,34,35,36,36,37,38,39,40,41,42,43,44,46,47,48,50,51,53,54,56,58,60,62,65,67,70,73,77,80,81,81,81,82,82,83,83,84,84,84,85,85,86,86,87,87,88,88,89,89,90,90,91,91,92,92,93,94,94,95,95,96,97,97,98,98,99,100,100,101,102,103,103,104,105,106,106,107,108,109,110,111,112,113,114,115,116,117,118,119,120,121,123,124,125,127,128,129,131,132,134,136,137,139,141,143,145,147,149,152,154,157,159,162,166,169,173,177,181,186,192,198,205,213,222
Heavy-Tailed,1.2,15,8,784,0,1.0,2.2205901687414142,144.11491733797436,2.513212282658938,0.4503307337286735,2.4103357604192084,1,1,1,1,1,1,1,1,1,1,1,1,1,1,1,1,1,1,1,1,1,1,1,1,1,1,1,1,1,1,1,1,1,1,1,1,1,1,1,1,1,2,2,2,2,2,2,2,2,2,2,3,3,3,3,3,3,3,3,3,4,4,4,4,4,4,5,5,5,6,6,6,7,7,8,8,9,10,11,13,14,14,15,15,15,16,16,16,17,17,17,18,18,18,19,19,20,20,21,21,22,22,23,23,24,24,25,26,26,27,27,28,29,29,30,31,32,32,33,34,35,36,37,38,39,40,41,42,43,45,46,47,49,50,52,54,55,57,60,62,64,67,70,73,76,80,80,81,81,81,82,82,83,83,84,84,84,85,85,86,86,87,87,88,88,89,89,90,90,91,91,92,93,93,94,94,95,96,96,97,97,98,99,99,100,101,102,102,103,104,105,105,106,107,108,109,110,111,112,112,113,114,115,117,118,119,120,121,122,124,125,126,128,129,131,132,134,135,137,139,140,142,144,146,149,151,153,156,159,162,165,168,172,176,180,185,190,196,203,211,221
Heavy-Tailed,1.2,16,8,784,0,1.0,2.1666437842124626,143.5014478930006,2.4669180481072543,0.4615433359588838,2.394190201295696,1,1,1,1,1,1,1,1,1,1,1,1,1,1,1,1,1,1,1,1,1,1,1,1,1,1,1,1,1,1,1,1,1,1,1,1,1,1,1,1,1,1,2,2,2,2,2,2,2,2,2,2,3,3,3,3,3,3,3,3,3,4,4,4,4,4,4,4,5,5,5,6,6,7,7,8,9,10,11,12,14,14,14,14,15,15,15,16,16,16,17,17,17,18,18,19,19,19,20,20,21,21,22,22,23,23,24,25,25,26,26,27,28,28,29,30,31,31,32,33,34,35,36,37,38,39,40,41,42,44,45,46,48,49,51,52,54,56,58,60,63,65,68,71,74,78,78,79,79,79,80,80,81,81,82,82,83,83,83,84,84,85,85,86,86,87,87,88,89,89,90,90,91,91,92,92,93,94,94,95,96,96,97,98,98,99,100,100,101,102,103,103,104,105,106,107,108,109,109,110,111,112,113,115,116,117,118,119,120,122,123,124,126,127,128,130,132,133,135,137,139,141,143,145,147,150,152,155,158,161,164,168,171,175,180,185,190,196,203,211,221
Heavy-Tailed,1.2,17,8,784,0,1.0,2.3591401599774136,145.0667862164931,2.5632647679724094,0.4238832507558915,2.390090171624019,1,1,1,1,1,1,1,1,1,1,1,1,1,1,1,1,1,1,1,1,1,1,1,1,1,1,1,1,1,1,1,1,1,1,1,1,1,1,2,2,2,2,2,2,2,2,2,2,2,2,2,3,3,3,3,3,3,3,3,3,4,4,4,4,4,4,5,5,5,6,6,7,7,8,8,9,10,11,12,13,15,15,15,16,16,16,17,17,17,18,18,18,19,19,20,20,20,21,21,22,22,23,23,24,24,25,26,26,27,27,28,29,29,30,31,31,32,33,34,35,36,36,37,38,39,41,42,43,44,45,47,48,49,51,52,54,56,58,60,62,64,67,70,73,76,80,80,81,81,82,82,83,83,83,84,84,85,85,86,86,87,87,88,88,89,89,90,90,91,91,92,92,93,94,94,95,95,96,97,97,98,99,99,100,101,101,102,103,104,104,105,106,107,108,108,109,110,111,112,113,114,115,116,117,118,119,120,122,123,124,125,127,128,130,131,133,134,136,138,139,141,143,145,147,150,152,154,157,160,163,166,169,173,177,181,186,191,197,204,213,222
Heavy-Tailed,1.2,18,8,784,0,1.0,3.002589449803951,151.50844930658437,2.841823728897877,0.3330458648168811,2.3818663953167762,1,1,1,1,1,1,1,1,1,1,1,1,1,1,1,1,1,1,1,1,1,1,1,1,1,1,1,1,1,2,2,2,2,2,2,2,2,2,2,2,2,2,2,3,3,3,3,3,3,3,3,3,3,4,4,4,4,4,4,4,5,5,5,5,6,6,6,7,7,7,8,9,9,10,11,12,13,15,16,17,19,19,19,20,20,20,21,21,22,22,22,23,23,24,24,25,25,25,26,26,27,27,28,28,29,29,30,31,31,32,32,33,34,35,35,36,37,38,38,39,40,41,42,43,44,45,46,48,49,50,51,53,54,56,57,59,61,63,65,67,70,72,75,79,82,86,86,87,87,88,88,89,89,90,90,90,91,91,92,92,93,93,94,94,95,95,96,96,97,98,98,99,99,100,100,101,102,102,103,104,104,105,106,107,107,108,109,110,110,111,112,113,114,114,115,116,117,118,119,120,121,122,123,124,126,127,128,129,130,132,133,134,136,137,138,140,142,143,145,147,149,151,153,155,157,160,162,165,168,171,174,178,181,185,190,195,201,207,214,223,233
Heavy-Tailed,1.2,19,8,784,0,1.0,2.431936816602119,149.08168754639127,2.6728173734076197,0.4111948933760505,2.371312617512301,1,1,1,1,1,1,1,1,1,1,1,1,1,1,1,1,1,1,1,1,1,1,1,1,1,1,1,1,1,1,1,1,1,1,1,1,1,2,2,2,2,2,2,2,2,2,2,3,3,3,3,3,3,3,3,3,4,4,4,4,4,4,5,5,5,5,5,6,6,7,7,8,8,9,10,10,11,12,14,15,16,17,17,17,18,18,18,19,19,19,20,20,21,21,21,22,22,23,23,24,24,25,25,26,26,27,27,28,29,29,30,30,31,32,33,33,34,35,36,37,38,39,39,40,41,43,44,45,46,47,49,50,51,53,55,56,58,60,62,64,67,69,72,75,79,83,83,84,84,84,85,85,86,86,87,87,88,88,89,89,90,90,91,91,92,92,93,93,94,94,95,96,96,97,97,98,99,99,100,101,101,102,103,104,104,105,106,106,107,108,109,110,111,111,112,113,114,115,116,117,118,119,120,121,123,124,125,126,127,129,130,131,133,134,136,137,139,140,142,144,146,148,150,152,154,157,159,162,165,168,171,174,178,182,187,192,197,203,211,219,229
Heavy-Tailed,1.2,20,8,784,0,1.0,2.3457291608002118,147.12894937183168,2.545257806454643,0.42630667543002465,2.3837354007976352,1,1,1,1,1,1,1,1,1,1,1,1,1,1,1,1,1,1,1,1,1,1,1,1,1,1,1,1,1,1,1,1,1,1,1,1,1,1,2,2,2,2,2,2,2,2,2,2,2,2,2,3,3,3,3,3,3,3,3,3,4,4,4,4,4,4,4,5,5,5,6,6,7,7,8,9,9,10,12,13,14,14,15,15,15,16,16,16,17,17,18,18,18,19,19,20,20,20,21,21,22,22,23,23,24,24,25,25,26,27,27,28,29,29,30,31,32,32,33,34,35,36,37,38,39,40,42,43,44,45,47,48,50,51,53,55,57,59,61,63,66,69,72,75,78,82,83,83,83,84,84,85,85,86,86,87,87,88,88,88,89,89,90,90,91,91,92,93,93,94,94,95,95,96,97,97,98,99,99,100,100,101,102,103,103,104,105,105,106,107,108,109,109,110,111,112,113,114,115,116,117,118,119,120,121,122,123,124,126,127,128,130,131,132,134,135,137,139,140,142,144,146,148,150,153,155,158,160,163,166,169,173,177,181,185,190,196,202,209,217,227
Heavy-Tailed,1.2,0,classifier,784,0,1.0,3.2217018795868975,156.03279460258946,3.31191690176691,0.31039495191536,2.497196993049715,1,1,1,1,1,1,1,1,1,1,1,1,1,1,1,1,1,1,1,1,1,1,1,1,1,1,1,2,2,2,2,2,2,3,3,3,3,3,4,4,4,4,5,5,5,5,6,6,6,6,7,7,8,8,8,9,9,10,10,11,11,11,12,13,13,14,15,15,16,17,18,19,19,20,21,23,24,25,26,28,29,30,30,30,31,31,31,32,32,33,33,33,34,34,35,35,35,36,36,37,37,38,38,39,39,40,41,41,42,42,43,43,44,45,45,46,47,48,48,49,50,51,52,53,54,55,56,57,58,59,60,61,63,64,66,67,69,71,73,75,77,80,82,85,89,92,93,93,94,94,94,95,95,96,96,97,97,97,98,98,99,99,100,100,101,101,102,102,103,103,104,104,105,105,106,107,107,108,108,109,109,110,111,111,112,113,113,114,115,115,116,117,118,118,119,120,121,122,123,124,125,126,126,127,129,130,131,132,133,134,135,137,138,139,141,142,144,145,147,149,150,152,154,156,158,161,163,166,168,171,174,177,181,185,189,193,199,204,211,219,229
Heavy-Tailed,1.2,1,classifier,784,0,1.0,3.4617275977907815,144.86233080381163,2.938801495145479,0.28887310504679337,2.3970856048092,1,1,1,1,1,1,1,1,1,1,1,1,1,1,1,1,1,1,1,1,1,1,1,1,2,2,2,2,2,2,2,2,2,2,2,2,2,3,3,3,3,3,3,3,3,3,3,3,4,4,4,4,4,4,4,4,5,5,5,5,5,6,6,6,6,7,7,7,8,8,8,9,10,10,11,12,13,14,15,17,18,18,19,19,19,20,20,20,21,21,21,22,22,23,23,23,24,24,25,25,26,26,27,27,28,28,29,29,30,30,31,32,32,33,34,34,35,36,37,37,38,39,40,41,42,43,44,45,47,48,49,50,52,53,55,57,58,60,62,64,67,69,72,75,78,82,82,83,83,84,84,84,85,85,86,86,87,87,87,88,88,89,89,90,90,91,91,92,92,93,94,94,95,95,96,96,97,98,98,99,100,100,101,102,102,103,104,105,105,106,107,108,108,109,110,111,112,113,114,115,116,117,118,119,120,121,122,123,124,125,127,128,129,131,132,134,135,137,138,140,142,144,146,148,150,153,155,158,161,164,167,170,174,178,183,187,193,199,206,214,224
Heavy-Tailed,1.2,2,classifier,784,0,1.0,3.286060591148968,146.72387506249078,2.9508054235609578,0.3043157520264564,2.4099170852627516,1,1,1,1,1,1,1,1,1,1,1,1,1,1,1,1,1,1,1,1,1,1,1,1,1,1,2,2,2,2,2,2,2,2,2,2,2,3,3,3,3,3,3,3,3,3,3,3,4,4,4,4,4,4,4,5,5,5,5,5,5,6,6,6,7,7,7,7,8,8,9,9,10,11,12,13,14,15,16,17,19,19,20,20,20,21,21,21,22,22,23,23,23,24,24,25,25,26,26,26,27,27,28,28,29,29,30,31,31,32,32,33,34,34,35,36,37,38,38,39,40,41,42,43,44,45,46,47,48,49,51,52,54,55,57,58,60,62,64,66,69,71,74,77,81,84,85,85,85,86,86,87,87,88,88,88,89,89,90,90,91,91,92,92,93,93,94,94,95,95,96,96,97,97,98,98,99,100,100,101,101,102,103,103,104,105,105,106,107,108,108,109,110,111,112,112,113,114,115,116,117,118,119,120,121,122,123,124,125,127,128,129,131,132,133,135,137,138,140,142,143,145,147,150,152,154,157,159,162,165,168,171,175,179,183,188,194,200,207,215,225
Heavy-Tailed,1.2,3,classifier,784,0,1.0,3.3684963585673877,146.78936431859208,2.9711407828728675,0.29686836307737535,2.413784361265727,1,1,1,1,1,1,1,1,1,1,1,1,1,1,1,1,1,1,1,1,1,1,1,1,1,2,2,2,2,2,2,2,2,2,2,2,3,3,3,3,3,3,3,3,3,3,4,4,4,4,4,4,4,4,4,5,5,5,5,5,5,6,6,6,6,7,7,7,8,9,9,10,10,11,12,13,14,15,17,18,20,20,20,21,21,21,22,22,22,23,23,24,24,24,25,25,26,26,27,27,28,28,29,29,30,30,31,32,32,33,34,34,35,36,36,37,38,39,39,40,41,42,43,44,45,46,47,48,49,50,51,53,54,56,57,59,61,62,64,66,69,71,74,77,80,84,84,84,85,85,86,86,86,87,87,88,88,89,89,89,90,90,91,91,92,92,93,93,94,94,95,95,96,97,97,98,98,99,99,100,101,101,102,103,103,104,105,105,106,107,108,108,109,110,111,112,113,113,114,115,116,117,118,119,120,121,122,124,125,126,127,129,130,131,133,134,136,138,139,141,143,145,147,149,151,154,156,159,162,165,168,171,175,179,183,188,194,200,207,215,225
Heavy-Tailed,1.2,4,classifier,784,0,1.0,2.9339125920808007,144.71750761397467,2.847711946184349,0.3408417833234685,2.413768174702783,1,1,1,1,1,1,1,1,1,1,1,1,1,1,1,1,1,1,1,1,1,1,1,1,1,1,1,1,1,1,2,2,2,2,2,2,2,2,2,2,3,3,3,3,3,3,3,3,3,4,4,4,4,4,4,4,4,5,5,5,5,5,5,6,6,6,6,7,7,8,8,8,9,10,11,11,12,13,14,16,17,18,18,18,19,19,19,20,20,20,21,21,22,22,22,23,23,24,24,25,25,26,26,27,27,28,28,29,30,30,31,31,32,33,33,34,35,36,37,37,38,39,40,41,42,43,44,45,46,48,49,50,52,53,55,56,58,60,62,64,67,69,72,75,78,82,82,83,83,84,84,84,85,85,86,86,87,87,87,88,88,89,89,90,90,91,91,92,92,93,93,94,94,95,95,96,97,97,98,98,99,100,100,101,102,102,103,104,104,105,106,107,107,108,109,110,111,112,113,114,115,116,117,118,119,120,121,122,123,124,126,127,128,130,131,133,134,136,138,140,142,144,146,148,150,152,155,158,160,163,167,170,174,178,182,187,192,198,205,213,223
Heavy-Tailed,1.2,5,classifier,784,0,1.0,2.9866602447100132,144.6971470677877,2.8457971242430546,0.33482214850892555,2.403832461506244,1,1,1,1,1,1,1,1,1,1,1,1,1,1,1,1,1,1,1,1,1,1,1,1,1,1,1,1,1,2,2,2,2,2,2,2,2,2,2,2,2,3,3,3,3,3,3,3,3,3,3,4,4,4,4,4,4,4,5,5,5,5,5,6,6,6,6,7,7,7,8,9,9,10,11,12,13,14,15,16,18,18,18,19,19,19,20,20,20,21,21,21,22,22,22,23,23,24,24,25,25,26,26,27,27,28,28,29,29,30,31,31,32,33,33,34,35,36,36,37,38,39,40,41,42,43,44,45,46,47,49,50,51,53,54,56,58,60,62,64,66,68,71,74,77,81,82,82,82,83,83,84,84,85,85,85,86,86,87,87,88,88,89,89,90,90,91,91,92,92,93,93,94,95,95,96,96,97,98,98,99,100,100,101,102,102,103,104,104,105,106,107,108,108,109,110,111,112,113,114,115,116,117,118,119,120,121,122,123,125,126,127,129,130,131,133,134,136,138,139,141,143,145,147,149,152,154,157,160,163,166,169,173,177,181,186,192,198,205,213,223
Heavy-Tailed,1.2,6,classifier,784,0,1.0,3.0625626718851597,146.06521072122752,2.882663927288828,0.3265239301648153,2.397870512808836,1,1,1,1,1,1,1,1,1,1,1,1,1,1,1,1,1,1,1,1,1,1,1,1,1,1,1,1,2,2,2,2,2,2,2,2,2,2,2,2,3,3,3,3,3,3,3,3,3,3,4,4,4,4,4,4,4,4,5,5,5,5,6,6,6,6,7,7,7,8,8,9,10,10,11,12,13,14,16,17,18,19,19,19,20,20,20,21,21,22,22,22,23,23,23,24,24,25,25,26,26,27,27,28,28,29,29,30,30,31,32,32,33,34,34,35,36,36,37,38,39,40,41,41,42,43,45,46,47,48,49,51,52,53,55,57,58,60,62,65,67,70,72,75,79,82,83,83,84,84,84,85,85,86,86,87,87,88,88,88,89,89,90,90,91,91,92,92,93,93,94,95,95,96,96,97,97,98,99,99,100,101,101,102,103,103,104,105,105,106,107,108,109,109,110,111,112,113,114,115,116,117,118,119,120,121,122,123,125,126,127,129,130,131,133,134,136,138,139,141,143,145,147,149,151,153,156,159,161,164,167,171,174,178,183,188,193,199,206,214,224
Heavy-Tailed,1.2,7,classifier,784,0,1.0,3.2261724520537856,142.98296432437084,2.8436391159702454,0.3099648313478713,2.406600758469803,1,1,1,1,1,1,1,1,1,1,1,1,1,1,1,1,1,1,1,1,1,1,1,1,1,1,2,2,2,2,2,2,2,2,2,2,2,2,2,3,3,3,3,3,3,3,3,3,3,3,3,4,4,4,4,4,4,4,4,4,5,5,5,5,5,6,6,6,7,7,7,8,9,9,10,11,12,13,14,16,17,18,18,18,19,19,19,20,20,20,21,21,22,22,22,23,23,24,24,25,25,26,26,27,27,28,28,29,29,30,31,31,32,33,33,34,35,35,36,37,38,39,40,41,41,42,43,44,46,47,48,49,51,52,54,55,57,59,61,63,65,67,70,73,76,80,80,80,81,81,82,82,82,83,83,84,84,84,85,85,86,86,87,87,88,88,89,89,90,90,91,91,92,92,93,93,94,95,95,96,96,97,98,98,99,100,100,101,102,103,103,104,105,106,107,108,108,109,110,111,112,113,114,115,116,117,118,120,121,122,123,125,126,127,129,130,132,134,135,137,139,141,143,145,147,150,152,155,158,161,164,167,171,175,179,184,190,196,203,211,221
Heavy-Tailed,1.2,8,classifier,784,0,1.0,2.8752192766164955,144.58849605925332,2.7695881463536294,0.3477995602397259,2.4128131834921844,1,1,1,1,1,1,1,1,1,1,1,1,1,1,1,1,1,1,1,1,1,1,1,1,1,1,1,1,1,1,2,2,2,2,2,2,2,2,2,2,2,2,2,3,3,3,3,3,3,3,3,3,3,4,4,4,4,4,4,4,4,5,5,5,5,5,6,6,6,7,7,8,8,9,10,11,12,13,14,15,17,17,17,18,18,18,19,19,20,20,20,21,21,21,22,22,23,23,24,24,25,25,26,26,27,27,28,28,29,29,30,31,31,32,33,33,34,35,36,37,37,38,39,40,41,42,43,44,46,47,48,49,51,52,54,56,58,60,62,64,66,69,71,74,78,81,82,82,82,83,83,84,84,84,85,85,86,86,87,87,88,88,89,89,89,90,90,91,92,92,93,93,94,94,95,95,96,97,97,98,98,99,100,100,101,102,102,103,104,105,105,106,107,108,109,110,110,111,112,113,114,115,116,117,118,119,121,122,123,124,126,127,128,130,131,133,134,136,138,139,141,143,145,147,150,152,154,157,160,163,166,169,173,177,181,186,192,198,205,213,222
Heavy-Tailed,1.2,9,classifier,784,0,1.0,2.4812387971788104,140.43507405847558,2.650585886317109,0.4030244896770954,2.415537635322105,1,1,1,1,1,1,1,1,1,1,1,1,1,1,1,1,1,1,1,1,1,1,1,1,1,1,1,1,1,1,1,1,1,1,1,1,2,2,2,2,2,2,2,2,2,2,2,3,3,3,3,3,3,3,3,3,4,4,4,4,4,4,4,5,5,5,5,6,6,6,7,7,8,8,9,10,11,12,13,14,15,16,16,16,17,17,17,18,18,18,19,19,19,20,20,21,21,21,22,22,23,23,24,24,24,25,25,26,27,27,28,28,29,30,30,31,32,32,33,34,35,36,36,37,38,39,40,41,42,44,45,46,47,49,50,52,54,56,58,60,62,64,67,70,73,77,77,78,78,78,79,79,80,80,81,81,82,82,82,83,83,84,84,85,85,86,86,87,87,88,88,89,90,90,91,91,92,93,93,94,94,95,96,96,97,98,98,99,100,101,101,102,103,104,105,105,106,107,108,109,110,111,112,113,114,115,116,117,118,120,121,122,123,125,126,128,129,131,132,134,136,138,140,142,144,147,149,152,155,158,161,164,168,172,176,181,186,192,199,207,217
Heavy-Tailed,1.2,10,classifier,784,0,1.0,2.723924548901462,141.3974949084023,2.7319131929007283,0.36711736395315814,2.402837957945994,1,1,1,1,1,1,1,1,1,1,1,1,1,1,1,1,1,1,1,1,1,1,1,1,1,1,1,1,1,1,1,1,2,2,2,2,2,2,2,2,2,2,2,2,3,3,3,3,3,3,3,3,3,3,4,4,4,4,4,4,4,5,5,5,5,5,6,6,6,7,7,8,8,9,9,10,11,12,13,15,16,16,17,17,17,18,18,18,19,19,19,20,20,20,21,21,21,22,22,23,23,23,24,24,25,25,26,26,27,28,28,29,29,30,31,31,32,33,33,34,35,36,37,38,39,40,41,42,43,45,46,47,49,50,52,53,55,57,59,61,63,66,68,71,75,78,79,79,79,80,80,81,81,81,82,82,83,83,84,84,85,85,85,86,86,87,87,88,88,89,90,90,91,91,92,92,93,93,94,95,95,96,97,97,98,99,99,100,101,101,102,103,104,105,105,106,107,108,109,110,111,112,113,114,115,116,117,118,119,120,122,123,124,126,127,128,130,132,133,135,137,139,141,143,145,148,150,153,155,158,162,165,169,173,177,182,188,194,201,209,219
Heavy-Tailed,1.2,11,classifier,784,0,1.0,2.684216829284334,138.61741435079324,2.685150154650119,0.3725481448034212,2.398497846423898,1,1,1,1,1,1,1,1,1,1,1,1,1,1,1,1,1,1,1,1,1,1,1,1,1,1,1,1,1,1,1,1,1,2,2,2,2,2,2,2,2,2,2,2,2,2,3,3,3,3,3,3,3,3,3,4,4,4,4,4,4,4,4,5,5,5,5,6,6,6,7,7,8,8,9,10,11,12,13,14,15,15,16,16,16,16,17,17,17,18,18,19,19,19,20,20,20,21,21,22,22,23,23,23,24,24,25,25,26,26,27,27,28,29,29,30,31,31,32,33,34,34,35,36,37,38,39,40,41,42,44,45,46,48,49,51,52,54,56,58,61,63,66,69,72,76,76,76,77,77,77,78,78,79,79,80,80,81,81,81,82,82,83,83,84,84,85,85,86,86,87,87,88,88,89,90,90,91,91,92,93,93,94,95,95,96,97,97,98,99,100,100,101,102,103,104,104,105,106,107,108,109,110,111,112,113,114,115,116,118,119,120,121,123,124,126,127,129,130,132,134,136,138,140,142,144,147,149,152,155,158,162,165,169,174,178,184,190,197,205,215
Heavy-Tailed,1.2,12,classifier,784,0,1.0,2.5065961840230178,142.19256381739822,2.6038592023428206,0.398947387845707,2.4100651629031233,1,1,1,1,1,1,1,1,1,1,1,1,1,1,1,1,1,1,1,1,1,1,1,1,1,1,1,1,1,1,1,1,1,1,1,2,2,2,2,2,2,2,2,2,2,2,2,2,3,3,3,3,3,3,3,3,4,4,4,4,4,4,4,4,4,5,5,5,5,6,6,6,7,7,8,8,9,10,12,13,14,14,15,15,15,16,16,16,17,17,17,18,18,18,19,19,20,20,21,21,22,22,22,23,24,24,25,25,26,27,27,28,29,29,30,31,32,32,33,34,35,36,37,38,39,40,41,42,43,45,46,47,49,50,52,54,56,58,60,62,64,67,69,72,76,79,80,80,80,81,81,82,82,82,83,83,84,84,85,85,86,86,86,87,87,88,88,89,89,90,90,91,92,92,93,93,94,94,95,96,96,97,98,98,99,100,100,101,102,103,103,104,105,106,107,107,108,109,110,111,112,113,114,115,116,117,118,119,120,122,123,124,126,127,128,130,131,133,135,136,138,140,142,144,146,148,151,153,156,159,162,166,169,173,178,182,188,194,201,209,219
Heavy-Tailed,1.2,13,classifier,784,0,1.0,2.627632029524507,145.89059385941047,2.683018803897493,0.3805707910254689,2.39888888309188,1,1,1,1,1,1,1,1,1,1,1,1,1,1,1,1,1,1,1,1,1,1,1,1,1,1,1,1,1,1,1,1,1,1,2,2,2,2,2,2,2,2,2,2,2,2,3,3,3,3,3,3,3,3,3,3,4,4,4,4,4,4,4,5,5,5,5,5,6,6,6,7,8,8,9,10,11,12,13,14,16,16,17,17,17,18,18,18,19,19,20,20,20,21,21,22,22,23,23,24,24,25,25,26,26,27,27,28,29,29,30,30,31,32,33,33,34,35,36,36,37,38,39,40,41,42,44,45,46,47,49,50,52,53,55,57,58,60,62,65,67,69,72,75,78,82,83,83,83,84,84,85,85,85,86,86,87,87,88,88,89,89,89,90,90,91,91,92,92,93,94,94,95,95,96,96,97,98,98,99,99,100,101,101,102,103,103,104,105,105,106,107,108,109,109,110,111,112,113,114,115,116,117,118,119,120,121,122,124,125,126,127,129,130,132,133,135,136,138,140,142,144,146,148,150,152,155,157,160,163,166,170,173,177,181,186,192,198,205,213,223
Heavy-Tailed,1.2,14,classifier,784,0,1.0,2.6000892053134765,143.0291257675449,2.679161957974811,0.3846021890158327,2.3909914669939303,1,1,1,1,1,1,1,1,1,1,1,1,1,1,1,1,1,1,1,1,1,1,1,1,1,1,1,1,1,1,1,1,1,1,2,2,2,2,2,2,2,2,2,2,2,2,3,3,3,3,3,3,3,3,3,4,4,4,4,4,4,4,5,5,5,5,5,6,6,6,7,7,8,8,9,10,11,12,13,14,16,16,16,16,17,17,17,18,18,18,19,19,20,20,20,21,21,22,22,23,23,23,24,25,25,26,26,27,27,28,28,29,30,30,31,32,33,33,34,35,36,37,38,39,40,41,42,43,44,45,46,47,49,50,52,53,55,57,59,61,63,66,69,71,75,78,79,79,80,80,80,81,81,82,82,83,83,83,84,84,85,85,86,86,87,87,88,88,89,89,90,90,91,92,92,93,93,94,95,95,96,97,97,98,99,99,100,101,101,102,103,104,105,105,106,107,108,109,110,111,112,113,114,115,116,117,118,119,120,122,123,124,126,127,129,130,132,133,135,137,139,141,143,145,147,149,152,155,157,160,164,167,171,175,179,184,190,196,203,211,221
Heavy-Tailed,1.2,15,classifier,784,0,1.0,2.413052725116351,142.21733077334267,2.5812653094388733,0.41441282637194876,2.397159910775985,1,1,1,1,1,1,1,1,1,1,1,1,1,1,1,1,1,1,1,1,1,1,1,1,1,1,1,1,1,1,1,1,1,1,1,1,1,2,2,2,2,2,2,2,2,2,2,2,2,3,3,3,3,3,3,3,3,3,4,4,4,4,4,4,4,5,5,5,5,6,6,6,7,7,8,9,10,11,12,13,14,15,15,15,16,16,16,17,17,17,18,18,18,19,19,20,20,21,21,21,22,22,23,23,24,25,25,26,26,27,27,28,29,29,30,31,31,32,33,34,35,36,37,37,38,40,41,42,43,44,45,47,48,50,51,53,55,56,59,61,63,66,68,71,75,78,79,79,79,80,80,81,81,81,82,82,83,83,84,84,85,85,86,86,87,87,88,88,89,89,90,90,91,91,92,92,93,94,94,95,95,96,97,97,98,99,99,100,101,102,102,103,104,105,106,106,107,108,109,110,111,112,113,114,115,116,117,118,119,121,122,123,125,126,127,129,131,132,134,136,137,139,141,143,146,148,151,153,156,159,162,166,169,173,178,183,188,194,201,209,219
Heavy-Tailed,1.2,16,classifier,784,0,1.0,2.498831595482504,141.90543847087497,2.600845012777671,0.40018703213447565,2.385679913502537,1,1,1,1,1,1,1,1,1,1,1,1,1,1,1,1,1,1,1,1,1,1,1,1,1,1,1,1,1,1,1,1,1,1,1,1,2,2,2,2,2,2,2,2,2,2,2,3,3,3,3,3,3,3,3,3,3,4,4,4,4,4,4,4,4,5,5,5,5,5,6,6,7,7,8,9,10,11,12,13,14,15,15,15,15,16,16,16,17,17,17,18,18,19,19,19,20,20,21,21,22,22,22,23,23,24,24,25,26,26,27,27,28,29,29,30,31,32,32,33,34,35,36,37,38,39,40,41,42,43,45,46,48,49,51,52,54,56,58,60,63,65,68,71,75,78,79,79,80,80,80,81,81,82,82,82,83,83,84,84,85,85,86,86,87,87,88,88,89,89,90,90,91,91,92,92,93,94,94,95,95,96,97,97,98,99,99,100,101,102,102,103,104,105,106,106,107,108,109,110,111,112,113,114,115,116,117,118,120,121,122,123,125,126,127,129,130,132,134,135,137,139,141,143,145,148,150,153,155,158,162,165,169,173,177,182,187,194,201,209,219
Heavy-Tailed,1.2,17,classifier,784,0,1.0,2.4250823042383414,142.27475003248165,2.53873363652587,0.41235713866382584,2.3697450437204064,1,1,1,1,1,1,1,1,1,1,1,1,1,1,1,1,1,1,1,1,1,1,1,1,1,1,1,1,1,1,1,1,1,1,1,1,1,2,2,2,2,2,2,2,2,2,2,2,2,2,2,3,3,3,3,3,3,3,3,3,4,4,4,4,4,4,4,5,5,5,5,6,6,7,7,8,9,10,11,12,14,14,14,15,15,15,15,16,16,17,17,17,18,18,18,19,19,20,20,21,21,21,22,22,23,23,24,25,25,26,26,27,28,28,29,30,31,31,32,33,34,35,35,36,37,38,39,40,42,43,44,45,47,48,50,51,53,55,57,59,62,64,67,70,74,77,78,78,79,79,79,80,80,81,81,82,82,82,83,83,84,84,85,85,86,86,87,87,88,88,89,89,90,90,91,92,92,93,93,94,95,95,96,97,97,98,99,99,100,101,102,102,103,104,105,106,107,107,108,109,110,111,112,113,114,115,117,118,119,120,121,123,124,125,127,128,130,132,134,135,137,139,141,143,146,148,151,153,156,159,163,166,170,174,179,184,189,195,203,211,221
Heavy-Tailed,1.2,18,classifier,784,0,1.0,3.076778506843307,149.95993191227726,2.8141298089415843,0.3250152709321847,2.3653829333309293,1,1,1,1,1,1,1,1,1,1,1,1,1,1,1,1,1,1,1,1,1,1,1,1,1,1,1,1,2,2,2,2,2,2,2,2,2,2,2,2,2,2,3,3,3,3,3,3,3,3,3,3,3,3,4,4,4,4,4,4,4,5,5,5,5,5,6,6,6,7,7,8,9,9,10,11,12,14,15,16,18,18,19,19,19,20,20,20,21,21,22,22,22,23,23,24,24,25,25,26,26,27,27,28,28,29,29,30,31,31,32,32,33,34,34,35,36,37,38,39,39,40,41,42,43,44,46,47,48,49,51,52,54,55,57,59,61,63,65,67,69,72,75,78,81,85,86,86,86,87,87,88,88,89,89,89,90,90,91,91,92,92,93,93,94,94,95,95,96,96,97,98,98,99,99,100,101,101,102,102,103,104,104,105,106,106,107,108,109,109,110,111,112,113,113,114,115,116,117,118,119,120,121,122,123,124,125,126,128,129,130,131,133,134,136,137,139,140,142,144,146,148,150,152,154,156,159,162,165,168,171,174,178,182,187,192,198,204,211,220,230
Heavy-Tailed,1.2,19,classifier,784,0,1.0,2.5237112666554604,147.7400970112927,2.6788612011749544,0.3962418416133818,2.3533775704669178,1,1,1,1,1,1,1,1,1,1,1,1,1,1,1,1,1,1,1,1,1,1,1,1,1,1,1,1,1,1,1,1,1,1,1,2,2,2,2,2,2,2,2,2,2,2,2,3,3,3,3,3,3,3,3,3,4,4,4,4,4,4,4,5,5,5,5,6,6,6,7,7,8,9,9,10,11,12,13,14,16,16,16,17,17,17,18,18,19,19,19,20,20,20,21,21,22,22,23,23,23,24,24,25,25,26,27,27,28,28,29,30,30,31,32,33,33,34,35,36,37,37,38,39,40,41,43,44,45,46,47,49,50,52,53,55,57,59,61,64,66,69,72,75,78,82,83,83,83,84,84,85,85,86,86,87,87,87,88,88,89,89,90,90,91,91,92,92,93,94,94,95,95,96,96,97,98,98,99,100,100,101,102,102,103,104,104,105,106,107,107,108,109,110,111,112,113,113,114,115,116,117,118,119,121,122,123,124,125,126,128,129,130,132,133,135,136,138,140,142,144,145,148,150,152,154,157,160,163,166,169,173,176,180,185,190,195,202,209,218,228
Heavy-Tailed,1.2,20,classifier,784,0,1.0,2.3936789406249255,145.25983167829875,2.5389351632121966,0.41776697076130304,2.371430079470619,1,1,1,1,1,1,1,1,1,1,1,1,1,1,1,1,1,1,1,1,1,1,1,1,1,1,1,1,1,1,1,1,1,1,1,1,1,2,2,2,2,2,2,2,2,2,2,2,2,2,3,3,3,3,3,3,3,3,3,3,4,4,4,4,4,4,4,5,5,5,5,6,6,7,7,8,9,10,11,12,14,14,14,15,15,15,16,16,16,17,17,17,18,18,18,19,19,20,20,21,21,22,22,23,23,24,24,25,25,26,27,27,28,29,29,30,31,32,33,33,34,35,36,37,38,39,41,42,43,44,46,47,49,50,52,54,56,58,60,62,65,68,71,74,77,81,81,82,82,83,83,83,84,84,85,85,86,86,87,87,88,88,89,89,89,90,91,91,92,92,93,93,94,94,95,95,96,97,97,98,99,99,100,101,101,102,103,103,104,105,106,106,107,108,109,110,111,112,112,113,114,115,116,117,119,120,121,122,123,124,126,127,128,130,131,133,134,136,138,139,141,143,145,147,149,152,154,157,160,163,166,169,173,177,182,186,192,198,205,213,223
